season,player_key,player_id,player,team,league,number,hand,qualified,games,innings,outs,batters_faced,pitches,hits_allowed,hr_allowed,so,bb,hbp,runs_allowed,earned_runs,wins,losses,saves,holds_official,holds_est,relief_wins,hp,era,fip,whip,k9,bb9,hr9,k_bb,k_pct,bb_pct,lob_pct_est,win_pct
2026,name:コックス,,コックス,DeNA,セ,,,False,2,9,27,37,131,10,2,7,2,0,3,3,1,0,0,0,0,0,0,3.0,4.81,1.33,7.0,2.0,2.0,3.5,0.189,0.054,0.978,1.0
2026,name:デュプランティエ,,デュプランティエ,DeNA,セ,,,False,2,9,27,40,159,8,0,6,5,0,4,3,0,2,0,0,0,0,0,3.0,3.14,1.44,6.0,5.0,0.0,1.2,0.15,0.125,0.692,0.0
2026,p2101360,2101360,ビド,DeNA,セ,42,右投,False,2,7,21,41,169,11,1,7,9,1,8,8,1,1,0,0,0,0,0,10.29,6.95,2.86,9.0,11.57,1.29,0.78,0.171,0.22,0.663,0.5
2026,p2105891,2105891,マルセリーノ,DeNA,セ,98,右投,False,26,28.1,85,136,554,34,3,30,14,4,16,16,1,1,0,5,5,1,6,5.08,3.97,1.69,9.53,4.45,0.95,2.14,0.221,0.103,0.753,0.5
2026,p1860235,1860235,ルイーズ,DeNA,セ,49,右投,False,43,39.1,118,166,629,35,2,29,13,1,16,14,1,2,0,14,14,1,15,3.2,3.06,1.22,6.64,2.97,0.46,2.23,0.175,0.078,0.714,0.333
2026,p2117433,2117433,レイノルズ,DeNA,セ,62,右投,False,59,60,180,239,1035,32,2,81,22,3,10,9,4,1,17,28,28,4,32,1.35,1.79,0.9,12.15,3.3,0.3,3.68,0.339,0.092,0.867,0.8
2026,p1700067,1700067,中川 虎大,DeNA,セ,64,右投,False,50,46,138,184,759,33,5,56,18,0,14,13,6,6,0,21,21,6,27,2.54,2.96,1.11,10.96,3.52,0.98,3.11,0.304,0.098,0.841,0.5
2026,p2000099,2000099,中川 颯,DeNA,セ,53,右投,False,6,9.1,28,42,150,14,2,4,2,0,4,4,0,0,0,0,0,0,0,3.86,5.38,1.71,3.86,1.93,1.93,2.0,0.095,0.048,0.909,
2026,p1900032,1900032,伊勢 大夢,DeNA,セ,13,右投,False,50,45.2,137,193,794,44,4,43,16,0,16,16,2,4,0,23,23,2,25,3.15,3.12,1.31,8.47,3.15,0.79,2.69,0.223,0.083,0.809,0.333
2026,p1600141,1600141,佐々木 千隼,DeNA,セ,41,右投,False,4,4,12,18,65,2,0,4,2,1,0,0,0,0,0,0,0,0,0,0.0,3.06,1.0,9.0,4.5,0.0,2.0,0.222,0.111,1.0,
2026,p2000034,2000034,入江 大生,DeNA,セ,22,右投,False,7,30,90,144,570,37,6,31,15,1,25,23,0,3,0,0,0,0,0,6.9,4.94,1.73,9.3,4.5,1.8,2.07,0.215,0.104,0.628,0.0
2026,p2105707,2105707,吉野 光樹,DeNA,セ,24,右投,False,27,26,78,106,404,20,2,27,9,1,8,7,1,1,0,4,5,1,6,2.42,2.89,1.12,9.35,3.12,0.69,3.0,0.255,0.085,0.809,0.5
2026,p1900031,1900031,坂本 裕哉,DeNA,セ,20,左投,False,32,30.1,91,140,496,31,5,24,15,1,16,11,0,1,0,4,4,0,4,3.26,4.95,1.52,7.12,4.45,1.48,1.6,0.171,0.107,0.775,0.0
2026,p1600072,1600072,堀岡 隼人,DeNA,セ,92,右投,False,6,8,24,37,144,9,1,7,4,0,7,7,0,0,0,0,0,0,0,7.88,4.19,1.62,7.88,4.5,1.12,1.75,0.189,0.108,0.517,
2026,p1800049,1800049,宮城 滝太,DeNA,セ,65,右投,False,30,28.2,86,119,446,26,3,28,8,1,11,11,0,3,0,5,6,0,6,3.45,3.16,1.19,8.79,2.51,0.94,3.5,0.235,0.067,0.779,0.0
2026,p1400109,1400109,山﨑 康晃,DeNA,セ,19,右投,False,23,20.2,62,92,398,20,3,22,10,2,15,14,0,3,14,2,2,0,2,6.1,4.31,1.45,9.58,4.35,1.31,2.2,0.239,0.109,0.612,0.0
2026,p2000059,2000059,岩田 将貴,DeNA,セ,68,左投,False,25,27,81,114,436,28,0,16,6,1,9,7,2,0,1,4,5,2,7,2.33,2.4,1.26,5.33,2.0,0.0,2.67,0.14,0.053,0.743,1.0
2026,p2101494,2101494,島田 舜也,DeNA,セ,15,右投,False,4,19.2,59,85,294,22,1,16,6,0,11,11,1,1,0,0,0,0,0,5.03,2.76,1.42,7.32,2.75,0.46,2.67,0.188,0.071,0.639,0.5
2026,p1300031,1300031,平良 拳太郎,DeNA,セ,59,右投,False,19,95.1,286,400,1651,91,8,101,18,5,38,36,5,8,0,0,0,0,0,3.4,2.51,1.14,9.53,1.7,0.76,5.61,0.253,0.045,0.739,0.385
2026,p2112149,2112149,庄司 陽斗,DeNA,セ,93,左投,False,1,5,15,20,69,5,1,3,1,0,4,4,0,1,0,0,0,0,0,7.2,4.81,1.2,5.4,1.8,1.8,3.0,0.15,0.05,0.435,0.0
2026,p1700058,1700058,東 克樹,DeNA,セ,11,左投,True,24,155,465,612,2235,128,12,117,25,4,47,40,12,5,0,0,0,0,0,2.32,2.87,0.99,6.79,1.45,0.7,4.68,0.191,0.041,0.785,0.706
2026,p2108557,2108557,松本 凌人,DeNA,セ,38,右投,False,13,11,33,46,197,5,1,14,7,0,4,4,0,0,0,4,4,0,4,3.27,3.36,1.09,11.45,5.73,0.82,2.0,0.304,0.152,0.755,
2026,p1500063,1500063,柴田 竜拓,DeNA,セ,31,左打,False,1,0.1,1,1,6,0,0,0,0,0,0,0,0,0,0,0,0,0,0,0.0,2.81,0.0,0.0,0.0,0.0,,0.0,0.0,,
2026,p2105007,2105007,橋本 達弥,DeNA,セ,35,右投,False,6,6.2,20,30,146,3,0,9,8,0,1,1,1,0,0,0,0,1,1,1.35,3.71,1.65,12.15,10.8,0.0,1.12,0.3,0.267,0.909,1.0
2026,p2104341,2104341,武田 陸玖,DeNA,セ,33,左投,False,1,2,6,13,73,2,0,1,4,0,2,1,0,1,0,0,0,0,0,4.5,7.81,3.0,4.5,18.0,0.0,0.25,0.077,0.308,0.667,0.0
2026,p1600116,1600116,浜地 真澄,DeNA,セ,52,右投,False,29,28.2,86,106,402,17,1,19,5,0,5,3,1,0,0,20,20,1,21,0.94,2.46,0.77,5.97,1.57,0.31,3.8,0.179,0.047,0.825,1.0
2026,p2100109,2100109,深沢 鳳介,DeNA,セ,43,右投,False,10,54.2,164,234,939,55,4,37,18,2,23,18,5,1,0,0,0,0,0,2.96,3.51,1.34,6.09,2.96,0.66,2.06,0.158,0.077,0.749,0.833
2026,p2105232,2105232,片山 皓心,DeNA,セ,47,左投,False,7,37.1,112,162,670,27,2,36,20,2,12,11,3,2,0,0,0,0,0,2.65,3.35,1.26,8.68,4.82,0.48,1.8,0.222,0.123,0.801,0.6
2026,p1400110,1400110,石田 健大,DeNA,セ,14,左投,False,8,10.1,31,41,153,9,2,10,2,0,4,3,0,0,0,1,1,0,1,2.61,3.97,1.06,8.71,1.74,1.74,5.0,0.244,0.049,0.854,
2026,p2112182,2112182,石田 裕太郎,DeNA,セ,54,右投,False,20,120.2,362,492,1918,110,7,117,29,7,41,39,5,8,0,0,0,0,0,2.91,2.52,1.15,8.73,2.16,0.52,4.03,0.238,0.059,0.771,0.385
2026,p1650915,1650915,竹田 祐,DeNA,セ,12,右投,False,8,37,111,159,634,36,5,26,14,2,25,19,3,4,0,0,0,0,0,4.62,4.46,1.35,6.32,3.41,1.22,1.86,0.164,0.088,0.6,0.429
2026,p1850838,1850838,篠木 健太郎,DeNA,セ,30,右投,False,13,71.2,215,308,1213,75,4,57,24,2,37,37,5,2,0,0,0,0,0,4.65,3.03,1.38,7.16,3.01,0.5,2.38,0.185,0.078,0.671,0.714
2026,p2107753,2107753,若松 尚輝,DeNA,セ,39,右投,False,25,37.2,113,159,634,31,2,33,16,1,12,10,0,0,0,2,2,0,2,2.39,3.1,1.25,7.88,3.82,0.48,2.06,0.208,0.101,0.796,
2026,p1200062,1200062,藤浪 晋太郎,DeNA,セ,27,右投,False,3,10,30,57,252,12,0,12,14,1,7,7,0,1,0,0,0,0,0,6.3,4.91,2.6,10.8,12.6,0.0,0.86,0.211,0.246,0.741,0.0
2026,p1700077,1700077,馬場 皐輔,DeNA,セ,96,右投,False,9,9.2,29,39,142,9,0,10,4,0,4,4,3,1,0,1,1,3,4,3.72,1.98,1.34,9.31,3.72,0.0,2.5,0.256,0.103,0.692,0.75
2026,p2108177,2108177,エスピノーザ,オリックス,パ,00,右投,True,22,141.1,424,558,2132,113,11,129,33,1,45,44,13,5,0,0,0,0,0,2.8,2.69,1.03,8.21,2.1,0.7,3.91,0.231,0.059,0.775,0.722
2026,p2108148,2108148,ジェリー,オリックス,パ,69,右投,False,21,112,336,480,1806,117,5,90,29,10,47,42,3,10,0,0,0,0,0,3.38,2.8,1.3,7.23,2.33,0.4,3.1,0.188,0.06,0.732,0.231
2026,p1660014,1660014,ペルドモ,オリックス,パ,59,右投,False,10,14.2,44,75,273,23,2,11,8,1,15,15,1,3,0,3,3,1,4,9.2,4.89,2.11,6.75,4.91,1.23,1.38,0.147,0.107,0.582,0.25
2026,p1961416,1961416,マチャド,オリックス,パ,42,右投,False,51,52.1,157,200,716,37,5,47,7,1,7,7,3,1,35,7,7,3,10,1.2,2.68,0.84,8.08,1.2,0.86,6.71,0.235,0.035,1.0,0.75
2026,p1300058,1300058,九里 亜蓮,オリックス,パ,22,右投,True,26,157.2,473,663,2716,134,13,143,62,11,65,56,9,11,0,0,0,0,0,3.2,3.43,1.24,8.16,3.54,0.74,2.31,0.216,0.094,0.752,0.45
2026,p1900092,1900092,佐藤 一磨,オリックス,パ,93,左投,False,7,9,27,49,209,13,5,5,9,0,10,9,0,1,0,0,0,0,0,9.0,11.89,2.44,5.0,9.0,5.0,0.56,0.102,0.184,0.8,0.0
2026,p2107693,2107693,入山 海斗,オリックス,パ,68,右投,False,38,34,102,139,560,18,3,21,13,5,10,10,1,0,0,4,4,1,5,2.65,4.28,0.91,5.56,3.44,0.79,1.62,0.151,0.094,0.818,1.0
2026,p1700101,1700101,博志,オリックス,パ,66,右投,False,21,35,105,136,512,27,2,21,14,1,12,9,3,0,0,0,1,3,4,2.31,3.61,1.17,5.4,3.6,0.51,1.5,0.154,0.103,0.765,1.0
2026,p2103710,2103710,古田島 成龍,オリックス,パ,35,右投,False,10,9,27,42,185,13,2,7,4,1,6,6,0,0,0,3,3,0,3,6.0,5.78,1.89,7.0,4.0,2.0,1.75,0.167,0.095,0.789,
2026,p1800090,1800090,吉田 輝星,オリックス,パ,23,右投,False,26,21.1,64,91,353,22,3,21,7,1,10,10,2,2,0,8,8,2,10,4.22,3.76,1.36,8.86,2.95,1.27,3.0,0.231,0.077,0.775,0.5
2026,p2108361,2108361,宮國 凌空,オリックス,パ,65,右投,False,8,13,39,63,221,22,0,8,5,0,13,13,0,1,0,0,0,0,0,9.0,2.7,2.08,5.54,3.46,0.0,1.6,0.127,0.079,0.519,0.0
2026,p1900087,1900087,宮城 大弥,オリックス,パ,18,左投,False,3,13.1,40,63,237,20,1,17,3,0,12,6,1,1,0,0,0,0,0,4.05,1.88,1.72,11.47,2.02,0.67,5.67,0.27,0.048,0.509,0.5
2026,p1800101,1800101,富山 凌雅,オリックス,パ,28,左投,False,17,15.1,46,69,239,17,0,11,5,0,6,6,0,1,0,2,2,0,2,3.52,2.32,1.43,6.46,2.93,0.0,2.2,0.159,0.072,0.727,0.0
2026,p1851026,1851026,寺西 成騎,オリックス,パ,13,右投,False,27,54,162,240,925,59,3,45,18,2,29,25,4,3,0,9,9,2,11,4.17,2.95,1.43,7.5,3.0,0.5,2.5,0.188,0.075,0.668,0.571
2026,p2117673,2117673,山口 廉王,オリックス,パ,47,右投,False,3,11.2,35,60,243,15,4,8,13,0,9,9,0,0,0,0,0,0,0,6.94,9.21,2.4,6.17,10.03,3.09,0.62,0.133,0.217,0.848,
2026,p1600150,1600150,山岡 泰輔,オリックス,パ,19,右投,False,19,17.1,52,78,329,18,1,21,5,0,12,10,0,1,1,0,0,0,0,5.19,1.97,1.33,10.9,2.6,0.52,4.2,0.269,0.064,0.509,0.0
2026,p1000011,1000011,山田 修義,オリックス,パ,57,左投,False,14,8,24,37,159,6,0,9,8,0,1,1,0,0,0,2,2,0,2,1.12,3.53,1.75,10.12,9.0,0.0,1.12,0.243,0.216,0.929,
2026,p1600155,1600155,山﨑 颯一郎,オリックス,パ,21,右投,False,52,53,159,210,858,36,4,56,15,1,17,13,4,4,0,25,26,4,30,2.21,2.55,0.96,9.51,2.55,0.68,3.73,0.267,0.071,0.754,0.5
2026,p800080,800080,岩嵜 翔,オリックス,パ,40,右投,False,22,20.1,61,94,381,20,3,13,14,1,16,16,0,3,0,2,2,0,2,7.08,5.63,1.67,5.75,6.2,1.33,0.93,0.138,0.149,0.617,0.0
2026,p2000102,2000102,川瀬 堅斗,オリックス,パ,94,右投,False,12,14,42,68,272,19,3,8,9,0,10,10,0,0,0,2,2,0,2,6.43,6.35,2.0,5.14,5.79,1.93,0.89,0.118,0.132,0.756,
2026,p600066,600066,平野 佳寿,オリックス,パ,16,右投,False,3,2.1,7,10,33,3,1,2,0,0,1,1,0,0,0,1,1,0,1,3.86,6.64,1.29,7.71,0.0,3.86,,0.2,0.0,1.0,
2026,p2107872,2107872,才木 海翔,オリックス,パ,95,右投,False,13,9.2,29,39,155,7,1,5,6,0,4,4,0,0,0,3,3,0,3,3.72,4.95,1.34,4.66,5.59,0.93,0.83,0.128,0.154,0.776,
2026,p1750595,1750595,曽谷 龍平,オリックス,パ,17,左投,False,14,78.1,235,330,1312,79,9,73,15,6,40,36,5,8,0,0,0,0,0,4.14,3.21,1.2,8.39,1.72,1.03,4.87,0.221,0.045,0.686,0.385
2026,p1700112,1700112,本田 仁海,オリックス,パ,46,右投,False,2,1,3,9,37,4,0,2,2,0,1,1,0,0,0,0,0,0,0,9.0,4.78,6.0,18.0,18.0,0.0,1.0,0.222,0.222,0.833,
2026,p2117852,2117852,東山 玲士,オリックス,パ,54,右投,False,12,11.2,35,47,199,6,0,11,5,1,3,3,0,0,0,2,2,0,2,2.31,2.44,0.94,8.49,3.86,0.0,2.2,0.234,0.106,0.75,
2026,p2111998,2111998,東松 快征,オリックス,パ,48,左投,False,6,9,27,44,169,7,2,10,11,0,7,7,1,0,0,0,0,0,0,7.0,7.11,2.0,10.0,11.0,2.0,0.91,0.227,0.25,0.724,1.0
2026,p1650221,1650221,椋木 蓮,オリックス,パ,15,右投,False,48,46.1,139,179,691,32,1,32,9,2,10,9,2,4,1,33,33,2,35,1.75,2.39,0.88,6.22,1.75,0.19,3.56,0.179,0.05,0.793,0.333
2026,p2103713,2103713,権田 琉成,オリックス,パ,98,右投,False,26,34.1,103,143,563,30,4,26,11,0,16,14,1,0,0,1,1,1,2,3.67,3.74,1.19,6.82,2.88,1.05,2.36,0.182,0.077,0.706,1.0
2026,p2103793,2103793,横山 楓,オリックス,パ,52,右投,False,7,6,18,27,118,6,0,11,2,1,2,2,1,1,0,1,1,1,2,3.0,0.61,1.33,16.5,3.0,0.0,5.5,0.407,0.074,0.778,0.5
2026,p2050019,2050019,片山 楽生,オリックス,パ,49,右投,False,30,43,129,181,700,42,5,24,13,1,19,18,2,1,0,1,1,2,3,3.77,4.15,1.28,5.02,2.72,1.05,1.85,0.133,0.072,0.755,0.667
2026,p1700109,1700109,田嶋 大樹,オリックス,パ,29,左投,False,18,62.2,188,273,1044,72,12,44,16,4,41,41,2,5,0,1,1,0,1,5.89,4.82,1.4,6.32,2.3,1.72,2.75,0.161,0.059,0.678,0.286
2026,p2000101,2000101,阿部 翔太,オリックス,パ,20,右投,False,13,10.2,32,61,235,19,3,8,8,2,12,12,0,0,0,0,0,0,0,10.12,7.75,2.53,6.75,6.75,2.53,1.0,0.131,0.131,0.685,
2026,p2116949,2116949,陳 睦衡,オリックス,パ,92,右投,False,1,0.2,2,10,51,3,0,0,4,0,6,1,0,1,0,0,0,0,0,13.5,20.78,10.5,0.0,54.0,0.0,0.0,0.0,0.4,0.143,0.0
2026,p1750543,1750543,髙島 泰都,オリックス,パ,96,右投,False,22,96.2,290,441,1677,123,11,74,30,7,52,49,7,5,0,1,1,0,1,4.56,3.88,1.58,6.89,2.79,1.02,2.47,0.168,0.068,0.747,0.583
2026,p2102649,2102649,髙谷 舟,オリックス,パ,43,右投,False,1,1,3,9,38,5,1,1,1,0,5,5,0,0,0,0,0,0,0,45.0,16.78,6.0,9.0,9.0,9.0,1.0,0.111,0.111,0.217,
2026,p2107849,2107849,齋藤 響介,オリックス,パ,26,右投,False,2,2.1,7,22,84,13,0,1,2,0,12,10,0,0,0,0,0,0,0,38.57,4.49,6.43,3.86,7.71,0.0,0.5,0.045,0.091,0.2,
2026,p2105885,2105885,アルメンタ,ソフトバンク,パ,34,左投,False,2,4.2,14,28,110,6,0,5,5,3,7,7,0,2,0,0,0,0,0,13.5,5.78,2.36,9.64,9.64,0.0,1.0,0.179,0.179,0.5,0.0
2026,p1560184,1560184,オスナ,ソフトバンク,パ,54,右投,False,45,44.1,133,173,656,34,3,41,9,3,14,13,2,2,0,22,22,2,24,2.64,2.62,0.97,8.32,1.83,0.61,4.56,0.237,0.052,0.766,0.5
2026,p1900010,1900010,スチュワート・ジュニア,ソフトバンク,パ,2,右投,False,14,63.2,191,296,1192,76,7,57,31,3,39,37,6,5,0,0,0,0,0,5.23,4.02,1.68,8.06,4.38,0.99,1.84,0.193,0.105,0.709,0.545
2026,p1961052,1961052,ヘルナンデス,ソフトバンク,パ,63,左投,False,44,41.2,125,167,666,26,3,50,15,4,8,7,1,2,0,18,18,1,19,1.51,2.68,0.98,10.8,3.24,0.65,3.33,0.299,0.09,0.907,0.333
2026,p1700011,1700011,モイネロ,ソフトバンク,パ,35,左投,False,6,41.1,124,152,603,21,3,32,7,2,6,4,5,1,0,0,0,0,0,0.87,2.83,0.68,6.97,1.52,0.65,4.57,0.211,0.046,0.93,0.833
2026,p2117128,2117128,ラトリッジ,ソフトバンク,パ,14,右投,False,1,5,15,20,68,5,1,4,0,0,1,1,1,0,0,0,0,0,0,1.8,3.78,1.0,7.2,0.0,1.8,,0.2,0.0,1.0,1.0
2026,p1100099,1100099,上沢 直之,ソフトバンク,パ,10,右投,False,21,128.1,385,531,2128,115,12,121,30,6,43,35,9,4,0,0,0,0,0,2.45,2.95,1.13,8.49,2.1,0.84,4.03,0.228,0.056,0.805,0.692
2026,p1800043,1800043,上茶谷 大河,ソフトバンク,パ,64,右投,False,35,88,264,360,1377,78,15,79,24,4,33,31,8,2,1,10,10,4,14,3.17,4.15,1.16,8.08,2.45,1.53,3.29,0.219,0.067,0.859,0.8
2026,p1800054,1800054,中村 稔弥,ソフトバンク,パ,30,左投,False,7,10,30,38,132,7,1,8,0,1,3,3,0,0,0,0,0,0,0,2.7,2.78,0.7,7.2,0.0,0.9,,0.211,0.0,0.758,
2026,p2000008,2000008,伊藤 優輔,ソフトバンク,パ,42,右投,False,32,35,105,150,555,32,1,27,20,1,9,6,1,0,0,1,1,1,2,1.54,3.41,1.49,6.94,5.14,0.26,1.35,0.18,0.133,0.853,1.0
2026,p2104078,2104078,前田 悠伍,ソフトバンク,パ,41,左投,False,18,104,312,425,1670,86,7,86,27,3,26,23,12,1,0,0,0,0,0,1.99,2.87,1.09,7.44,2.34,0.61,3.19,0.202,0.064,0.847,0.923
2026,p2107792,2107792,前田 純,ソフトバンク,パ,51,左投,False,4,20.2,62,82,338,21,0,20,4,0,8,8,1,1,0,0,0,0,0,3.48,1.43,1.21,8.71,1.74,0.0,5.0,0.244,0.049,0.68,0.5
2026,p2121648,2121648,北斗,ソフトバンク,パ,43,右投,False,1,2,6,15,65,5,1,1,3,0,8,8,0,1,0,0,0,0,0,36.0,12.78,4.0,4.5,13.5,4.5,0.33,0.067,0.2,0.0,0.0
2026,p2110167,2110167,大山 凌,ソフトバンク,パ,53,右投,False,4,3.1,10,17,67,5,1,3,2,0,4,4,0,0,0,0,0,0,0,10.8,6.68,2.1,8.1,5.4,2.7,1.5,0.176,0.118,0.536,
2026,p1600064,1600064,大江 竜聖,ソフトバンク,パ,29,左投,False,3,3,9,12,35,3,0,3,0,1,0,0,0,0,0,0,0,0,0,0.0,1.78,1.0,9.0,0.0,0.0,,0.25,0.0,1.0,
2026,p1550517,1550517,大津 亮介,ソフトバンク,パ,19,右投,True,21,139.1,418,557,2090,121,17,110,27,2,46,40,11,5,0,0,0,0,0,2.58,3.41,1.06,7.11,1.74,1.1,4.07,0.197,0.048,0.824,0.688
2026,p2103847,2103847,大竹 風雅,ソフトバンク,パ,59,右投,False,6,7,21,31,113,6,0,7,4,0,4,0,0,0,0,0,0,0,0,0.0,2.49,1.43,9.0,5.14,0.0,1.75,0.226,0.129,0.6,
2026,p2104898,2104898,大野 稼頭央,ソフトバンク,パ,60,左投,False,4,8,24,41,162,10,1,5,5,2,7,5,0,0,0,0,0,0,0,5.62,5.78,1.88,5.62,5.62,1.12,1.0,0.122,0.122,0.641,
2026,p1900106,1900106,大関 友久,ソフトバンク,パ,47,左投,False,10,57.1,172,257,1004,69,11,36,20,1,36,34,3,4,0,0,0,0,0,5.34,5.12,1.55,5.65,3.14,1.73,1.8,0.14,0.078,0.724,0.429
2026,p2000063,2000063,小林 樹斗,ソフトバンク,パ,95,右投,False,9,13.2,41,53,210,12,3,14,2,0,5,5,0,0,0,1,1,0,1,3.29,4.02,1.02,9.22,1.32,1.98,7.0,0.264,0.038,0.918,
2026,p1700134,1700134,尾形 崇斗,ソフトバンク,パ,39,右投,False,25,92.2,278,386,1548,66,9,99,39,5,34,32,5,5,0,0,0,0,0,3.11,3.33,1.13,9.62,3.79,0.87,2.54,0.256,0.101,0.78,0.5
2026,p2108558,2108558,岩井 俊介,ソフトバンク,パ,27,右投,False,5,6,18,26,110,4,0,6,5,2,0,0,0,0,0,0,0,0,0,0.0,4.28,1.5,9.0,7.5,0.0,1.2,0.231,0.192,1.0,
2026,p2100596,2100596,徐 若熙,ソフトバンク,パ,18,右投,False,6,30.2,92,136,503,38,5,28,11,1,17,17,2,3,0,0,0,0,0,4.99,4.25,1.6,8.22,3.23,1.47,2.55,0.206,0.081,0.767,0.4
2026,p1851115,1851115,木村 光,ソフトバンク,パ,68,右投,False,36,34,102,142,549,27,6,26,14,2,10,10,3,0,0,10,10,3,13,2.65,4.96,1.21,6.88,3.71,1.59,1.86,0.183,0.099,0.954,1.0
2026,p1800107,1800107,杉山 一樹,ソフトバンク,パ,40,右投,False,54,52,156,217,877,40,3,78,21,0,20,19,1,2,34,2,2,1,3,3.29,1.74,1.17,13.5,3.63,0.52,3.71,0.359,0.097,0.722,0.333
2026,p2114798,2114798,村上 泰斗,ソフトバンク,パ,20,右投,False,1,1,3,5,32,1,0,3,1,0,0,0,0,0,0,0,0,0,0,0.0,-0.22,2.0,27.0,9.0,0.0,3.0,0.6,0.2,1.0,
2026,p2107909,2107909,松本 晴,ソフトバンク,パ,49,左投,False,21,117.1,352,481,1869,98,11,120,38,11,37,36,12,3,0,0,0,0,0,2.76,3.21,1.16,9.2,2.91,0.84,3.16,0.249,0.079,0.836,0.8
2026,p1400126,1400126,松本 裕樹,ソフトバンク,パ,66,右投,False,57,56.2,170,225,832,49,4,53,8,1,13,13,4,4,4,32,32,4,36,2.06,2.3,1.01,8.42,1.27,0.64,6.62,0.236,0.036,0.859,0.5
2026,p1900102,1900102,津森 宥紀,ソフトバンク,パ,11,右投,False,49,46,138,181,754,26,2,43,15,3,11,8,2,0,1,20,22,2,24,1.57,2.65,0.89,8.41,2.93,0.39,2.87,0.238,0.083,0.801,1.0
2026,p2103605,2103605,稲川 竜汰,ソフトバンク,パ,13,右投,False,1,0.2,2,4,20,0,0,0,2,0,1,1,0,0,0,0,0,0,0,13.5,11.78,3.0,0.0,27.0,0.0,0.0,0.0,0.5,0.5,
2026,p2112130,2112130,藤原 大翔,ソフトバンク,パ,22,右投,False,2,6.2,20,34,136,8,0,5,6,0,7,7,0,2,0,0,0,0,0,9.45,3.98,2.1,6.75,8.1,0.0,0.83,0.147,0.176,0.5,0.0
2026,p2102969,2102969,鈴木 豪太,ソフトバンク,パ,26,右投,False,38,45.1,136,173,651,29,3,39,9,0,10,9,3,1,0,5,5,3,8,1.79,2.52,0.84,7.74,1.79,0.6,4.33,0.225,0.052,0.828,0.75
2026,p2108291,2108291,ウォルターズ,ヤクルト,セ,58,右投,False,21,42.1,127,189,729,39,5,40,20,4,21,21,2,4,5,4,4,1,5,4.46,4.16,1.39,8.5,4.25,1.06,2.0,0.212,0.106,0.75,0.333
2026,p2000133,2000133,オスナ,ヤクルト,セ,13,右打,False,1,0.2,2,2,11,0,0,0,1,0,0,0,0,0,0,0,0,0,0,0.0,7.31,1.5,0.0,13.5,0.0,0.0,0.0,0.5,1.0,
2026,p1961046,1961046,キハダ,ヤクルト,セ,11,左投,False,41,37.1,112,179,785,32,4,55,28,4,18,16,2,7,21,2,2,2,4,3.86,3.83,1.61,13.26,6.75,0.96,1.96,0.307,0.156,0.788,0.222
2026,p2122334,2122334,リランソ,ヤクルト,セ,62,右投,False,37,35.1,106,148,598,19,1,37,20,3,8,5,2,3,0,10,10,2,12,1.27,3.04,1.1,9.42,5.09,0.25,1.85,0.25,0.135,0.837,0.4
2026,p2107908,2107908,下川 隼佑,ヤクルト,セ,69,右投,False,3,7.1,22,35,131,10,0,5,4,1,5,5,0,1,0,0,0,0,0,6.14,3.49,1.91,6.14,4.91,0.0,1.25,0.143,0.114,0.667,0.0
2026,p2113273,2113273,中村 優斗,ヤクルト,セ,15,右投,False,2,3,9,12,45,2,0,5,1,0,1,1,0,0,0,1,1,0,1,3.0,0.48,1.0,15.0,3.0,0.0,5.0,0.417,0.083,0.667,
2026,p2000033,2000033,丸山 翔大,ヤクルト,セ,68,右投,False,38,41.2,125,170,711,32,3,44,12,3,17,17,0,2,0,7,8,0,8,3.67,2.71,1.06,9.5,2.59,0.65,3.67,0.259,0.071,0.701,0.0
2026,p2103794,2103794,吉村 貢司郎,ヤクルト,セ,21,右投,False,20,110.1,331,464,1835,106,21,87,28,4,68,61,4,12,0,0,0,0,0,4.98,4.58,1.21,7.1,2.28,1.71,3.11,0.188,0.06,0.645,0.25
2026,p1750894,1750894,増居 翔太,ヤクルト,セ,43,左投,False,7,33,99,128,493,18,4,21,13,0,12,11,1,1,0,1,1,0,1,3.0,4.29,0.94,5.73,3.55,1.09,1.62,0.164,0.102,0.748,0.5
2026,p1900027,1900027,大西 広樹,ヤクルト,セ,44,右投,False,13,10.1,31,53,190,18,2,5,5,1,14,13,0,0,0,3,3,0,3,11.32,6.1,2.23,4.35,4.35,1.74,1.0,0.094,0.094,0.472,
2026,p2000062,2000062,大道 温貴,ヤクルト,セ,46,右投,False,1,1.2,5,12,42,5,0,1,1,0,5,3,0,0,0,0,0,0,0,16.2,3.41,3.6,5.4,5.4,0.0,1.0,0.083,0.083,0.167,
2026,p1900024,1900024,奥川 恭伸,ヤクルト,セ,18,右投,True,22,150,450,591,2228,122,15,117,32,1,51,48,7,10,0,0,0,0,0,2.88,3.21,1.03,7.02,1.92,0.9,3.66,0.198,0.054,0.776,0.412
2026,p1200076,1200076,小川 泰弘,ヤクルト,セ,29,右投,False,8,41,123,183,690,42,6,27,17,3,33,25,1,5,0,0,0,0,0,5.49,4.86,1.44,5.93,3.73,1.32,1.59,0.148,0.093,0.541,0.167
2026,p1500139,1500139,小澤 怜史,ヤクルト,セ,45,右投,False,11,16.1,49,76,317,16,3,21,7,0,8,8,0,0,0,0,0,0,0,4.41,3.91,1.41,11.57,3.86,1.65,3.0,0.276,0.092,0.798,
2026,p2000025,2000025,山野 太一,ヤクルト,セ,26,左投,True,24,155.1,466,624,2483,121,13,145,31,10,49,41,12,4,0,0,0,0,0,2.38,2.82,0.98,8.4,1.8,0.75,4.68,0.232,0.05,0.786,0.75
2026,p2105626,2105626,廣澤 優,ヤクルト,セ,70,右投,False,40,37.2,113,159,631,27,2,29,15,1,15,13,3,2,0,8,8,3,11,3.11,3.23,1.12,6.93,3.58,0.48,1.93,0.182,0.094,0.697,0.6
2026,p1600121,1600121,拓也,ヤクルト,セ,41,右投,False,7,6.2,20,36,152,12,2,6,4,0,10,10,0,0,0,0,0,0,0,13.5,6.71,2.4,8.1,5.4,2.7,1.5,0.167,0.111,0.455,
2026,p1600075,1600075,星 知弥,ヤクルト,セ,24,右投,False,48,45,135,192,694,44,3,30,16,0,15,14,1,4,1,30,30,1,31,2.8,3.41,1.33,6.0,3.2,0.6,1.88,0.156,0.083,0.806,0.2
2026,p2000024,2000024,木澤 尚文,ヤクルト,セ,20,右投,False,11,9.2,29,43,169,8,0,5,8,2,3,3,0,0,0,3,3,0,3,2.79,4.88,1.66,4.66,7.45,0.0,0.62,0.116,0.186,0.833,
2026,p1750696,1750696,松本 健吾,ヤクルト,セ,28,右投,False,22,98.2,296,441,1758,111,10,87,27,3,48,45,6,4,0,0,0,1,1,4.1,3.28,1.4,7.94,2.46,0.91,3.22,0.197,0.061,0.732,0.6
2026,p1800033,1800033,清水 昇,ヤクルト,セ,17,右投,False,46,40.2,122,168,649,41,4,40,8,1,18,15,2,4,5,18,21,2,23,3.32,2.79,1.2,8.85,1.77,0.89,5.0,0.238,0.048,0.721,0.333
2026,p1300029,1300029,田口 麗斗,ヤクルト,セ,34,左投,False,14,14.1,43,71,273,19,2,11,6,2,7,5,1,0,0,1,1,1,2,3.14,4.76,1.74,6.91,3.77,1.26,1.83,0.155,0.085,0.826,1.0
2026,p1851155,1851155,石原 勇輝,ヤクルト,セ,35,左投,False,19,16.2,50,74,288,13,1,15,7,4,8,8,0,1,0,1,1,0,1,4.32,3.77,1.2,8.1,3.78,0.54,2.14,0.203,0.095,0.708,0.0
2026,p12113,12113,石川 雅規,ヤクルト,セ,19,左投,False,1,0.1,1,7,24,5,1,0,0,1,6,6,0,1,0,0,0,0,0,162.0,50.81,15.0,0.0,0.0,27.0,,0.0,0.0,0.0,0.0
2026,p2117400,2117400,荘司 宏太,ヤクルト,セ,30,左投,False,24,24.2,74,117,503,26,2,33,15,1,10,10,3,0,0,3,3,3,6,3.65,3.13,1.66,12.04,5.47,0.73,2.2,0.282,0.128,0.816,1.0
2026,p1950494,1950494,西舘 昂汰,ヤクルト,セ,14,右投,False,1,5,15,21,100,2,0,3,5,0,0,0,0,0,0,0,0,0,0,0.0,4.61,1.4,5.4,9.0,0.0,0.6,0.143,0.238,1.0,
2026,p1600169,1600169,長谷川 宙輝,ヤクルト,セ,53,左投,False,1,1,3,8,30,2,1,0,2,1,3,3,0,0,0,0,0,0,0,27.0,24.81,4.0,0.0,18.0,9.0,0.0,0.0,0.25,0.556,
2026,p1700060,1700060,阪口 皓亮,ヤクルト,セ,66,右投,False,33,29,87,123,476,23,2,23,12,1,11,11,0,1,0,4,4,0,4,3.41,3.47,1.21,7.14,3.72,0.62,1.92,0.187,0.098,0.753,0.0
2026,p2103692,2103692,飯田 琉斗,ヤクルト,セ,61,右投,False,1,1,3,5,18,2,0,0,1,0,1,1,0,0,0,0,0,0,0,9.0,5.81,3.0,0.0,9.0,0.0,0.0,0.0,0.2,0.667,
2026,p1300045,1300045,高梨 裕稔,ヤクルト,セ,40,右投,False,13,74.1,223,311,1254,67,8,65,20,4,26,21,6,2,0,0,0,0,0,2.54,3.43,1.17,7.87,2.42,0.97,3.25,0.209,0.064,0.815,0.75
2026,p1500042,1500042,高橋 奎二,ヤクルト,セ,47,左投,False,16,89,267,387,1550,94,11,85,30,7,39,39,5,6,0,0,0,0,0,3.94,3.75,1.39,8.6,3.03,1.11,2.83,0.22,0.078,0.796,0.455
2026,p1760440,1760440,カスティーヨ,ロッテ,パ,11,左投,False,7,5.2,17,24,79,4,0,2,1,0,4,1,0,1,0,0,1,0,1,1.59,2.6,0.88,3.18,1.59,0.0,2.0,0.083,0.042,0.2,0.0
2026,p2103904,2103904,ジャクソン,ロッテ,パ,42,右投,True,24,137,411,595,2502,116,15,133,55,8,59,55,8,8,0,0,0,0,0,3.61,3.64,1.25,8.74,3.61,0.99,2.42,0.224,0.092,0.759,0.5
2026,p1860063,1860063,ルケーシー,ロッテ,パ,48,左投,False,4,22,66,87,361,12,1,19,10,0,7,7,1,1,0,0,0,0,0,2.86,3.01,1.0,7.77,4.09,0.41,1.9,0.218,0.115,0.728,0.5
2026,p2101204,2101204,ロング,ロッテ,パ,73,左投,False,25,64.2,194,289,1110,76,9,45,27,3,40,37,1,6,0,7,7,0,7,5.15,4.59,1.59,6.26,3.76,1.25,1.67,0.156,0.093,0.707,0.143
2026,p2000088,2000088,中森 俊介,ロッテ,パ,56,右投,False,39,38.1,115,155,584,30,4,35,10,0,10,10,7,1,1,16,16,7,23,2.35,3.09,1.04,8.22,2.35,0.94,3.5,0.226,0.065,0.872,0.875
2026,p1450608,1450608,八木 彬,ロッテ,パ,33,右投,False,44,58,174,225,820,43,5,42,12,3,14,14,9,1,0,11,11,9,20,2.17,3.23,0.95,6.52,1.86,0.78,3.5,0.187,0.053,0.863,0.9
2026,p2107880,2107880,吉川 悠斗,ロッテ,パ,91,左投,False,2,9,27,45,187,11,1,7,8,0,10,10,0,2,0,0,0,0,0,10.0,5.34,2.11,7.0,8.0,1.0,0.88,0.156,0.178,0.511,0.0
2026,p800060,800060,唐川 侑己,ロッテ,パ,19,右投,False,1,5,15,21,74,5,3,4,1,0,4,4,0,1,0,0,0,0,0,7.2,9.58,1.2,7.2,1.8,5.4,4.0,0.19,0.048,1.0,0.0
2026,p1800037,1800037,坂本 光士郎,ロッテ,パ,36,左投,False,27,33.2,101,143,558,28,1,39,15,3,14,12,2,1,0,1,1,2,3,3.21,2.45,1.28,10.43,4.01,0.27,2.6,0.273,0.105,0.717,0.667
2026,p1950700,1950700,大聖,ロッテ,パ,60,右投,False,1,1,3,6,23,3,0,1,0,0,2,2,0,0,0,0,0,0,0,18.0,0.78,3.0,9.0,0.0,0.0,,0.167,0.0,0.333,
2026,p2107586,2107586,宮﨑 颯,ロッテ,パ,66,左投,False,10,11.2,35,53,199,11,2,8,4,3,8,8,0,0,0,0,0,0,0,6.17,5.44,1.29,6.17,3.09,1.54,2.0,0.151,0.075,0.658,
2026,p1800052,1800052,小島 和哉,ロッテ,パ,14,左投,False,18,103.1,310,447,1703,100,12,82,35,8,51,44,5,9,0,0,0,0,0,3.83,3.95,1.31,7.14,3.05,1.05,2.34,0.183,0.078,0.729,0.357
2026,p1400140,1400140,小野 郁,ロッテ,パ,37,右投,False,38,41.1,124,162,618,30,4,37,11,2,11,11,2,3,0,6,6,2,8,2.4,3.19,0.99,8.06,2.4,0.87,3.36,0.228,0.068,0.856,0.4
2026,p2114737,2114737,廣池 康志郎,ロッテ,パ,64,右投,False,16,85.1,256,368,1361,89,10,57,22,7,45,41,2,6,0,0,0,0,0,4.32,3.99,1.3,6.01,2.32,1.05,2.59,0.155,0.06,0.702,0.25
2026,p2103779,2103779,廣畑 敦也,ロッテ,パ,30,右投,False,4,8,24,42,148,13,3,3,2,2,10,8,0,0,0,0,0,0,0,9.0,8.4,1.88,3.38,2.25,3.38,1.5,0.071,0.048,0.547,
2026,p2111821,2111821,木村 優人,ロッテ,パ,53,右投,False,3,16,48,68,269,14,3,11,7,0,11,10,0,1,0,0,0,0,0,5.62,5.15,1.31,6.19,3.94,1.69,1.57,0.162,0.103,0.595,0.0
2026,p1800051,1800051,東妻 勇輔,ロッテ,パ,24,右投,False,1,2,6,14,51,7,0,0,1,0,5,2,0,0,0,0,0,0,0,9.0,4.28,4.0,0.0,4.5,0.0,0.0,0.0,0.071,0.375,
2026,p1700099,1700099,森 遼大朗,ロッテ,パ,92,右投,False,1,2.2,8,19,73,8,0,3,2,1,3,3,0,1,0,0,0,0,0,10.12,3.9,3.75,10.12,6.75,0.0,1.5,0.158,0.105,0.727,0.0
2026,p1900083,1900083,横山 陸人,ロッテ,パ,15,右投,False,51,50.1,151,211,764,38,2,34,20,4,14,11,2,2,33,7,7,2,9,1.97,3.38,1.15,6.08,3.58,0.36,1.7,0.161,0.095,0.811,0.5
2026,p2100442,2100442,毛利 海大,ロッテ,パ,13,左投,False,17,80.1,241,357,1371,92,8,47,29,1,48,47,3,6,0,0,0,0,0,5.27,4.02,1.51,5.27,3.25,0.9,1.62,0.132,0.081,0.668,0.333
2026,p2000090,2000090,河村 説人,ロッテ,パ,58,右投,False,8,44.1,133,190,711,50,8,18,11,2,25,24,1,4,0,0,0,0,0,4.87,5.19,1.38,3.65,2.23,1.62,1.64,0.095,0.058,0.734,0.2
2026,p1600157,1600157,澤田 圭佑,ロッテ,パ,54,右投,False,41,39.1,118,167,598,37,6,37,7,1,17,17,2,1,0,11,11,2,13,3.89,3.49,1.12,8.47,1.6,1.37,5.29,0.222,0.042,0.765,0.667
2026,p2102758,2102758,田中 晴也,ロッテ,パ,35,右投,False,16,88.1,265,379,1534,83,8,84,29,3,45,40,2,5,0,0,0,0,0,4.08,3.14,1.27,8.56,2.95,0.82,2.9,0.222,0.077,0.674,0.286
2026,p1100104,1100104,益田 直也,ロッテ,パ,52,右投,False,36,35.1,106,147,566,28,5,21,12,2,13,13,1,0,2,2,2,1,3,3.31,4.62,1.13,5.35,3.06,1.27,1.75,0.143,0.082,0.829,1.0
2026,p2113369,2113369,石垣 元気,ロッテ,パ,18,右投,False,2,2,6,7,32,0,0,3,2,0,0,0,0,0,0,0,0,0,0,0.0,2.78,1.0,13.5,9.0,0.0,1.5,0.429,0.286,1.0,
2026,p1300080,1300080,石川 柊太,ロッテ,パ,21,右投,False,6,15.1,46,74,285,21,4,10,7,1,15,13,0,1,0,0,0,0,0,7.63,6.43,1.83,5.87,4.11,2.35,1.43,0.135,0.095,0.598,0.0
2026,p1600146,1600146,種市 篤暉,ロッテ,パ,16,右投,False,2,7.2,23,28,106,6,0,7,0,0,0,0,0,0,0,0,0,0,0,0.0,0.95,0.78,8.22,0.0,0.0,,0.25,0.0,1.0,
2026,p2106795,2106795,菊地 吏玖,ロッテ,パ,28,右投,False,2,3,9,14,64,4,1,0,2,0,2,2,0,0,0,0,0,0,0,6.0,9.11,2.0,0.0,6.0,3.0,0.0,0.0,0.143,0.87,
2026,p900081,900081,西野 勇士,ロッテ,パ,29,右投,False,6,34.2,104,144,493,37,5,18,7,0,19,17,1,2,0,0,0,0,0,4.41,4.22,1.27,4.67,1.82,1.3,2.57,0.125,0.049,0.676,0.333
2026,p2000087,2000087,鈴木 昭汰,ロッテ,パ,47,左投,False,51,48.2,146,193,740,40,5,40,12,1,13,13,6,3,1,29,29,6,35,2.4,3.27,1.07,7.4,2.22,0.92,3.33,0.207,0.062,0.87,0.667
2026,p2105534,2105534,高野 脩汰,ロッテ,パ,34,左投,False,30,57,171,239,915,49,9,56,17,1,22,19,3,4,0,4,4,1,5,3.0,3.82,1.16,8.84,2.68,1.42,3.29,0.234,0.071,0.827,0.429
2026,p2112140,2112140,髙橋 快秀,ロッテ,パ,93,右投,False,4,5,15,23,100,6,1,2,3,0,5,5,0,0,0,0,0,0,0,9.0,6.38,1.8,3.6,5.4,1.8,0.67,0.087,0.13,0.526,
2026,p2060049,2060049,アブレウ,中日,セ,28,右投,False,24,24,72,114,494,23,1,32,17,2,12,11,1,1,0,2,2,1,3,4.12,3.06,1.67,12.0,6.38,0.38,1.88,0.281,0.149,0.739,0.5
2026,p2100961,2100961,マラー,中日,セ,93,左投,False,18,111.1,334,454,1703,99,11,89,25,2,42,36,6,8,0,0,0,0,0,2.91,3.22,1.11,7.19,2.02,0.89,3.56,0.196,0.055,0.759,0.429
2026,p1660558,1660558,メヒア,中日,セ,91,右投,False,18,17,51,74,281,19,1,13,4,2,6,6,0,1,0,4,4,0,4,3.18,3.1,1.35,6.88,2.12,0.53,3.25,0.176,0.054,0.805,0.0
2026,p1650489,1650489,三浦 瑞樹,中日,セ,69,左投,False,4,5.2,17,25,101,6,0,6,3,0,1,1,0,0,0,0,0,0,0,1.59,2.28,1.59,9.53,4.76,0.0,2.0,0.24,0.12,0.889,
2026,p1951008,1951008,中西 聖輝,中日,セ,11,右投,False,8,38,114,177,700,39,4,40,20,3,27,27,2,4,0,0,0,0,0,6.39,3.89,1.55,9.47,4.74,0.95,2.0,0.226,0.113,0.621,0.333
2026,p2107860,2107860,仲地 礼亜,中日,セ,26,右投,False,5,11,33,52,213,15,1,11,5,0,11,11,0,0,0,0,0,0,0,9.0,3.36,1.82,9.0,4.09,0.82,2.2,0.212,0.096,0.484,
2026,p2105038,2105038,伊藤 茉央,中日,セ,32,右投,False,20,16.2,50,71,255,18,2,9,3,0,8,7,1,1,0,0,0,1,1,3.78,3.83,1.26,4.86,1.62,1.08,3.0,0.127,0.042,0.714,0.5
2026,p1800061,1800061,勝野 昌慶,中日,セ,41,右投,False,7,5.2,17,33,122,6,1,9,7,0,7,6,0,2,0,0,0,0,0,9.53,5.63,2.29,14.29,11.12,1.59,1.29,0.273,0.212,0.517,0.0
2026,p2105295,2105295,吉田 聖弥,中日,セ,47,左投,False,50,46,138,195,838,27,1,47,29,2,13,13,1,4,0,25,25,1,26,2.54,3.07,1.22,9.2,5.67,0.2,1.62,0.241,0.149,0.795,0.2
2026,p1000138,1000138,大野 雄大,中日,セ,22,左投,False,21,137,411,548,2026,105,16,92,38,5,39,35,10,6,0,0,0,0,0,2.3,3.93,1.04,6.04,2.5,1.05,2.42,0.168,0.069,0.868,0.625
2026,p2107958,2107958,宮内 春輝,中日,セ,53,右投,False,2,2,6,8,36,1,0,4,0,1,0,0,0,0,0,0,0,0,0,0.0,0.31,0.5,18.0,0.0,0.0,,0.5,0.0,1.0,
2026,p1300094,1300094,杉浦 稔大,中日,セ,33,右投,False,18,17.2,53,79,332,18,1,17,9,1,7,7,1,2,0,5,5,1,6,3.57,3.32,1.53,8.66,4.58,0.51,1.89,0.215,0.114,0.789,0.333
2026,p2107869,2107869,松山 晋也,中日,セ,90,右投,False,44,41.1,124,173,649,32,2,45,13,3,9,8,1,4,30,4,4,1,5,1.74,2.42,1.09,9.8,2.83,0.44,3.46,0.26,0.075,0.863,0.2
2026,p1200098,1200098,松葉 貴大,中日,セ,38,左投,False,3,16,48,71,249,17,2,9,5,1,10,10,0,1,0,0,0,0,0,5.62,4.44,1.38,5.06,2.81,1.12,1.8,0.127,0.07,0.644,0.0
2026,p1600106,1600106,柳 裕也,中日,セ,17,右投,True,24,150,450,614,2509,138,11,122,38,3,40,39,7,5,0,0,0,0,0,2.34,2.96,1.17,7.32,2.28,0.66,3.21,0.199,0.062,0.85,0.583
2026,p1800059,1800059,根尾 昂,中日,セ,30,右投,False,9,9,27,40,179,9,3,13,3,1,5,5,1,1,0,0,0,1,1,5.0,5.59,1.33,13.0,3.0,3.0,4.33,0.325,0.075,0.909,0.5
2026,p1600076,1600076,梅野 雄吾,中日,セ,46,右投,False,2,2.1,7,14,67,4,0,3,4,0,4,4,0,0,0,0,0,0,0,15.43,5.38,3.43,11.57,15.43,0.0,0.75,0.214,0.286,0.5,
2026,p2000043,2000043,森 博人,中日,セ,62,右投,False,14,12.2,38,45,202,6,0,19,3,0,0,0,1,0,0,4,4,1,5,0.0,0.52,0.71,13.5,2.13,0.0,6.33,0.422,0.067,1.0,1.0
2026,p1900038,1900038,橋本 侑樹,中日,セ,13,左投,False,44,39,117,166,649,35,3,42,12,2,18,18,4,3,0,18,18,4,22,4.15,2.73,1.21,9.69,2.77,0.69,3.5,0.253,0.072,0.692,0.571
2026,p2100410,2100410,櫻井 頼之介,中日,セ,16,右投,False,13,55.2,167,249,987,64,9,56,19,0,35,34,2,5,0,1,1,0,1,5.5,3.92,1.49,9.05,3.07,1.46,2.95,0.225,0.076,0.682,0.286
2026,p500014,500014,涌井 秀章,中日,セ,20,右投,False,11,60.1,181,250,958,69,9,40,5,1,26,25,4,3,0,0,0,0,0,3.73,3.72,1.23,5.97,0.75,1.34,8.0,0.16,0.02,0.785,0.571
2026,p1700104,1700104,清水 達也,中日,セ,50,右投,False,6,5.1,16,35,106,15,1,4,5,0,8,7,0,0,0,0,0,0,0,11.81,6.56,3.75,6.75,8.44,1.69,0.8,0.114,0.143,0.645,
2026,p2107086,2107086,牧野 憲伸,中日,セ,68,左投,False,23,17.1,52,77,316,16,3,11,10,0,8,8,0,3,0,2,2,0,2,4.15,5.52,1.5,5.71,5.19,1.56,1.1,0.143,0.13,0.826,0.0
2026,p1500077,1500077,福 敬登,中日,セ,34,左投,False,3,2.1,7,9,41,2,1,2,1,0,1,1,0,0,0,0,0,0,0,3.86,7.95,1.29,7.71,3.86,3.86,2.0,0.222,0.111,1.0,
2026,p2112136,2112136,篠﨑 国忠,中日,セ,52,右投,False,3,2.2,8,12,58,3,0,3,1,0,1,1,0,0,0,0,0,0,0,3.38,1.69,1.5,10.12,3.38,0.0,3.0,0.25,0.083,0.75,
2026,p1851138,1851138,草加 勝,中日,セ,14,右投,False,23,23.1,70,102,432,21,2,20,9,1,8,6,0,1,0,1,1,0,1,2.31,3.5,1.29,7.71,3.47,0.77,2.22,0.196,0.088,0.816,0.0
2026,p1600110,1600110,藤嶋 健人,中日,セ,54,右投,False,45,39.2,119,170,698,35,5,24,19,1,17,17,3,2,0,7,7,3,10,3.86,4.75,1.36,5.45,4.31,1.13,1.26,0.141,0.112,0.792,0.6
2026,p2000048,2000048,近藤 廉,中日,セ,70,左投,False,4,3.1,10,18,71,6,0,3,3,0,6,6,0,0,0,0,0,0,0,16.2,3.71,2.7,8.1,8.1,0.0,1.0,0.167,0.167,0.333,
2026,p2108462,2108462,金丸 夢斗,中日,セ,21,左投,True,25,160.2,482,663,2595,159,16,146,34,3,56,52,5,12,0,0,0,0,0,2.91,2.98,1.2,8.18,1.9,0.9,4.29,0.22,0.051,0.806,0.294
2026,p2000042,2000042,髙橋 宏斗,中日,セ,19,右投,False,18,116.2,350,469,1899,89,4,129,37,3,40,35,4,7,0,0,0,0,0,2.7,2.07,1.08,9.95,2.85,0.31,3.49,0.275,0.079,0.721,0.364
2026,p1400199,1400199,齋藤 綱記,中日,セ,59,左投,False,52,42.1,127,176,658,32,5,48,14,2,18,14,4,3,0,12,12,4,16,2.98,3.21,1.09,10.2,2.98,1.06,3.43,0.273,0.08,0.732,0.571
2026,p2117509,2117509,ウィットリー,巨人,セ,26,右投,False,14,81.2,245,325,1273,48,5,97,36,6,26,21,3,4,0,0,0,0,0,2.31,2.77,1.03,10.69,3.97,0.55,2.69,0.298,0.111,0.771,0.429
2026,p1961886,1961886,ハワード,巨人,セ,28,右投,False,7,37.1,112,153,599,30,2,42,13,0,9,8,3,3,0,0,0,0,0,1.93,2.3,1.15,10.12,3.13,0.48,3.23,0.275,0.085,0.846,0.5
2026,p1561778,1561778,バルドナード,巨人,セ,49,左投,False,2,1.1,4,11,56,4,0,1,3,0,4,2,0,0,0,0,0,0,0,13.5,8.06,5.25,6.75,20.25,0.0,0.33,0.091,0.273,0.429,
2026,p2122496,2122496,マタ,巨人,セ,42,右投,False,7,34,102,147,596,22,0,38,21,5,10,10,2,1,0,0,0,0,0,2.65,2.87,1.26,10.06,5.56,0.0,1.81,0.259,0.143,0.792,0.667
2026,p1700010,1700010,マルティネス,巨人,セ,92,右投,False,54,51,153,186,776,27,2,56,10,1,8,7,5,3,41,3,3,5,8,1.24,1.77,0.73,9.88,1.76,0.35,5.6,0.301,0.054,0.852,0.625
2026,p1960444,1960444,ルシアーノ,巨人,セ,48,右投,False,12,12,36,51,211,10,2,10,7,0,7,7,0,1,0,6,6,0,6,5.25,5.06,1.42,7.5,5.25,1.5,1.43,0.196,0.137,0.704,0.0
2026,p1500052,1500052,中川 皓太,巨人,セ,41,左投,False,46,35,105,139,545,26,3,36,6,1,9,9,3,1,0,21,22,3,25,2.31,2.47,0.91,9.26,1.54,0.77,6.0,0.259,0.043,0.833,0.75
2026,p1900019,1900019,井上 温大,巨人,セ,97,左投,True,22,141,423,554,2190,113,9,140,29,2,39,33,10,8,0,0,0,0,0,2.11,2.31,1.01,8.94,1.85,0.57,4.83,0.253,0.052,0.799,0.556
2026,p2050423,2050423,代木 大和,巨人,セ,25,左投,False,11,24.1,73,101,384,19,2,20,8,1,7,7,1,0,0,1,1,0,1,2.59,3.34,1.11,7.4,2.96,0.74,2.5,0.198,0.079,0.833,1.0
2026,p1200117,1200117,則本 昂大,巨人,セ,43,右投,False,15,58.1,175,255,1049,71,9,41,19,2,32,32,3,4,0,0,0,1,1,4.94,4.49,1.54,6.33,2.93,1.39,2.16,0.161,0.075,0.756,0.429
2026,p1700029,1700029,北浦 竜次,巨人,セ,56,左投,False,13,12.1,37,55,216,15,3,8,4,0,11,11,0,0,0,2,3,0,3,8.03,5.65,1.54,5.84,2.92,2.19,2.0,0.145,0.073,0.541,
2026,p2108022,2108022,又木 鉄平,巨人,セ,46,左投,False,5,15,45,72,286,23,0,9,7,2,8,8,1,1,0,0,0,1,1,4.8,3.41,2.0,5.4,4.2,0.0,1.29,0.125,0.097,0.75,0.5
2026,p1900016,1900016,堀田 賢慎,巨人,セ,91,右投,False,37,37,111,144,542,21,1,25,13,0,3,3,1,1,0,9,10,1,11,0.73,2.86,0.92,6.08,3.16,0.24,1.92,0.174,0.09,0.951,0.5
2026,p2103697,2103697,大勢,巨人,セ,15,右投,False,32,29.1,88,110,430,15,2,33,6,1,11,7,1,1,3,22,22,1,23,2.15,2.16,0.72,10.12,1.84,0.61,5.5,0.3,0.055,0.573,0.5
2026,p2117397,2117397,宮原 駿介,巨人,セ,57,左投,False,5,4.1,13,20,68,6,0,3,3,0,1,1,1,0,0,0,0,1,1,2.08,3.5,2.08,6.23,6.23,0.0,1.0,0.15,0.15,0.889,1.0
2026,p1500074,1500074,小笠原 慎之介,巨人,セ,98,左投,False,10,61.1,184,244,944,49,4,49,11,4,18,17,4,4,0,0,0,0,0,2.49,2.79,0.98,7.19,1.61,0.59,4.45,0.201,0.045,0.788,0.5
2026,p2119000,2119000,山城 京平,巨人,セ,36,左投,False,1,2,6,13,67,3,0,1,3,2,5,5,0,0,0,0,0,0,0,22.5,9.31,3.0,4.5,13.5,0.0,0.33,0.077,0.231,0.375,
2026,p1750087,1750087,山田 龍聖,巨人,セ,64,左投,False,2,3,9,14,62,1,0,1,4,0,0,0,0,0,0,0,0,0,0,0.0,6.14,1.67,3.0,12.0,0.0,0.25,0.071,0.286,1.0,
2026,p2000006,2000006,山﨑 伊織,巨人,セ,19,右投,False,5,29.1,88,131,543,31,3,22,13,1,16,16,1,1,0,0,0,0,0,4.91,4.07,1.5,6.75,3.99,0.92,1.69,0.168,0.099,0.711,0.5
2026,p2000005,2000005,平内 龍太,巨人,セ,66,右投,False,7,7.2,23,30,90,6,0,4,1,1,1,0,0,0,0,1,1,0,1,0.0,2.55,0.91,4.7,1.17,0.0,4.0,0.133,0.033,0.875,
2026,p1800028,1800028,戸郷 翔征,巨人,セ,20,右投,False,13,71.1,214,301,1253,56,8,74,23,9,29,21,4,3,0,0,0,0,0,2.65,3.54,1.11,9.34,2.9,1.01,3.22,0.246,0.076,0.768,0.571
2026,p1450977,1450977,森田 駿哉,巨人,セ,47,左投,False,30,37.2,113,155,580,31,3,30,10,3,11,11,0,0,0,11,12,0,12,2.63,3.29,1.09,7.17,2.39,0.72,3.0,0.194,0.065,0.829,
2026,p1800111,1800111,泉 圭輔,巨人,セ,63,右投,False,15,13.2,41,58,232,15,2,9,4,0,4,4,0,0,0,0,0,0,0,2.63,4.27,1.39,5.93,2.63,1.32,2.25,0.155,0.069,0.926,
2026,p700069,700069,田中 将大,巨人,セ,11,右打,False,13,68.1,205,295,1085,74,3,49,23,0,32,26,4,4,0,0,0,0,0,3.42,2.96,1.42,6.45,3.03,0.4,2.13,0.166,0.078,0.7,0.5
2026,p1700027,1700027,田中 瑛斗,巨人,セ,45,右投,False,59,51.2,155,209,719,41,0,30,17,4,11,9,3,3,2,40,40,3,43,1.57,2.87,1.12,5.23,2.96,0.0,1.76,0.144,0.081,0.823,0.5
2026,p2118291,2118291,田和 廉,巨人,セ,30,右投,False,32,28.1,85,120,465,21,1,18,13,4,6,6,0,0,0,3,3,0,3,1.91,3.8,1.2,5.72,4.13,0.32,1.38,0.15,0.108,0.874,
2026,p2000040,2000040,石川 達也,巨人,セ,65,左投,False,7,7.1,22,38,142,15,2,5,4,0,12,12,0,0,0,0,0,0,0,14.73,6.63,2.59,6.14,4.91,2.45,1.25,0.132,0.105,0.432,
2026,p2118993,2118993,竹丸 和幸,巨人,セ,21,左投,False,21,121.2,365,513,2013,114,14,138,37,3,53,46,11,9,0,0,0,0,0,3.4,3.02,1.24,10.21,2.74,1.04,3.73,0.269,0.072,0.751,0.55
2026,p1450689,1450689,船迫 大雅,巨人,セ,58,右投,False,46,32,96,127,490,21,2,23,13,2,9,9,4,1,0,16,17,4,21,2.53,3.59,1.06,6.47,3.66,0.56,1.77,0.181,0.102,0.813,0.8
2026,p1850035,1850035,西舘 勇陽,巨人,セ,17,右投,False,11,52,156,220,924,38,7,60,24,4,15,15,2,4,0,0,0,0,0,2.6,3.87,1.19,10.38,4.15,1.21,2.5,0.273,0.109,0.907,0.333
2026,p2103689,2103689,赤星 優志,巨人,セ,31,右投,False,41,52,156,222,849,50,3,35,15,4,17,17,6,4,0,5,7,5,12,2.94,3.31,1.25,6.06,2.6,0.52,2.33,0.158,0.068,0.802,0.6
2026,p1600100,1600100,高梨 雄平,巨人,セ,53,左投,False,18,10,30,50,205,14,2,13,6,0,3,3,1,0,0,5,5,1,6,2.7,4.61,2.0,11.7,5.4,1.8,2.17,0.26,0.12,0.988,1.0
2026,p1600125,1600125,アドゥワ 誠,広島,セ,48,右投,False,6,17.2,53,86,320,25,3,17,6,2,13,13,0,2,0,0,0,0,0,6.62,4.45,1.75,8.66,3.06,1.53,2.83,0.198,0.07,0.694,0.0
2026,p2108238,2108238,ターノック,広島,セ,42,右投,False,20,53.1,160,230,934,50,0,54,18,5,24,23,0,6,0,5,5,0,5,3.88,2.08,1.27,9.11,3.04,0.0,3.0,0.235,0.078,0.671,0.0
2026,p1960397,1960397,ハーン,広島,セ,68,左投,False,37,35.1,106,145,575,25,0,45,10,2,8,6,2,2,1,26,26,2,28,1.53,1.28,0.99,11.46,2.55,0.0,4.5,0.31,0.069,0.784,0.5
2026,p1000116,1000116,中﨑 翔太,広島,セ,21,右投,False,27,25.1,76,108,437,19,2,21,13,1,9,9,1,4,6,6,6,1,7,3.2,3.84,1.26,7.46,4.62,0.71,1.62,0.194,0.12,0.795,0.2
2026,p1400175,1400175,塹江 敦哉,広島,セ,36,左投,False,28,31.1,94,127,511,23,1,32,13,2,12,12,1,2,0,0,0,1,1,3.45,2.62,1.15,9.19,3.73,0.29,2.46,0.252,0.102,0.71,0.333
2026,p1300057,1300057,大瀬良 大地,広島,セ,14,右投,False,12,16.2,50,75,302,20,1,20,6,0,11,11,0,2,0,3,3,0,3,5.94,2.27,1.56,10.8,3.24,0.54,3.33,0.267,0.08,0.61,0.0
2026,p2114807,2114807,岡本 駿,広島,セ,53,右投,False,26,101.2,305,428,1637,96,9,83,34,1,50,48,7,7,0,4,4,1,5,4.25,3.36,1.28,7.35,3.01,0.8,2.44,0.194,0.079,0.684,0.5
2026,p1800073,1800073,島内 颯太郎,広島,セ,43,右投,False,12,11,33,51,215,8,0,11,9,2,5,5,0,1,0,1,1,0,1,4.09,3.81,1.55,9.0,7.36,0.0,1.22,0.216,0.176,0.737,0.0
2026,p2100026,2100026,工藤 泰己,広島,セ,35,右投,False,2,2.2,8,12,34,3,0,3,1,0,1,1,0,0,0,0,0,0,0,3.38,1.69,1.5,10.12,3.38,0.0,3.0,0.25,0.083,0.75,
2026,p2110267,2110267,常廣 羽也斗,広島,セ,17,右投,False,7,8,24,39,163,9,0,6,7,0,4,4,0,0,0,0,0,0,0,4.5,3.94,2.0,6.75,7.88,0.0,0.86,0.154,0.179,0.75,
2026,p1600123,1600123,床田 寛樹,広島,セ,19,左投,True,22,134.1,403,568,2068,136,13,79,36,2,54,43,7,6,0,0,0,0,0,2.88,3.74,1.28,5.29,2.41,0.87,2.19,0.139,0.063,0.77,0.538
2026,p2107847,2107847,斉藤 優汰,広島,セ,47,右投,False,7,33.2,101,148,590,34,4,26,13,1,18,17,2,3,0,0,0,0,0,4.54,4.06,1.4,6.95,3.48,1.07,2.0,0.176,0.088,0.708,0.4
2026,p2112142,2112142,杉田 健,広島,セ,50,右投,False,5,5.2,17,21,98,0,0,6,4,0,1,1,0,0,0,0,0,0,0,1.59,2.81,0.71,9.53,6.35,0.0,1.5,0.286,0.19,0.75,
2026,p1651377,1651377,松本 竜也,広島,セ,45,右投,False,1,0.1,1,5,22,2,0,1,1,1,2,2,0,0,0,0,0,0,0,54.0,14.81,9.0,27.0,27.0,0.0,1.0,0.2,0.2,0.5,
2026,p2000060,2000060,栗林 良吏,広島,セ,20,右投,False,17,110.1,331,432,1576,85,6,97,15,2,35,32,7,6,0,0,0,0,0,2.61,2.22,0.91,7.91,1.22,0.49,6.47,0.225,0.035,0.716,0.538
2026,p2103788,2103788,森 翔平,広島,セ,16,左投,False,17,91,273,375,1441,84,13,74,27,1,38,37,3,6,0,0,0,1,1,3.66,3.96,1.22,7.32,2.67,1.29,2.74,0.197,0.072,0.789,0.333
2026,p1900052,1900052,森下 暢仁,広島,セ,18,右投,False,22,132.2,398,561,2197,116,13,110,49,3,56,51,7,11,0,0,0,0,0,3.46,3.6,1.24,7.46,3.32,0.88,2.24,0.196,0.087,0.748,0.389
2026,p2000061,2000061,森浦 大輔,広島,セ,13,左投,False,57,55.2,167,223,914,41,4,76,15,3,18,15,5,2,22,12,12,5,17,2.43,1.98,1.01,12.29,2.43,0.65,5.07,0.341,0.067,0.768,0.714
2026,p1900057,1900057,玉村 昇悟,広島,セ,65,左投,False,13,68,204,272,1034,58,6,52,14,4,24,21,1,5,0,0,0,0,0,2.78,3.22,1.06,6.88,1.85,0.79,3.71,0.191,0.051,0.769,0.167
2026,p2105565,2105565,益田 武尚,広島,セ,26,右投,False,16,17.2,53,85,318,26,0,12,6,2,10,10,0,0,0,0,0,0,0,5.09,2.81,1.81,6.11,3.06,0.0,2.0,0.141,0.071,0.706,
2026,p2117693,2117693,菊地 ハルン,広島,セ,67,右投,False,15,13,39,61,243,16,2,13,6,1,10,10,0,1,0,3,3,0,3,6.92,4.43,1.69,9.0,4.15,1.38,2.17,0.213,0.098,0.644,0.0
2026,p2114641,2114641,赤木 晴哉,広島,セ,38,右投,False,12,14.1,43,68,258,20,0,7,4,0,9,9,0,0,0,0,0,0,0,5.65,2.67,1.67,4.4,2.51,0.0,1.75,0.103,0.059,0.625,
2026,p2106037,2106037,辻 大雅,広島,セ,98,左投,False,36,32.2,98,142,564,27,4,34,20,1,17,17,2,2,0,6,7,2,9,4.68,4.25,1.44,9.37,5.51,1.1,1.7,0.239,0.141,0.731,0.5
2026,p1700072,1700072,遠藤 淳志,広島,セ,66,右投,False,57,56.2,170,229,952,44,6,59,16,1,15,15,4,2,0,21,21,4,25,2.38,3.0,1.06,9.37,2.54,0.95,3.69,0.258,0.07,0.875,0.667
2026,p1900073,1900073,鈴木 健矢,広島,セ,41,右投,False,34,66.1,199,270,978,59,6,32,16,5,19,19,3,2,0,2,2,1,3,2.58,3.97,1.13,4.34,2.17,0.81,2.0,0.119,0.059,0.852,0.6
2026,p1950429,1950429,髙 太一,広島,セ,22,左投,False,52,48,144,198,811,39,2,49,16,3,13,11,3,2,0,22,23,3,26,2.06,2.5,1.15,9.19,3.0,0.38,3.06,0.247,0.081,0.815,0.6
2026,p1750941,1750941,黒原 拓未,広島,セ,24,左投,False,10,9.1,28,52,189,21,0,9,4,0,12,10,0,0,0,1,1,0,1,9.64,2.17,2.68,8.68,3.86,0.0,2.25,0.173,0.077,0.52,
2026,p2119338,2119338,齊藤 汰直,広島,セ,11,右投,False,10,9.2,29,49,177,18,1,5,4,0,10,10,0,1,0,1,1,0,1,9.31,4.36,2.28,4.66,3.72,0.93,1.25,0.102,0.082,0.583,0.0
2026,p2117491,2117491,ラオ,日本ハム,パ,30,右投,False,3,5,15,21,82,5,1,4,0,1,2,2,0,0,0,0,1,0,1,3.6,4.38,1.0,7.2,0.0,1.8,,0.19,0.0,0.87,
2026,p1500109,1500109,上原 健太,日本ハム,パ,20,左投,False,42,38,114,160,650,33,7,31,14,1,17,17,2,3,0,11,11,2,13,4.03,4.73,1.24,7.34,3.32,1.66,2.21,0.194,0.087,0.812,0.4
2026,p2000079,2000079,伊藤 大海,日本ハム,パ,17,右投,True,25,164.2,494,703,2589,180,16,153,34,4,66,61,9,10,0,0,0,0,0,3.33,2.88,1.3,8.36,1.86,0.87,4.5,0.218,0.048,0.777,0.474
2026,p1500110,1500110,加藤 貴之,日本ハム,パ,14,左投,False,20,115,345,457,1657,104,13,59,13,0,44,37,12,3,0,0,0,0,0,2.9,3.56,1.02,4.62,1.02,1.02,4.54,0.129,0.028,0.739,0.8
2026,p1750903,1750903,北山 亘基,日本ハム,パ,15,右投,True,23,142.2,428,569,2300,110,14,134,34,4,51,42,12,3,0,0,0,0,0,2.65,2.98,1.01,8.45,2.14,0.88,3.94,0.236,0.06,0.755,0.8
2026,p2100554,2100554,古林 睿煬,日本ハム,パ,37,右投,False,7,12,36,61,247,15,2,15,10,0,10,10,0,1,0,1,1,0,1,7.5,4.95,2.08,11.25,7.5,1.5,1.5,0.246,0.164,0.676,0.0
2026,p1600133,1600133,堀 瑞輝,日本ハム,パ,34,左投,False,42,33.2,101,138,582,28,2,50,9,0,9,9,4,1,1,18,18,4,22,2.41,1.38,1.1,13.37,2.41,0.53,5.56,0.362,0.065,0.819,0.8
2026,p2100085,2100085,大川 慈英,日本ハム,パ,27,右投,False,4,5.2,17,33,134,9,2,2,5,0,9,6,0,0,0,1,1,0,1,9.53,9.31,2.47,3.18,7.94,3.18,0.4,0.061,0.152,0.446,
2026,p2106890,2106890,孫 易磊,日本ハム,パ,96,右投,False,20,28.2,86,117,479,22,1,26,13,0,10,9,2,1,0,6,6,1,7,2.83,2.78,1.22,8.16,4.08,0.31,2.0,0.222,0.111,0.744,0.667
2026,p800052,800052,宮西 尚生,日本ハム,パ,25,左投,False,8,7.2,23,38,146,11,0,6,5,0,4,4,0,0,0,0,0,0,0,4.7,3.17,2.09,7.04,5.87,0.0,1.2,0.158,0.132,0.75,
2026,p1700106,1700106,山本 拓実,日本ハム,パ,67,右投,False,15,14.2,44,62,238,11,2,14,7,1,8,8,1,0,1,2,2,1,3,4.91,4.28,1.23,8.59,4.3,1.23,2.0,0.226,0.113,0.679,1.0
2026,p1400195,1400195,山﨑 福也,日本ハム,パ,18,左投,False,17,60.2,182,243,922,54,7,30,18,3,18,18,5,1,0,0,0,0,0,2.67,4.33,1.19,4.45,2.67,1.04,1.67,0.123,0.074,0.874,0.833
2026,p1000164,1000164,島本 浩也,日本ハム,パ,40,左投,False,45,37,111,157,604,32,3,22,15,1,13,10,2,3,2,22,22,2,24,2.43,3.94,1.27,5.35,3.65,0.73,1.47,0.14,0.096,0.799,0.4
2026,p1400117,1400117,有原 航平,日本ハム,パ,74,右投,False,16,97.1,292,411,1543,106,11,66,23,4,55,47,7,8,0,0,0,0,0,4.35,3.73,1.33,6.1,2.13,1.02,2.87,0.161,0.056,0.663,0.467
2026,p1900063,1900063,松岡 洸希,日本ハム,パ,93,右投,False,1,1,3,8,34,2,0,0,2,0,2,1,0,1,0,0,0,0,0,9.0,8.78,4.0,0.0,18.0,0.0,0.0,0.0,0.25,0.5,0.0
2026,p2103635,2103635,柳川 大晟,日本ハム,パ,47,右投,False,51,50,150,192,826,23,2,55,21,0,10,9,4,1,28,5,5,4,9,1.62,2.36,0.88,9.9,3.78,0.36,2.62,0.286,0.109,0.825,0.8
2026,p2117696,2117696,柴田 獅子,日本ハム,パ,31,右投,False,8,13.1,40,59,248,13,2,14,5,2,3,3,0,1,0,2,3,0,3,2.02,4.21,1.35,9.45,3.38,1.35,2.8,0.237,0.085,0.988,0.0
2026,p1600093,1600093,池田 隆英,日本ハム,パ,52,右投,False,7,6.2,20,32,125,9,2,7,3,0,7,7,0,0,0,0,0,0,0,9.45,5.93,1.8,9.45,4.05,2.7,2.33,0.219,0.094,0.543,
2026,p1900070,1900070,河野 竜生,日本ハム,パ,28,左投,False,5,3.2,11,17,86,3,0,3,2,1,0,0,0,0,0,0,0,0,0,0.0,3.6,1.36,7.36,4.91,0.0,1.5,0.176,0.118,1.0,
2026,p2111202,2111202,清水 大暉,日本ハム,パ,62,右投,False,2,1.2,5,11,58,3,0,1,3,0,2,2,0,0,0,0,0,0,0,10.8,6.98,3.6,5.4,16.2,0.0,0.33,0.091,0.273,0.667,
2026,p1600139,1600139,玉井 大翔,日本ハム,パ,19,右投,False,12,9.2,29,37,143,9,2,3,1,1,3,3,1,0,0,1,1,1,2,2.79,5.47,1.03,2.79,0.93,1.86,3.0,0.081,0.027,0.976,1.0
2026,p1800092,1800092,生田目 翼,日本ハム,パ,13,右投,False,14,14,42,57,193,14,2,10,3,0,7,7,0,0,0,0,0,0,0,4.5,3.85,1.21,6.43,1.93,1.29,3.33,0.175,0.053,0.704,
2026,p1600164,1600164,田中 正義,日本ハム,パ,26,右投,False,40,38,114,157,625,32,3,37,10,2,20,18,1,4,1,18,18,1,19,4.26,2.81,1.11,8.76,2.37,0.71,3.7,0.236,0.064,0.603,0.2
2026,p2050199,2050199,畔柳 亨丞,日本ハム,パ,46,右投,False,7,8,24,35,162,6,0,8,5,1,3,3,0,0,0,2,2,0,2,3.38,3.03,1.38,9.0,5.62,0.0,1.6,0.229,0.143,0.75,
2026,p2106284,2106284,矢澤 宏太,日本ハム,パ,12,左打,False,1,0.1,1,3,17,1,0,0,1,0,0,0,0,0,0,0,0,0,0,0.0,11.78,6.0,0.0,27.0,0.0,0.0,0.0,0.333,1.0,
2026,p2100027,2100027,福島 蓮,日本ハム,パ,45,右投,False,26,75.1,226,317,1241,68,7,78,24,2,28,28,5,4,1,5,6,2,8,3.35,2.95,1.22,9.32,2.87,0.84,3.25,0.246,0.076,0.784,0.556
2026,p1200055,1200055,福谷 浩司,日本ハム,パ,41,右投,False,12,12.2,38,54,189,15,4,6,3,0,6,6,0,1,0,1,1,0,1,4.26,6.65,1.42,4.26,2.13,2.84,2.0,0.111,0.056,0.968,0.0
2026,p2111822,2111822,細野 晴希,日本ハム,パ,29,左投,False,12,73.2,221,306,1157,57,6,81,22,7,30,28,3,5,0,0,0,0,0,3.42,2.82,1.07,9.9,2.69,0.73,3.68,0.265,0.072,0.722,0.375
2026,p2103705,2103705,菊地 大稀,日本ハム,パ,55,右投,False,6,6.1,19,28,125,7,1,6,2,0,3,3,0,0,1,0,0,0,0,4.26,3.89,1.42,8.53,2.84,1.42,3.0,0.214,0.071,0.789,
2026,p1950486,1950486,進藤 勇也,日本ハム,パ,33,右打,False,1,0.1,1,1,2,0,0,0,0,0,0,0,0,0,0,0,0,0,0,0.0,2.78,0.0,0.0,0.0,0.0,,0.0,0.0,,
2026,p2050307,2050307,達 孝太,日本ハム,パ,16,右投,False,27,124.2,374,506,2003,95,12,126,29,6,44,41,5,8,2,5,5,0,5,2.96,2.85,0.99,9.1,2.09,0.87,4.34,0.249,0.057,0.76,0.385
2026,p2107859,2107859,金村 尚真,日本ハム,パ,24,右投,False,16,24.2,74,115,452,32,5,21,11,0,19,15,0,0,0,0,0,0,0,5.47,5.05,1.74,7.66,4.01,1.82,1.91,0.183,0.096,0.667,
2026,p1800068,1800068,齋藤 友貴哉,日本ハム,パ,48,右投,False,17,14.2,44,71,246,21,2,10,10,0,15,15,0,1,0,2,2,0,2,9.2,5.23,2.11,6.14,6.14,1.23,1.0,0.141,0.141,0.567,0.0
2026,p1560256,1560256,ウレーニャ,楽天,パ,22,右投,False,15,59.2,179,266,1013,65,5,45,23,6,27,26,3,4,0,0,0,1,1,3.92,3.82,1.47,6.79,3.47,0.75,1.96,0.169,0.086,0.77,0.429
2026,p2108107,2108107,コントレラス,楽天,パ,15,右投,False,5,13,39,62,256,15,3,5,10,2,10,10,0,1,0,0,0,0,0,6.92,7.78,1.92,3.46,6.92,2.08,0.5,0.081,0.161,0.746,0.0
2026,p1961412,1961412,マルテ,楽天,パ,23,右投,False,16,15.2,47,63,278,11,3,20,3,2,9,9,0,2,0,4,4,0,4,5.17,3.67,0.89,11.49,1.72,1.72,6.67,0.317,0.048,0.593,0.0
2026,p1850921,1850921,中込 陽翔,楽天,パ,26,右投,False,16,13.1,40,69,286,16,3,8,7,4,14,11,1,2,0,1,1,1,2,7.42,6.98,1.72,5.4,4.72,2.02,1.14,0.116,0.101,0.57,0.333
2026,p2121018,2121018,九谷 瑠,楽天,パ,45,右投,False,37,40.1,121,162,638,26,2,41,15,1,13,9,2,1,0,14,15,2,17,2.01,2.58,1.02,9.15,3.35,0.45,2.73,0.253,0.093,0.74,0.667
2026,p1950716,1950716,伊藤 樹,楽天,パ,20,右投,False,5,24,72,107,439,25,1,21,12,1,9,9,2,0,0,0,0,0,0,3.38,3.2,1.54,7.88,4.5,0.38,1.75,0.196,0.112,0.792,1.0
2026,p2000126,2000126,内 星龍,楽天,パ,69,右投,False,25,31.1,94,134,485,26,4,25,14,0,22,22,0,2,0,4,4,0,4,6.32,4.18,1.28,7.18,4.02,1.15,1.79,0.187,0.104,0.523,0.0
2026,p700049,700049,前田 健太,楽天,パ,18,右投,False,14,80.1,241,316,1312,65,5,64,18,1,23,20,5,4,0,0,0,0,0,2.24,2.71,1.03,7.17,2.02,0.56,3.56,0.203,0.057,0.792,0.556
2026,p1300076,1300076,加治屋 蓮,楽天,パ,41,右投,False,43,40.1,121,174,636,41,2,35,13,6,15,13,2,2,0,16,16,2,18,2.9,3.1,1.34,7.81,2.9,0.45,2.69,0.201,0.075,0.787,0.5
2026,p2110316,2110316,古謝 樹,楽天,パ,17,左投,False,18,104.2,314,441,1672,100,11,93,29,5,46,40,2,10,0,0,0,0,0,3.44,3.34,1.23,8.0,2.49,0.95,3.21,0.211,0.066,0.742,0.167
2026,p2100392,2100392,古賀 康誠,楽天,パ,61,左投,False,1,1,3,6,27,3,0,1,0,0,2,2,0,0,0,0,0,0,0,18.0,0.78,3.0,9.0,0.0,0.0,,0.167,0.0,0.333,
2026,p1600012,1600012,宋 家豪,楽天,パ,43,右投,False,18,14.2,44,71,241,28,2,8,4,0,7,5,2,0,0,2,2,2,4,3.07,4.28,2.18,4.91,2.45,1.23,2.0,0.113,0.056,0.856,1.0
2026,p700065,700065,岸 孝之,楽天,パ,11,右投,False,10,61,183,251,962,55,6,45,15,1,23,19,4,5,0,0,0,0,0,2.8,3.37,1.15,6.64,2.21,0.89,3.0,0.179,0.06,0.767,0.444
2026,p2108325,2108325,日當 直喜,楽天,パ,54,右投,False,5,6,18,28,118,8,1,4,2,0,3,2,0,0,0,0,0,0,0,3.0,4.61,1.67,6.0,3.0,1.5,2.0,0.143,0.071,0.814,
2026,p2000121,2000121,早川 隆久,楽天,パ,21,左投,True,21,140,420,558,2143,110,15,126,34,1,46,44,7,8,0,0,0,0,0,2.83,3.12,1.03,8.1,2.19,0.96,3.71,0.226,0.061,0.798,0.467
2026,p2103765,2103765,柴田 大地,楽天,パ,71,右投,False,32,23.1,70,111,490,23,3,23,21,1,18,17,2,1,1,4,4,2,6,6.56,5.31,1.89,8.87,8.1,1.16,1.1,0.207,0.189,0.662,0.667
2026,p2112429,2112429,江原 雅裕,楽天,パ,40,右投,False,4,6,18,29,126,9,0,8,4,0,5,5,0,0,0,0,0,0,0,7.5,2.11,2.17,12.0,6.0,0.0,2.0,0.276,0.138,0.615,
2026,p2102124,2102124,泰 勝利,楽天,パ,59,左投,False,25,23.2,71,105,424,14,2,31,18,1,11,9,2,3,0,10,11,2,13,3.42,3.67,1.35,11.79,6.85,0.76,1.72,0.295,0.171,0.728,0.4
2026,p1900114,1900114,津留﨑 大成,楽天,パ,52,右投,False,24,26.2,80,111,417,18,2,24,12,2,10,10,0,0,0,0,1,0,1,3.38,3.53,1.12,8.1,4.05,0.67,2.0,0.216,0.108,0.753,
2026,p2105140,2105140,渡辺 翔太,楽天,パ,31,右投,False,6,6,18,31,114,11,0,2,3,1,7,7,0,0,0,0,0,0,0,10.5,4.11,2.33,3.0,4.5,0.0,0.67,0.065,0.097,0.533,
2026,p1900117,1900117,瀧中 瞭太,楽天,パ,57,右投,False,19,107,321,457,1729,110,9,56,31,7,46,45,6,8,0,0,0,0,0,3.79,3.89,1.32,4.71,2.61,0.76,1.81,0.123,0.068,0.753,0.429
2026,p2107899,2107899,田中 千晴,楽天,パ,29,右投,False,18,15.2,47,77,277,19,0,18,11,1,9,6,1,2,1,4,4,1,5,3.45,2.78,1.91,10.34,6.32,0.0,1.64,0.234,0.143,0.71,0.333
2026,p2106793,2106793,荘司 康誠,楽天,パ,19,右投,True,24,151,453,618,2495,142,20,163,37,3,63,61,8,9,0,0,0,0,0,3.64,3.14,1.19,9.72,2.21,1.19,4.41,0.264,0.06,0.773,0.471
2026,p2000123,2000123,藤井 聖,楽天,パ,47,左投,False,9,44.2,134,189,720,48,4,27,8,2,19,17,2,3,0,0,0,0,0,3.43,3.41,1.25,5.44,1.61,0.81,3.38,0.143,0.042,0.744,0.4
2026,p2110493,2110493,藤原 聡大,楽天,パ,13,右投,False,13,24.1,73,113,415,34,3,18,9,3,17,14,0,2,0,0,0,0,0,5.18,4.38,1.77,6.66,3.33,1.11,2.0,0.159,0.08,0.694,0.0
2026,p1600092,1600092,藤平 尚真,楽天,パ,46,右投,False,45,42.1,127,165,645,31,2,46,9,0,10,10,0,2,27,8,8,0,8,2.13,1.86,0.94,9.78,1.91,0.43,5.11,0.279,0.055,0.806,0.0
2026,p1600101,1600101,西口 直人,楽天,パ,62,右投,False,8,7,21,30,96,6,1,10,1,2,4,4,0,1,0,1,1,0,1,5.14,3.07,1.0,12.86,1.29,1.29,10.0,0.333,0.033,0.658,0.0
2026,p1750493,1750493,西垣 雅矢,楽天,パ,49,右投,False,40,34.1,103,156,599,37,6,39,17,2,20,19,3,4,0,9,8,3,11,4.98,4.44,1.57,10.22,4.46,1.57,2.29,0.25,0.109,0.756,0.429
2026,p1800124,1800124,鈴木 翔天,楽天,パ,56,左投,False,29,25.1,76,117,487,28,3,27,13,1,20,17,0,3,0,14,14,0,14,6.04,3.85,1.62,9.59,4.62,1.07,2.08,0.231,0.111,0.582,0.0
2026,p1961294,1961294,E.ラミレス,西武,パ,56,右投,False,8,9,27,39,149,7,3,5,3,1,6,6,2,1,0,1,2,2,4,6.0,7.34,1.11,5.0,3.0,3.0,1.67,0.128,0.077,0.735,0.667
2026,p1860167,1860167,ウィンゲンター,西武,パ,45,右投,False,25,23,69,94,377,16,1,27,10,0,4,4,0,1,0,24,24,0,24,1.57,2.3,1.13,10.57,3.91,0.39,2.7,0.287,0.106,0.894,0.0
2026,p2117319,2117319,ワイナンス,西武,パ,30,右投,False,8,43.1,130,187,759,40,6,41,19,3,27,25,2,4,0,0,0,0,0,5.19,4.21,1.36,8.52,3.95,1.25,2.16,0.219,0.102,0.653,0.333
2026,p2106794,2106794,上田 大河,西武,パ,11,右投,False,14,19.1,58,84,324,19,3,16,6,0,10,8,2,1,0,1,1,2,3,3.72,4.07,1.29,7.45,2.79,1.4,2.67,0.19,0.071,0.721,0.667
2026,p1300061,1300061,中村 祐太,西武,パ,58,右投,False,21,26,78,96,393,15,4,30,3,1,7,6,1,1,0,2,2,1,3,2.08,2.93,0.69,10.38,1.04,1.38,10.0,0.312,0.031,0.896,0.5
2026,p2110118,2110118,佐藤 爽,西武,パ,75,左投,False,9,47,141,193,773,43,6,33,14,2,21,19,2,1,0,0,0,0,0,3.64,4.06,1.21,6.32,2.68,1.15,2.36,0.171,0.073,0.751,0.667
2026,p2103714,2103714,佐藤 隼輔,西武,パ,19,左投,False,34,29,87,126,446,30,1,27,7,1,16,13,4,1,1,9,9,4,13,4.03,2.19,1.28,8.38,2.17,0.31,3.86,0.214,0.056,0.601,0.8
2026,p2114252,2114252,冨士 大和,西武,パ,67,左投,False,2,2,6,14,68,7,1,3,1,0,5,5,0,0,0,0,0,0,0,22.5,7.78,4.0,13.5,4.5,4.5,3.0,0.214,0.071,0.455,
2026,p2103629,2103629,堀越 啓太,西武,パ,40,右投,False,2,2,6,9,33,3,0,1,0,0,1,1,0,0,0,0,0,0,0,4.5,1.78,1.5,4.5,0.0,0.0,,0.111,0.0,0.667,
2026,p2103133,2103133,山田 陽翔,西武,パ,36,右投,False,8,7.1,22,36,140,8,0,7,5,1,6,3,0,0,0,1,1,0,1,3.68,3.33,1.77,8.59,6.14,0.0,1.4,0.194,0.139,0.571,
2026,p2121154,2121154,岩城 颯空,西武,パ,20,左投,False,31,30.2,92,130,550,26,7,31,15,0,13,12,2,1,18,2,2,2,4,3.52,5.19,1.34,9.1,4.4,2.05,2.07,0.238,0.115,0.897,0.667
2026,p1700124,1700124,平良 海馬,西武,パ,61,右投,True,22,139,417,543,2180,91,4,134,44,7,24,21,11,5,0,0,0,0,0,1.36,2.33,0.97,8.68,2.85,0.26,3.05,0.247,0.081,0.865,0.688
2026,p2112161,2112161,成田 晴風,西武,パ,41,右投,False,2,2,6,11,50,4,1,0,3,0,3,3,0,0,0,0,0,0,0,13.5,13.78,3.5,0.0,13.5,4.5,0.0,0.0,0.273,0.714,
2026,p2112121,2112121,杉山 遙希,西武,パ,47,左投,False,1,5,15,22,73,5,0,4,1,0,2,1,0,1,0,0,0,0,0,1.8,1.78,1.2,7.2,1.8,0.0,4.0,0.182,0.045,0.667,0.0
2026,p1800080,1800080,松本 航,西武,パ,17,右投,False,9,10.1,31,46,172,11,2,14,3,0,8,8,0,0,1,0,0,0,0,6.97,3.46,1.35,12.19,2.61,1.74,4.67,0.304,0.065,0.536,
2026,p1800085,1800085,森脇 亮介,西武,パ,28,右投,False,22,20,60,85,359,17,1,15,7,0,8,7,1,2,0,7,8,1,9,3.15,2.98,1.2,6.75,3.15,0.45,2.14,0.176,0.082,0.708,0.333
2026,p2105080,2105080,武内 夏暉,西武,パ,21,左投,True,22,139,417,550,2124,128,12,104,26,2,56,52,11,8,0,0,0,0,0,3.37,3.01,1.11,6.73,1.68,0.78,4.0,0.189,0.047,0.718,0.579
2026,p1900062,1900062,浜屋 将太,西武,パ,90,左投,False,25,21.2,65,99,410,23,1,18,15,0,10,6,0,1,0,4,5,0,5,2.49,3.8,1.75,7.48,6.23,0.42,1.2,0.182,0.152,0.765,0.0
2026,p1800081,1800081,渡邉 勇太朗,西武,パ,12,右投,False,20,127,381,523,2025,112,10,99,40,0,52,51,5,7,0,0,0,0,0,3.61,3.19,1.2,7.02,2.83,0.71,2.48,0.189,0.076,0.725,0.417
2026,p1800106,1800106,甲斐野 央,西武,パ,34,右投,False,53,50.2,152,203,812,33,3,54,29,0,11,11,2,2,21,20,21,2,23,1.95,3.14,1.22,9.59,5.15,0.53,1.86,0.266,0.143,0.882,0.5
2026,p2117734,2117734,篠原 響,西武,パ,52,右投,False,43,41.2,125,175,687,33,2,46,17,1,15,11,2,3,1,29,29,2,31,2.38,2.49,1.2,9.94,3.67,0.43,2.71,0.263,0.097,0.747,0.4
2026,p2105503,2105503,糸川 亮太,西武,パ,23,右投,False,9,11.2,35,50,206,13,4,6,3,0,8,8,0,1,0,2,2,0,2,6.17,6.98,1.37,4.63,2.31,3.09,2.0,0.12,0.06,0.769,0.0
2026,p2103625,2103625,羽田 慎之介,西武,パ,43,左投,False,8,8.1,25,45,164,10,0,10,10,2,8,7,1,1,0,1,1,1,2,7.56,4.7,2.4,10.8,10.8,0.0,1.0,0.222,0.222,0.636,0.5
2026,p2103657,2103657,菅井 信也,西武,パ,71,左投,False,9,47,141,196,808,42,3,29,16,2,16,16,2,3,0,0,0,0,0,3.06,3.52,1.23,5.55,3.06,0.57,1.81,0.148,0.082,0.789,0.4
2026,p2000077,2000077,豆田 泰志,西武,パ,70,右投,False,29,36.2,110,144,542,27,0,33,12,0,6,6,2,0,2,4,4,2,6,1.47,1.96,1.06,8.1,2.95,0.0,2.75,0.229,0.083,0.846,1.0
2026,p1751148,1751148,隅田 知一郎,西武,パ,16,左投,True,23,166,498,636,2350,135,11,148,21,1,49,41,10,7,0,0,0,0,0,2.22,2.26,0.94,8.02,1.14,0.6,7.05,0.233,0.033,0.763,0.588
2026,p2106286,2106286,青山 美夏人,西武,パ,29,右投,False,2,2,6,10,47,3,0,2,1,0,2,2,0,0,0,0,0,0,0,9.0,2.28,2.0,9.0,4.5,0.0,2.0,0.2,0.1,0.5,
2026,p1400182,1400182,髙橋 光成,西武,パ,13,右投,False,21,132.1,397,526,2118,95,11,106,46,3,43,38,9,6,0,0,0,0,0,2.58,3.37,1.07,7.21,3.13,0.75,2.3,0.202,0.087,0.785,0.6
2026,p1600151,1600151,黒木 優太,西武,パ,54,右投,False,15,14.1,43,55,187,8,1,15,4,0,4,4,1,1,0,3,3,1,4,2.51,2.43,0.84,9.42,2.51,0.63,3.75,0.273,0.073,0.755,0.5
2026,p2103612,2103612,黒田 将矢,西武,パ,57,右投,False,29,24.1,73,111,416,26,2,19,12,1,11,11,2,0,0,6,6,2,8,4.07,3.89,1.56,7.03,4.44,0.74,1.58,0.171,0.108,0.773,1.0
2026,p2108124,2108124,セベリーノ,阪神,セ,97,左投,False,17,18,54,68,269,12,1,18,4,1,6,6,1,0,0,0,0,1,1,3.0,2.37,0.89,9.0,2.0,0.5,4.5,0.265,0.059,0.705,1.0
2026,p1600033,1600033,ドリス,阪神,セ,98,右投,False,49,45.2,137,190,743,37,1,56,18,0,9,8,2,3,19,19,20,2,22,1.58,1.82,1.2,11.04,3.55,0.2,3.11,0.295,0.095,0.858,0.4
2026,p2108105,2108105,モレッタ,阪神,セ,99,右投,False,19,16,48,70,301,14,3,22,7,2,11,11,2,2,0,5,5,2,7,6.19,4.19,1.31,12.38,3.94,1.69,3.14,0.314,0.1,0.638,0.5
2026,p2117268,2117268,ルーカス,阪神,セ,42,左投,False,6,25.2,77,111,447,27,3,25,9,0,12,12,1,2,0,0,0,0,0,4.21,3.43,1.4,8.77,3.16,1.05,2.78,0.225,0.081,0.755,0.333
2026,p2110265,2110265,下村 海翔,阪神,セ,19,右投,False,8,35,105,156,631,44,5,33,4,1,20,17,1,2,0,0,0,0,0,4.37,3.21,1.37,8.49,1.03,1.29,8.25,0.212,0.026,0.69,0.333
2026,p2109682,2109682,今朝丸 裕喜,阪神,セ,28,右投,False,3,8,24,36,131,10,1,3,2,1,5,5,0,1,0,0,0,0,0,5.62,4.81,1.5,3.38,2.25,1.12,1.5,0.083,0.056,0.69,0.0
2026,p1850363,1850363,伊原 陵人,阪神,セ,18,左投,False,8,36,108,158,672,33,4,34,15,3,18,13,4,2,0,0,0,0,0,3.25,3.87,1.33,8.5,3.75,1.0,2.27,0.215,0.095,0.727,0.667
2026,p2000052,2000052,伊藤 将司,阪神,セ,27,左投,False,10,48,144,198,784,44,6,36,12,2,18,15,2,2,0,0,0,0,0,2.81,3.81,1.17,6.75,2.25,1.12,3.0,0.182,0.061,0.806,0.5
2026,p1900046,1900046,及川 雅貴,阪神,セ,37,左投,False,43,40.1,121,170,642,40,5,26,11,2,20,17,2,1,0,9,9,2,11,3.79,4.1,1.26,5.8,2.45,1.12,2.36,0.153,0.065,0.717,0.667
2026,p1700137,1700137,大竹 耕太郎,阪神,セ,21,左投,False,17,95.2,287,379,1358,90,7,55,16,0,36,30,6,9,0,0,0,0,0,2.82,3.11,1.11,5.17,1.51,0.66,3.44,0.145,0.042,0.728,0.4
2026,p2106172,2106172,富田 蓮,阪神,セ,50,左投,False,1,2,6,10,43,4,1,2,0,0,3,3,0,0,0,0,0,0,0,13.5,7.31,2.0,9.0,0.0,4.5,,0.2,0.0,0.385,
2026,p2103848,2103848,岡留 英貴,阪神,セ,64,右投,False,9,9.1,28,34,142,6,1,13,2,0,1,1,0,0,0,2,2,0,2,0.96,2.06,0.86,12.54,1.93,0.96,6.5,0.382,0.059,1.0,
2026,p1300075,1300075,岩崎 優,阪神,セ,13,左投,False,45,42,126,170,647,37,2,36,14,1,13,13,3,3,11,15,16,3,19,2.79,2.79,1.21,7.71,3.0,0.43,2.57,0.212,0.082,0.793,0.5
2026,p1300070,1300070,岩貞 祐太,阪神,セ,14,左投,False,1,0.2,2,7,29,3,0,0,1,0,3,1,0,0,0,0,0,0,0,13.5,7.31,6.0,0.0,13.5,0.0,0.0,0.0,0.143,0.25,
2026,p2112146,2112146,工藤 泰成,阪神,セ,49,右投,False,52,55.2,167,221,892,43,0,71,13,1,8,6,3,0,11,12,13,3,16,0.97,1.01,1.01,11.48,2.1,0.0,5.46,0.321,0.059,0.86,1.0
2026,p1600115,1600115,才木 浩人,阪神,セ,35,右投,True,23,146,438,579,2311,113,12,170,26,2,41,38,9,5,0,0,0,0,0,2.34,2.13,0.95,10.48,1.6,0.74,6.54,0.294,0.045,0.805,0.643
2026,p2112127,2112127,早川 太貴,阪神,セ,51,右投,False,9,13.2,41,70,257,20,3,15,7,1,15,14,0,2,0,1,1,0,1,9.22,5.22,1.98,9.88,4.61,1.98,2.14,0.214,0.1,0.546,0.0
2026,p2112444,2112444,木下 里都,阪神,セ,54,右投,False,41,45.1,136,194,825,43,2,46,17,1,10,9,4,2,0,14,13,4,17,1.79,2.55,1.32,9.13,3.38,0.4,2.71,0.237,0.088,0.876,0.667
2026,p2000055,2000055,村上 頌樹,阪神,セ,41,右投,True,26,175.1,526,686,2829,136,14,150,33,3,41,36,10,9,0,0,0,0,0,1.85,2.75,0.96,7.7,1.69,0.72,4.55,0.219,0.048,0.86,0.526
2026,p2103707,2103707,桐敷 拓馬,阪神,セ,47,左投,False,23,20,60,94,364,22,2,12,6,5,12,12,1,2,1,7,7,1,8,5.4,4.56,1.4,5.4,2.7,0.9,2.0,0.128,0.064,0.695,0.333
2026,p2105582,2105582,椎葉 剛,阪神,セ,26,右投,False,4,7,21,34,121,8,3,4,5,0,5,5,0,0,0,0,0,0,0,6.43,9.38,1.86,5.14,6.43,3.86,0.8,0.118,0.147,0.909,
2026,p2112141,2112141,津田 淳哉,阪神,セ,66,右投,False,9,10.1,31,45,183,11,1,8,5,1,5,5,0,0,0,0,0,0,0,4.35,4.26,1.55,6.97,4.35,0.87,1.6,0.178,0.111,0.769,
2026,p1800070,1800070,湯浅 京己,阪神,セ,65,右投,False,25,24.1,73,96,400,21,2,20,10,0,9,9,3,0,0,2,2,3,5,3.33,3.47,1.27,7.4,3.7,0.74,2.0,0.208,0.104,0.78,1.0
2026,p1600060,1600060,畠 世周,阪神,セ,36,右投,False,11,10.2,32,39,170,6,1,7,3,1,3,3,0,1,0,3,3,0,3,2.53,3.84,0.84,5.91,2.53,0.84,2.33,0.179,0.077,0.814,0.0
2026,p2000058,2000058,石井 大智,阪神,セ,69,右投,False,8,8,24,36,145,10,3,9,4,0,5,5,1,2,0,1,1,1,2,5.62,6.94,1.75,10.12,4.5,3.38,2.25,0.25,0.111,0.918,0.333
2026,p2106233,2106233,石黒 佑弥,阪神,セ,63,右投,False,13,17.2,53,80,341,18,2,21,7,2,9,9,0,0,0,0,0,0,0,4.58,3.43,1.42,10.7,3.57,1.02,3.0,0.263,0.087,0.744,
2026,p2108545,2108545,神宮 僚介,阪神,セ,95,右投,False,15,16.2,50,67,262,11,2,20,3,1,5,5,0,0,0,1,1,0,1,2.7,2.69,0.84,10.8,1.62,1.08,6.67,0.299,0.045,0.82,
2026,p2107862,2107862,茨木 秀俊,阪神,セ,48,右投,False,3,12.2,38,63,235,18,2,10,8,0,9,9,1,0,0,0,0,0,0,6.39,5.18,2.05,7.11,5.68,1.42,1.25,0.159,0.127,0.733,1.0
2026,p900062,900062,西 勇輝,阪神,セ,16,右投,False,8,38.1,115,164,622,38,4,22,12,4,15,14,3,4,0,0,0,0,0,3.29,4.27,1.3,5.17,2.82,0.94,1.83,0.134,0.073,0.806,0.429
2026,p2104016,2104016,門別 啓人,阪神,セ,30,左投,False,11,19,57,86,308,22,2,11,6,1,10,10,1,1,0,1,1,1,2,4.74,4.13,1.47,5.21,2.84,0.95,1.83,0.128,0.07,0.725,0.5
2026,p1700078,1700078,髙橋 遥人,阪神,セ,29,左投,True,22,151,453,586,2179,119,9,144,17,2,37,33,15,3,0,0,0,0,0,1.97,2.06,0.9,8.58,1.01,0.54,8.47,0.246,0.029,0.805,0.833
