season,team,mini,league,games,wins,losses,runs,runs_allowed,run_diff,hits,hr,bip,bip_outs,der
2026,DeNA,De,セ,141,0,0,551,508,43,1166,123,3604,2551,0.708
2026,阪神,神,セ,138,0,0,513,425,88,1142,125,3429,2412,0.703
2026,巨人,巨,セ,141,0,0,482,435,47,1082,100,3466,2475,0.714
2026,中日,中,セ,142,0,0,472,494,-22,1064,119,3591,2543,0.708
2026,ヤクルト,ヤ,セ,139,0,0,436,557,-121,1094,82,3503,2479,0.708
2026,広島,広,セ,139,0,0,419,512,-93,1033,90,3626,2579,0.711
2026,ソフトバンク,ソ,パ,141,0,0,702,446,256,1254,160,3513,2531,0.72
2026,日本ハム,日,パ,143,0,0,591,529,62,1190,177,3674,2610,0.71
2026,西武,西,パ,141,0,0,493,463,30,1165,108,3547,2570,0.725
2026,ロッテ,ロ,パ,139,0,0,485,570,-85,1099,126,3639,2624,0.721
2026,オリックス,オ,パ,143,0,0,483,605,-122,1137,96,3713,2587,0.697
2026,楽天,楽,パ,141,0,0,468,551,-83,1112,103,3567,2507,0.703
