シーズン,集計基準日,選手名,球団,背番号,守備位置,試合数,打席数,打数,安打,本塁打,打点,盗塁,打率,出塁率,長打率,OPS,wRC+推定,W-Impact,直近5試合OPS,一軍登録日数,サンプル不足フラグ,データの説明
2026,2026-10-05,佐野 恵太,DeNA,7,一,126,508,456,121,8,53,0,0.265,0.341,0.386,0.727,133.0,110.9,0.6857142857142857,192,いいえ,シーズン累計の打撃成績。直近値は出場した直近5試合。
2026,2026-10-05,度会 隆輝,DeNA,4,左,130,495,455,127,9,50,5,0.279,0.334,0.389,0.723,129.0,116.7,0.39920948616600793,192,いいえ,シーズン累計の打撃成績。直近値は出場した直近5試合。
2026,2026-10-05,牧 秀悟,DeNA,2,二,104,453,401,114,29,74,2,0.284,0.364,0.569,0.933,204.0,130.9,0.7978260869565217,151,いいえ,シーズン累計の打撃成績。直近値は出場した直近5試合。
2026,2026-10-05,筒香 嘉智,DeNA,25,三,95,378,323,83,19,48,0,0.257,0.36,0.48,0.84,172.0,118.5,0.6386554621848739,169,いいえ,シーズン累計の打撃成績。直近値は出場した直近5試合。
2026,2026-10-05,宮﨑 敏郎,DeNA,51,三,107,374,330,84,11,43,0,0.255,0.332,0.394,0.726,131.0,110.7,1.1666666666666665,192,いいえ,シーズン累計の打撃成績。直近値は出場した直近5試合。
2026,2026-10-05,蝦名 達夫,DeNA,61,中,100,368,330,80,5,27,6,0.242,0.314,0.339,0.653,105.0,107.2,0.4666666666666667,160,いいえ,シーズン累計の打撃成績。直近値は出場した直近5試合。
2026,2026-10-05,勝又 温史,DeNA,28,左,104,355,334,94,4,33,3,0.281,0.317,0.35,0.667,106.0,110.6,0.3838383838383838,165,いいえ,シーズン累計の打撃成績。直近値は出場した直近5試合。
2026,2026-10-05,山本 祐大,DeNA,50,捕,80,301,266,66,4,41,0,0.248,0.318,0.357,0.675,111.0,110.2,0.47368421052631576,145,いいえ,シーズン累計の打撃成績。直近値は出場した直近5試合。
2026,2026-10-05,松尾 汐恩,DeNA,5,捕,86,290,267,65,4,18,1,0.243,0.295,0.345,0.64,90.0,102.1,0.2857142857142857,179,いいえ,シーズン累計の打撃成績。直近値は出場した直近5試合。
2026,2026-10-05,エンカーナシオン,DeNA,69,右,60,236,224,63,11,38,1,0.281,0.314,0.487,0.801,153.0,113.9,0.6541353383458646,,いいえ,シーズン累計の打撃成績。直近値は出場した直近5試合。
2026,2026-10-05,宮下 朝陽,DeNA,34,遊,70,222,208,54,8,26,3,0.26,0.303,0.413,0.716,116.0,112.2,0.7857142857142857,117,いいえ,シーズン累計の打撃成績。直近値は出場した直近5試合。
2026,2026-10-05,林 琢真,DeNA,00,遊,72,186,165,36,1,20,6,0.218,0.278,0.315,0.593,75.0,107.4,0.4642857142857143,132,いいえ,シーズン累計の打撃成績。直近値は出場した直近5試合。
2026,2026-10-05,ヒュンメル,DeNA,99,打,59,148,129,27,5,18,0,0.209,0.304,0.364,0.668,110.0,102.9,0.625,,いいえ,シーズン累計の打撃成績。直近値は出場した直近5試合。
2026,2026-10-05,三森 大貴,DeNA,26,二,68,136,128,31,0,9,16,0.242,0.279,0.273,0.552,62.0,104.9,0.0,192,いいえ,シーズン累計の打撃成績。直近値は出場した直近5試合。
2026,2026-10-05,京田 陽太,DeNA,9,遊,51,127,118,26,1,11,1,0.22,0.264,0.28,0.544,59.0,100.9,0.0,104,いいえ,シーズン累計の打撃成績。直近値は出場した直近5試合。
2026,2026-10-05,戸柱 恭孝,DeNA,10,捕,41,105,98,19,1,8,1,0.194,0.248,0.286,0.534,45.0,97.6,0.8333333333333333,192,いいえ,シーズン累計の打撃成績。直近値は出場した直近5試合。
2026,2026-10-05,石上 泰輝,DeNA,44,遊,33,92,82,16,0,4,1,0.195,0.239,0.268,0.507,30.0,93.3,0.40404040404040403,74,いいえ,シーズン累計の打撃成績。直近値は出場した直近5試合。
2026,2026-10-05,梶原 昂希,DeNA,58,中,28,73,64,13,1,5,2,0.203,0.292,0.328,0.62,91.0,101.0,0.125,55,いいえ,シーズン累計の打撃成績。直近値は出場した直近5試合。
2026,2026-10-05,古市 尊,DeNA,60,捕,24,65,60,21,1,5,0,0.35,0.4,0.467,0.867,187.0,120.4,0.9705882352941176,104,いいえ,シーズン累計の打撃成績。直近値は出場した直近5試合。
2026,2026-10-05,成瀬 脩人,DeNA,48,二,26,64,63,15,0,7,0,0.238,0.25,0.27,0.52,44.0,104.9,0.5523809523809524,55,いいえ,シーズン累計の打撃成績。直近値は出場した直近5試合。
2026,2026-10-05,東 克樹,DeNA,11,投,23,58,52,2,0,0,0,0.038,0.038,0.038,0.076,-141.0,70.7,0.0,192,いいえ,シーズン累計の打撃成績。直近値は出場した直近5試合。
2026,2026-10-05,井上 朋也,DeNA,40,右,20,43,40,8,2,6,0,0.2,0.256,0.375,0.631,89.0,101.7,0.3472222222222222,42,はい,シーズン累計の打撃成績。直近値は出場した直近5試合。
2026,2026-10-05,石田 裕太郎,DeNA,54,投,19,38,33,3,0,2,0,0.091,0.091,0.091,0.182,-97.0,82.3,0.2,150,はい,シーズン累計の打撃成績。直近値は出場した直近5試合。
2026,2026-10-05,ビシエド,DeNA,,打,21,30,28,7,1,6,0,0.25,0.3,0.357,0.657,103.0,101.3,0.4,,はい,シーズン累計の打撃成績。直近値は出場した直近5試合。
2026,2026-10-05,平良 拳太郎,DeNA,59,投,18,27,18,0,0,0,0,0.0,0.1,0.0,0.1,-108.0,82.8,0.0,107,はい,シーズン累計の打撃成績。直近値は出場した直近5試合。
2026,2026-10-05,篠木 健太郎,DeNA,30,投,12,26,23,4,0,0,0,0.174,0.208,0.174,0.382,-7.0,90.4,0.4222222222222222,99,はい,シーズン累計の打撃成績。直近値は出場した直近5試合。
2026,2026-10-05,神里 和毅,DeNA,8,中,65,23,19,2,0,1,1,0.105,0.227,0.211,0.438,23.0,100.3,0.0,192,はい,シーズン累計の打撃成績。直近値は出場した直近5試合。
2026,2026-10-05,深沢 鳳介,DeNA,43,投,10,22,18,1,0,0,0,0.056,0.105,0.056,0.161,-95.0,85.2,0.08333333333333333,19,はい,シーズン累計の打撃成績。直近値は出場した直近5試合。
2026,2026-10-05,関根 大気,DeNA,63,中,7,21,21,4,0,2,0,0.19,0.19,0.238,0.428,3.0,96.2,0.47368421052631576,12,はい,シーズン累計の打撃成績。直近値は出場した直近5試合。
2026,2026-10-05,西川 龍馬,オリックス,7,左,141,604,565,152,13,54,1,0.269,0.308,0.391,0.699,103.0,108.1,0.2857142857142857,192,いいえ,シーズン累計の打撃成績。直近値は出場した直近5試合。
2026,2026-10-05,宗 佑磨,オリックス,6,三,133,537,462,112,14,65,6,0.242,0.334,0.385,0.719,115.0,116.6,0.5718954248366013,192,いいえ,シーズン累計の打撃成績。直近値は出場した直近5試合。
2026,2026-10-05,紅林 弘太郎,オリックス,24,遊,134,524,463,120,17,58,1,0.259,0.333,0.423,0.756,125.0,116.0,0.6222222222222222,192,いいえ,シーズン累計の打撃成績。直近値は出場した直近5試合。
2026,2026-10-05,太田 椋,オリックス,1,二,123,507,456,130,9,50,0,0.285,0.355,0.408,0.763,130.0,115.7,0.3111111111111111,181,いいえ,シーズン累計の打撃成績。直近値は出場した直近5試合。
2026,2026-10-05,中川 圭太,オリックス,67,中,113,438,393,99,6,33,3,0.252,0.314,0.338,0.652,90.0,105.9,0.6967418546365914,169,いいえ,シーズン累計の打撃成績。直近値は出場した直近5試合。
2026,2026-10-05,山中 稜真,オリックス,50,一,90,349,312,81,2,24,2,0.26,0.328,0.34,0.668,97.0,107.7,0.5607843137254902,138,いいえ,シーズン累計の打撃成績。直近値は出場した直近5試合。
2026,2026-10-05,来田 涼斗,オリックス,38,右,101,348,323,85,9,43,4,0.263,0.3,0.418,0.718,109.0,118.2,0.45363408521303256,172,いいえ,シーズン累計の打撃成績。直近値は出場した直近5試合。
2026,2026-10-05,若月 健矢,オリックス,2,捕,113,339,295,64,2,19,0,0.217,0.275,0.295,0.57,58.0,96.8,0.8076923076923077,192,いいえ,シーズン累計の打撃成績。直近値は出場した直近5試合。
2026,2026-10-05,森 友哉,オリックス,4,指,66,252,226,55,7,24,0,0.243,0.321,0.376,0.697,108.0,102.6,0.13333333333333333,117,いいえ,シーズン累計の打撃成績。直近値は出場した直近5試合。
2026,2026-10-05,渡部 遼人,オリックス,0,中,96,252,217,49,3,13,18,0.226,0.309,0.295,0.604,78.0,109.8,0.3333333333333333,170,いいえ,シーズン累計の打撃成績。直近値は出場した直近5試合。
2026,2026-10-05,野口 智哉,オリックス,9,二,82,163,145,33,4,21,2,0.228,0.285,0.352,0.637,83.0,105.6,1.043956043956044,172,いいえ,シーズン累計の打撃成績。直近値は出場した直近5試合。
2026,2026-10-05,シーモア,オリックス,45,一,42,144,139,22,3,15,0,0.158,0.181,0.245,0.426,2.0,84.2,0.0,,いいえ,シーズン累計の打撃成績。直近値は出場した直近5試合。
2026,2026-10-05,西野 真弘,オリックス,5,二,43,122,110,24,0,2,0,0.218,0.277,0.255,0.532,50.0,97.4,1.0,137,いいえ,シーズン累計の打撃成績。直近値は出場した直近5試合。
2026,2026-10-05,麦谷 祐介,オリックス,8,中,58,92,87,13,1,5,2,0.149,0.187,0.218,0.405,-3.0,86.5,0.0,108,いいえ,シーズン累計の打撃成績。直近値は出場した直近5試合。
2026,2026-10-05,杉本 裕太郎,オリックス,99,指,24,80,73,12,0,5,0,0.164,0.212,0.233,0.445,12.0,86.8,0.42647058823529416,46,いいえ,シーズン累計の打撃成績。直近値は出場した直近5試合。
2026,2026-10-05,杉澤 龍,オリックス,33,中,30,74,66,20,2,7,1,0.303,0.356,0.485,0.841,153.0,114.9,0.3111111111111111,81,いいえ,シーズン累計の打撃成績。直近値は出場した直近5試合。
2026,2026-10-05,廣岡 大志,オリックス,30,右,14,54,50,9,0,3,0,0.18,0.222,0.18,0.402,0.0,82.1,0.14285714285714285,30,いいえ,シーズン累計の打撃成績。直近値は出場した直近5試合。
2026,2026-10-05,大城 滉二,オリックス,10,二,22,51,48,11,0,4,0,0.229,0.26,0.271,0.531,44.0,97.2,0.5934065934065934,71,いいえ,シーズン累計の打撃成績。直近値は出場した直近5試合。
2026,2026-10-05,宜保 翔,オリックス,53,二,28,47,43,7,0,0,2,0.163,0.2,0.186,0.386,-8.0,85.3,0.2967032967032967,88,はい,シーズン累計の打撃成績。直近値は出場した直近5試合。
2026,2026-10-05,平沼 翔太,オリックス,61,打,27,39,37,8,0,2,0,0.216,0.256,0.27,0.526,33.0,93.9,0.5,133,はい,シーズン累計の打撃成績。直近値は出場した直近5試合。
2026,2026-10-05,福永 奨,オリックス,32,捕,28,36,32,4,1,2,0,0.125,0.152,0.25,0.402,-8.0,91.2,0.2,141,はい,シーズン累計の打撃成績。直近値は出場した直近5試合。
2026,2026-10-05,池田 陵真,オリックス,39,左,9,25,23,3,1,2,0,0.13,0.2,0.304,0.504,33.0,93.8,0.4545454545454546,38,はい,シーズン累計の打撃成績。直近値は出場した直近5試合。
2026,2026-10-05,内藤 鵬,オリックス,25,一,6,22,22,4,0,1,0,0.182,0.182,0.227,0.409,-6.0,92.8,0.2222222222222222,26,はい,シーズン累計の打撃成績。直近値は出場した直近5試合。
2026,2026-10-05,堀 柊那,オリックス,62,捕,11,22,22,4,0,1,0,0.182,0.182,0.182,0.364,-21.0,94.2,0.3076923076923077,48,はい,シーズン累計の打撃成績。直近値は出場した直近5試合。
2026,2026-10-05,栗原 陵矢,ソフトバンク,24,三,138,610,521,139,39,116,0,0.267,0.365,0.555,0.92,178.0,121.5,0.8978260869565218,192,いいえ,シーズン累計の打撃成績。直近値は出場した直近5試合。
2026,2026-10-05,近藤 健介,ソフトバンク,3,左,135,585,477,145,29,102,6,0.304,0.426,0.547,0.973,198.0,127.1,0.8253968253968254,190,いいえ,シーズン累計の打撃成績。直近値は出場した直近5試合。
2026,2026-10-05,周東 佑京,ソフトバンク,23,中,124,540,474,130,4,38,28,0.274,0.338,0.361,0.699,108.0,107.4,0.37727272727272726,179,いいえ,シーズン累計の打撃成績。直近値は出場した直近5試合。
2026,2026-10-05,牧原 大成,ソフトバンク,8,二,132,501,459,138,5,48,11,0.301,0.343,0.386,0.729,115.0,112.8,1.3684210526315788,192,いいえ,シーズン累計の打撃成績。直近値は出場した直近5試合。
2026,2026-10-05,柳田 悠岐,ソフトバンク,9,指,125,482,448,135,18,67,0,0.301,0.346,0.471,0.817,145.0,114.4,1.1,192,いいえ,シーズン累計の打撃成績。直近値は出場した直近5試合。
2026,2026-10-05,正木 智也,ソフトバンク,31,一,97,459,393,110,28,59,0,0.28,0.377,0.532,0.909,176.0,116.7,0.6272727272727273,136,いいえ,シーズン累計の打撃成績。直近値は出場した直近5試合。
2026,2026-10-05,柳町 達,ソフトバンク,32,右,83,300,260,68,2,43,0,0.262,0.344,0.377,0.721,114.0,111.8,1.1098398169336385,163,いいえ,シーズン累計の打撃成績。直近値は出場した直近5試合。
2026,2026-10-05,庄子 雄大,ソフトバンク,25,遊,105,292,254,62,1,26,20,0.244,0.31,0.299,0.609,77.0,108.3,0.6470588235294117,192,いいえ,シーズン累計の打撃成績。直近値は出場した直近5試合。
2026,2026-10-05,海野 隆司,ソフトバンク,62,捕,87,268,225,44,1,15,0,0.196,0.262,0.258,0.52,44.0,89.8,0.41666666666666663,192,いいえ,シーズン累計の打撃成績。直近値は出場した直近5試合。
2026,2026-10-05,山川 穂高,ソフトバンク,5,一,57,208,176,32,11,28,0,0.182,0.303,0.386,0.689,105.0,100.6,0.4111111111111111,93,いいえ,シーズン累計の打撃成績。直近値は出場した直近5試合。
2026,2026-10-05,川瀬 晃,ソフトバンク,0,遊,70,180,154,32,0,20,0,0.208,0.273,0.279,0.552,54.0,97.3,0.38181818181818183,178,いいえ,シーズン累計の打撃成績。直近値は出場した直近5試合。
2026,2026-10-05,今宮 健太,ソフトバンク,6,遊,60,165,150,32,1,12,0,0.213,0.265,0.273,0.538,49.0,92.4,0.5,192,いいえ,シーズン累計の打撃成績。直近値は出場した直近5試合。
2026,2026-10-05,野村 勇,ソフトバンク,99,三,66,134,124,29,5,10,3,0.234,0.291,0.403,0.694,100.0,105.1,1.0970588235294119,127,いいえ,シーズン累計の打撃成績。直近値は出場した直近5試合。
2026,2026-10-05,廣瀨 隆太,ソフトバンク,33,一,30,98,82,19,1,11,0,0.232,0.323,0.341,0.664,92.0,95.3,0.5166666666666666,87,いいえ,シーズン累計の打撃成績。直近値は出場した直近5試合。
2026,2026-10-05,谷川原 健太,ソフトバンク,45,右,85,64,61,13,0,3,1,0.213,0.25,0.262,0.512,38.0,96.9,0.5,183,いいえ,シーズン累計の打撃成績。直近値は出場した直近5試合。
2026,2026-10-05,山本 恵大,ソフトバンク,77,右,18,62,56,15,3,7,0,0.268,0.339,0.464,0.803,143.0,101.6,0.9315789473684211,30,いいえ,シーズン累計の打撃成績。直近値は出場した直近5試合。
2026,2026-10-05,川村 友斗,ソフトバンク,61,左,103,45,42,4,0,1,2,0.095,0.136,0.119,0.255,-56.0,78.9,0.2,186,はい,シーズン累計の打撃成績。直近値は出場した直近5試合。
2026,2026-10-05,中村 晃,ソフトバンク,7,打,30,41,39,5,0,3,0,0.128,0.171,0.154,0.325,-30.0,82.3,0.3333333333333333,102,はい,シーズン累計の打撃成績。直近値は出場した直近5試合。
2026,2026-10-05,渡邉 陸,ソフトバンク,00,捕,16,41,36,8,1,2,0,0.222,0.317,0.417,0.734,117.0,101.4,1.0238095238095237,103,はい,シーズン累計の打撃成績。直近値は出場した直近5試合。
2026,2026-10-05,笹川 吉康,ソフトバンク,44,右,13,34,32,5,0,3,0,0.156,0.206,0.281,0.487,25.0,90.8,0.3484848484848485,30,はい,シーズン累計の打撃成績。直近値は出場した直近5試合。
2026,2026-10-05,尾形 崇斗,ソフトバンク,39,投,15,25,22,2,0,0,0,0.091,0.091,0.091,0.182,-90.0,82.1,0.25396825396825395,165,はい,シーズン累計の打撃成績。直近値は出場した直近5試合。
2026,2026-10-05,石塚 綜一郎,ソフトバンク,55,一,7,23,20,5,0,3,0,0.25,0.348,0.4,0.748,126.0,99.7,0.9759615384615384,21,はい,シーズン累計の打撃成績。直近値は出場した直近5試合。
2026,2026-10-05,長岡 秀樹,ヤクルト,7,遊,121,516,464,115,8,39,5,0.248,0.318,0.349,0.667,109.0,104.9,0.46739130434782605,177,いいえ,シーズン累計の打撃成績。直近値は出場した直近5試合。
2026,2026-10-05,サンタナ,ヤクルト,25,左,125,443,374,93,17,45,0,0.249,0.359,0.452,0.811,160.0,120.2,0.8166666666666667,,いいえ,シーズン累計の打撃成績。直近値は出場した直近5試合。
2026,2026-10-05,岩田 幸宏,ヤクルト,64,中,123,441,409,106,1,24,38,0.259,0.303,0.296,0.599,82.0,107.1,0.7321428571428572,192,いいえ,シーズン累計の打撃成績。直近値は出場した直近5試合。
2026,2026-10-05,増田 珠,ヤクルト,63,右,118,428,388,112,9,38,4,0.289,0.346,0.389,0.735,135.0,113.2,1.0782608695652174,192,いいえ,シーズン累計の打撃成績。直近値は出場した直近5試合。
2026,2026-10-05,内山 壮真,ヤクルト,3,二,91,344,303,71,5,26,3,0.234,0.323,0.337,0.66,103.0,102.6,0.14285714285714285,144,いいえ,シーズン累計の打撃成績。直近値は出場した直近5試合。
2026,2026-10-05,古賀 優大,ヤクルト,2,捕,89,332,308,81,1,33,2,0.263,0.297,0.312,0.609,82.0,107.4,0.2761904761904762,192,いいえ,シーズン累計の打撃成績。直近値は出場した直近5試合。
2026,2026-10-05,赤羽 由紘,ヤクルト,00,一,104,315,279,69,6,30,9,0.247,0.322,0.362,0.684,114.0,115.3,0.8833333333333333,166,いいえ,シーズン累計の打撃成績。直近値は出場した直近5試合。
2026,2026-10-05,武岡 龍世,ヤクルト,60,三,98,291,265,59,4,27,1,0.223,0.286,0.328,0.614,81.0,103.7,0.3333333333333333,159,いいえ,シーズン累計の打撃成績。直近値は出場した直近5試合。
2026,2026-10-05,オスナ,ヤクルト,13,一,76,278,254,57,8,29,0,0.224,0.284,0.362,0.646,97.0,100.0,0.5476190476190476,,いいえ,シーズン累計の打撃成績。直近値は出場した直近5試合。
2026,2026-10-05,伊藤 琉偉,ヤクルト,67,二,75,139,122,20,2,8,2,0.164,0.255,0.238,0.493,28.0,92.4,0.5222222222222221,171,いいえ,シーズン累計の打撃成績。直近値は出場した直近5試合。
2026,2026-10-05,鈴木 叶,ヤクルト,65,捕,43,138,134,26,2,14,2,0.194,0.217,0.299,0.516,40.0,101.8,0.4727272727272727,139,いいえ,シーズン累計の打撃成績。直近値は出場した直近5試合。
2026,2026-10-05,丸山 和郁,ヤクルト,4,右,51,133,122,41,4,14,6,0.336,0.383,0.508,0.891,190.0,123.4,1.6666666666666665,99,いいえ,シーズン累計の打撃成績。直近値は出場した直近5試合。
2026,2026-10-05,モンテル,ヤクルト,90,中,53,102,97,27,3,9,7,0.278,0.314,0.433,0.747,131.0,111.1,0.5882352941176471,105,いいえ,シーズン累計の打撃成績。直近値は出場した直近5試合。
2026,2026-10-05,松下 歩叶,ヤクルト,6,三,33,96,90,21,1,8,1,0.233,0.281,0.3,0.581,74.0,99.6,0.9545454545454546,67,いいえ,シーズン累計の打撃成績。直近値は出場した直近5試合。
2026,2026-10-05,西村 瑠伊斗,ヤクルト,36,左,35,92,84,26,1,14,0,0.31,0.359,0.429,0.788,152.0,110.1,0.9708333333333333,63,いいえ,シーズン累計の打撃成績。直近値は出場した直近5試合。
2026,2026-10-05,塩見 泰隆,ヤクルト,9,右,37,83,77,13,2,5,1,0.169,0.217,0.286,0.503,27.0,89.9,0.15384615384615385,70,いいえ,シーズン累計の打撃成績。直近値は出場した直近5試合。
2026,2026-10-05,田中 陽翔,ヤクルト,54,三,32,82,76,16,2,8,1,0.211,0.256,0.303,0.559,62.0,97.3,0.5238095238095237,68,いいえ,シーズン累計の打撃成績。直近値は出場した直近5試合。
2026,2026-10-05,宮本 丈,ヤクルト,10,打,48,78,71,21,1,8,1,0.296,0.351,0.408,0.759,144.0,110.9,0.7619047619047619,105,いいえ,シーズン累計の打撃成績。直近値は出場した直近5試合。
2026,2026-10-05,並木 秀尊,ヤクルト,0,左,34,74,71,17,1,3,12,0.239,0.25,0.296,0.546,54.0,105.8,0.8,80,いいえ,シーズン累計の打撃成績。直近値は出場した直近5試合。
2026,2026-10-05,中村 悠平,ヤクルト,27,捕,32,65,58,11,0,1,0,0.19,0.254,0.276,0.53,47.0,95.9,0.6238095238095238,111,いいえ,シーズン累計の打撃成績。直近値は出場した直近5試合。
2026,2026-10-05,石井 巧,ヤクルト,38,三,25,59,51,7,1,2,1,0.137,0.241,0.216,0.457,32.0,90.1,0.0,74,いいえ,シーズン累計の打撃成績。直近値は出場した直近5試合。
2026,2026-10-05,山野 太一,ヤクルト,26,投,22,53,47,7,0,3,0,0.149,0.18,0.149,0.329,-30.0,85.8,0.5804195804195804,167,いいえ,シーズン累計の打撃成績。直近値は出場した直近5試合。
2026,2026-10-05,奥川 恭伸,ヤクルト,18,投,20,48,44,2,0,2,0,0.045,0.087,0.045,0.132,-109.0,80.6,0.25384615384615383,164,はい,シーズン累計の打撃成績。直近値は出場した直近5試合。
2026,2026-10-05,山田 哲人,ヤクルト,1,打,24,48,45,12,2,4,0,0.267,0.312,0.4,0.712,124.0,98.6,1.3,43,はい,シーズン累計の打撃成績。直近値は出場した直近5試合。
2026,2026-10-05,澤井 廉,ヤクルト,42,一,19,46,43,7,1,2,0,0.163,0.217,0.279,0.496,38.0,91.8,0.36363636363636365,44,はい,シーズン累計の打撃成績。直近値は出場した直近5試合。
2026,2026-10-05,茂木 栄五郎,ヤクルト,8,一,23,39,30,7,0,2,0,0.233,0.395,0.267,0.662,128.0,99.5,1.2666666666666666,57,はい,シーズン累計の打撃成績。直近値は出場した直近5試合。
2026,2026-10-05,吉村 貢司郎,ヤクルト,21,投,19,37,34,3,0,0,0,0.088,0.114,0.088,0.202,-83.0,83.6,0.5357142857142857,144,はい,シーズン累計の打撃成績。直近値は出場した直近5試合。
2026,2026-10-05,松本 直樹,ヤクルト,32,捕,14,36,32,8,0,4,0,0.25,0.314,0.312,0.626,94.0,106.5,0.4818181818181818,92,はい,シーズン累計の打撃成績。直近値は出場した直近5試合。
2026,2026-10-05,松本 健吾,ヤクルト,28,投,21,30,30,3,0,2,0,0.1,0.1,0.1,0.2,-90.0,86.6,0.0,153,はい,シーズン累計の打撃成績。直近値は出場した直近5試合。
2026,2026-10-05,高梨 裕稔,ヤクルト,40,投,14,29,26,4,0,3,0,0.154,0.185,0.192,0.377,-12.0,91.3,0.6666666666666666,93,はい,シーズン累計の打撃成績。直近値は出場した直近5試合。
2026,2026-10-05,セデーニョ,ヤクルト,98,一,10,28,27,5,0,2,0,0.185,0.214,0.259,0.473,25.0,97.7,0.4375,,はい,シーズン累計の打撃成績。直近値は出場した直近5試合。
2026,2026-10-05,山野辺 翔,ヤクルト,37,走,21,28,26,6,0,3,0,0.231,0.259,0.308,0.567,62.0,97.7,0.4722222222222222,72,はい,シーズン累計の打撃成績。直近値は出場した直近5試合。
2026,2026-10-05,高橋 奎二,ヤクルト,47,投,15,28,27,2,0,1,0,0.074,0.074,0.111,0.185,-98.0,85.6,0.2,128,はい,シーズン累計の打撃成績。直近値は出場した直近5試合。
2026,2026-10-05,西川 史礁,ロッテ,6,左,127,546,497,145,8,51,2,0.292,0.355,0.4,0.755,128.0,115.9,0.8390092879256965,192,いいえ,シーズン累計の打撃成績。直近値は出場した直近5試合。
2026,2026-10-05,小川 龍成,ロッテ,57,二,132,480,446,117,2,23,8,0.262,0.296,0.318,0.614,75.0,101.2,0.39869281045751637,192,いいえ,シーズン累計の打撃成績。直近値は出場した直近5試合。
2026,2026-10-05,藤原 恭大,ロッテ,1,中,100,442,386,101,8,40,12,0.262,0.353,0.363,0.716,117.0,111.5,0.2828282828282828,142,いいえ,シーズン累計の打撃成績。直近値は出場した直近5試合。
2026,2026-10-05,佐藤 都志也,ロッテ,32,捕,124,440,384,89,17,55,1,0.232,0.321,0.406,0.727,116.0,114.1,0.32456140350877194,192,いいえ,シーズン累計の打撃成績。直近値は出場した直近5試合。
2026,2026-10-05,山口 航輝,ロッテ,51,左,104,407,375,103,33,71,0,0.275,0.327,0.592,0.919,177.0,130.5,0.8043478260869565,169,いいえ,シーズン累計の打撃成績。直近値は出場した直近5試合。
2026,2026-10-05,ソト,ロッテ,99,一,112,366,333,74,17,47,0,0.222,0.287,0.414,0.701,103.0,108.5,0.9230769230769231,,いいえ,シーズン累計の打撃成績。直近値は出場した直近5試合。
2026,2026-10-05,寺地 隆成,ロッテ,65,三,96,354,316,65,5,28,0,0.206,0.28,0.278,0.558,57.0,92.6,0.5833333333333333,156,いいえ,シーズン累計の打撃成績。直近値は出場した直近5試合。
2026,2026-10-05,友杉 篤輝,ロッテ,4,遊,87,276,254,60,0,16,3,0.236,0.276,0.268,0.544,51.0,96.9,0.0,134,いいえ,シーズン累計の打撃成績。直近値は出場した直近5試合。
2026,2026-10-05,安田 尚憲,ロッテ,5,一,73,227,210,55,6,29,0,0.262,0.313,0.424,0.737,115.0,114.6,0.36363636363636365,126,いいえ,シーズン累計の打撃成績。直近値は出場した直近5試合。
2026,2026-10-05,上田 希由翔,ロッテ,10,一,58,168,157,35,8,16,0,0.223,0.274,0.414,0.688,98.0,104.8,0.8888888888888888,152,いいえ,シーズン累計の打撃成績。直近値は出場した直近5試合。
2026,2026-10-05,山﨑 剛,ロッテ,38,遊,56,160,146,33,1,7,3,0.226,0.283,0.288,0.571,62.0,99.1,0.3076923076923077,95,いいえ,シーズン累計の打撃成績。直近値は出場した直近5試合。
2026,2026-10-05,ポランコ,ロッテ,22,指,52,149,133,25,5,14,0,0.188,0.262,0.361,0.623,76.0,97.4,0.39166666666666666,,いいえ,シーズン累計の打撃成績。直近値は出場した直近5試合。
2026,2026-10-05,髙部 瑛斗,ロッテ,0,中,46,139,129,29,0,5,3,0.225,0.281,0.256,0.537,51.0,98.8,0.8444444444444444,70,いいえ,シーズン累計の打撃成績。直近値は出場した直近5試合。
2026,2026-10-05,山本 大斗,ロッテ,61,右,72,135,121,22,2,9,0,0.182,0.259,0.264,0.523,47.0,91.2,0.39285714285714285,149,いいえ,シーズン累計の打撃成績。直近値は出場した直近5試合。
2026,2026-10-05,井上 広大,ロッテ,39,左,47,121,114,20,7,12,0,0.175,0.215,0.386,0.601,63.0,93.4,0.8787878787878787,125,いいえ,シーズン累計の打撃成績。直近値は出場した直近5試合。
2026,2026-10-05,松川 虎生,ロッテ,2,捕,44,101,95,18,0,6,0,0.189,0.206,0.211,0.417,1.0,89.3,0.18181818181818182,192,いいえ,シーズン累計の打撃成績。直近値は出場した直近5試合。
2026,2026-10-05,愛斗,ロッテ,50,中,41,90,86,18,1,9,3,0.209,0.227,0.291,0.518,36.0,98.5,0.0,122,いいえ,シーズン累計の打撃成績。直近値は出場した直近5試合。
2026,2026-10-05,池田 来翔,ロッテ,00,一,80,88,85,19,0,1,4,0.224,0.233,0.294,0.527,38.0,92.7,0.0,172,いいえ,シーズン累計の打撃成績。直近値は出場した直近5試合。
2026,2026-10-05,岡 大海,ロッテ,25,打,26,50,45,6,0,0,2,0.133,0.204,0.156,0.36,-21.0,86.6,0.25,42,いいえ,シーズン累計の打撃成績。直近値は出場した直近5試合。
2026,2026-10-05,宮崎 竜成,ロッテ,44,三,41,39,38,5,1,1,0,0.132,0.154,0.237,0.391,-12.0,91.0,0.0,128,はい,シーズン累計の打撃成績。直近値は出場した直近5試合。
2026,2026-10-05,石川 慎吾,ロッテ,23,打,16,37,33,4,1,7,0,0.121,0.216,0.242,0.458,24.0,90.3,0.42857142857142855,56,はい,シーズン累計の打撃成績。直近値は出場した直近5試合。
2026,2026-10-05,和田 康士朗,ロッテ,63,中,30,29,23,5,0,1,4,0.217,0.333,0.217,0.55,69.0,107.2,,115,はい,シーズン累計の打撃成績。直近値は出場した直近5試合。
2026,2026-10-05,藤岡 裕大,ロッテ,7,二,9,26,22,3,0,1,0,0.136,0.2,0.136,0.336,-21.0,87.9,0.4675324675324675,15,はい,シーズン累計の打撃成績。直近値は出場した直近5試合。
2026,2026-10-05,細川 成也,中日,55,左,141,596,491,111,23,68,3,0.226,0.356,0.407,0.763,146.0,111.0,0.22391304347826085,192,いいえ,シーズン累計の打撃成績。直近値は出場した直近5試合。
2026,2026-10-05,村松 開人,中日,5,遊,124,523,440,114,6,43,4,0.259,0.352,0.361,0.713,127.0,110.3,0.7287784679089027,175,いいえ,シーズン累計の打撃成績。直近値は出場した直近5試合。
2026,2026-10-05,福永 裕基,中日,7,二,112,434,392,110,10,34,13,0.281,0.349,0.406,0.755,143.0,116.6,1.2727272727272727,170,いいえ,シーズン累計の打撃成績。直近値は出場した直近5試合。
2026,2026-10-05,石伊 雄太,中日,9,捕,111,394,357,94,7,31,0,0.263,0.313,0.384,0.697,117.0,112.9,0.9166666666666667,179,いいえ,シーズン累計の打撃成績。直近値は出場した直近5試合。
2026,2026-10-05,石川 昂弥,中日,25,三,101,382,347,88,11,42,1,0.254,0.319,0.406,0.725,128.0,110.9,0.5900621118012422,150,いいえ,シーズン累計の打撃成績。直近値は出場した直近5試合。
2026,2026-10-05,サノー,中日,23,一,93,351,311,69,23,52,0,0.222,0.296,0.469,0.765,137.0,108.3,0.7863777089783281,,いいえ,シーズン累計の打撃成績。直近値は出場した直近5試合。
2026,2026-10-05,岡林 勇希,中日,1,中,89,345,308,71,3,19,2,0.231,0.293,0.299,0.592,76.0,100.5,0.39285714285714285,130,いいえ,シーズン累計の打撃成績。直近値は出場した直近5試合。
2026,2026-10-05,ボスラー,中日,24,右,88,271,251,47,8,20,0,0.187,0.24,0.319,0.559,61.0,98.2,0.25757575757575757,,いいえ,シーズン累計の打撃成績。直近値は出場した直近5試合。
2026,2026-10-05,田中 幹也,中日,2,二,82,253,219,53,1,12,8,0.242,0.303,0.311,0.614,83.0,103.6,1.6666666666666665,144,いいえ,シーズン累計の打撃成績。直近値は出場した直近5試合。
2026,2026-10-05,板山 祐太郎,中日,63,右,78,202,183,43,6,24,1,0.235,0.302,0.404,0.706,118.0,111.5,0.6607142857142857,169,いいえ,シーズン累計の打撃成績。直近値は出場した直近5試合。
2026,2026-10-05,鵜飼 航丞,中日,66,右,54,175,166,39,5,22,1,0.235,0.274,0.361,0.635,92.0,106.7,0.18181818181818182,90,いいえ,シーズン累計の打撃成績。直近値は出場した直近5試合。
2026,2026-10-05,花田 旭,中日,57,中,45,151,142,34,4,12,0,0.239,0.278,0.401,0.679,106.0,103.7,0.7017543859649122,87,いいえ,シーズン累計の打撃成績。直近値は出場した直近5試合。
2026,2026-10-05,阿部 寿樹,中日,48,打,76,143,118,30,3,23,0,0.254,0.373,0.373,0.746,139.0,113.0,0.425,192,いいえ,シーズン累計の打撃成績。直近値は出場した直近5試合。
2026,2026-10-05,高橋 周平,中日,3,打,60,121,108,27,0,5,0,0.25,0.325,0.287,0.612,92.0,102.7,0.6666666666666666,159,いいえ,シーズン累計の打撃成績。直近値は出場した直近5試合。
2026,2026-10-05,山本 泰寛,中日,60,二,33,80,69,12,1,4,0,0.174,0.25,0.232,0.482,38.0,94.8,0.32167832167832167,88,いいえ,シーズン累計の打撃成績。直近値は出場した直近5試合。
2026,2026-10-05,加藤 匠馬,中日,49,捕,34,73,64,10,0,2,1,0.156,0.229,0.188,0.417,13.0,92.7,0.5333333333333333,172,いいえ,シーズン累計の打撃成績。直近値は出場した直近5試合。
2026,2026-10-05,土田 龍空,中日,45,中,49,72,65,11,2,6,0,0.169,0.25,0.292,0.542,60.0,107.8,0.2967032967032967,134,いいえ,シーズン累計の打撃成績。直近値は出場した直近5試合。
2026,2026-10-05,カリステ,中日,4,右,26,67,61,12,1,3,1,0.197,0.269,0.279,0.548,56.0,96.7,0.39285714285714285,,いいえ,シーズン累計の打撃成績。直近値は出場した直近5試合。
2026,2026-10-05,木下 拓哉,中日,35,捕,27,67,64,17,0,3,0,0.266,0.288,0.312,0.6,79.0,102.5,0.0,144,いいえ,シーズン累計の打撃成績。直近値は出場した直近5試合。
2026,2026-10-05,大島 洋平,中日,8,中,21,66,62,12,0,2,1,0.194,0.242,0.242,0.484,34.0,95.2,0.3333333333333333,44,いいえ,シーズン累計の打撃成績。直近値は出場した直近5試合。
2026,2026-10-05,上林 誠知,中日,51,右,24,64,60,14,2,4,2,0.233,0.281,0.367,0.648,91.0,102.5,0.6666666666666666,44,いいえ,シーズン累計の打撃成績。直近値は出場した直近5試合。
2026,2026-10-05,金丸 夢斗,中日,21,投,24,51,48,2,0,0,0,0.042,0.061,0.042,0.103,-126.0,75.0,0.09090909090909091,187,いいえ,シーズン累計の打撃成績。直近値は出場した直近5試合。
2026,2026-10-05,柳 裕也,中日,17,投,22,50,38,3,0,0,0,0.079,0.103,0.079,0.182,-92.0,77.8,0.29292929292929293,174,いいえ,シーズン累計の打撃成績。直近値は出場した直近5試合。
2026,2026-10-05,大野 雄大,中日,22,投,20,46,36,3,0,2,0,0.083,0.132,0.083,0.215,-73.0,82.5,0.3068181818181818,146,はい,シーズン累計の打撃成績。直近値は出場した直近5試合。
2026,2026-10-05,髙橋 宏斗,中日,19,投,18,41,33,5,0,4,0,0.152,0.176,0.152,0.328,-31.0,86.9,0.16233766233766234,120,はい,シーズン累計の打撃成績。直近値は出場した直近5試合。
2026,2026-10-05,マラー,中日,93,投,17,39,38,6,1,6,0,0.158,0.158,0.289,0.447,7.0,92.5,0.3484848484848485,,はい,シーズン累計の打撃成績。直近値は出場した直近5試合。
2026,2026-10-05,福元 悠真,中日,40,打,19,32,31,10,0,5,0,0.323,0.344,0.387,0.731,132.0,114.5,0.2,52,はい,シーズン累計の打撃成績。直近値は出場した直近5試合。
2026,2026-10-05,涌井 秀章,中日,20,投,11,20,17,0,0,0,0,0.0,0.056,0.0,0.056,-137.0,84.0,0.0,64,はい,シーズン累計の打撃成績。直近値は出場した直近5試合。
2026,2026-10-05,ダルベック,巨人,29,一,131,528,481,123,25,81,0,0.256,0.316,0.466,0.782,147.0,117.8,0.6842105263157894,,いいえ,シーズン累計の打撃成績。直近値は出場した直近5試合。
2026,2026-10-05,泉口 友汰,巨人,35,遊,124,499,437,115,8,46,9,0.263,0.337,0.38,0.717,127.0,114.8,0.9045454545454545,179,いいえ,シーズン累計の打撃成績。直近値は出場した直近5試合。
2026,2026-10-05,浦田 俊輔,巨人,32,二,117,468,415,113,0,27,35,0.272,0.333,0.308,0.641,101.0,110.9,0.45238095238095233,175,いいえ,シーズン累計の打撃成績。直近値は出場した直近5試合。
2026,2026-10-05,松本 剛,巨人,9,左,125,438,393,109,3,25,16,0.277,0.33,0.338,0.668,111.0,111.6,0.43779904306220097,192,いいえ,シーズン累計の打撃成績。直近値は出場した直近5試合。
2026,2026-10-05,佐々木 俊輔,巨人,44,中,118,375,338,87,10,39,9,0.257,0.323,0.402,0.725,127.0,112.1,0.2222222222222222,179,いいえ,シーズン累計の打撃成績。直近値は出場した直近5試合。
2026,2026-10-05,キャベッジ,巨人,13,中,102,368,343,81,13,29,4,0.236,0.288,0.397,0.685,109.0,106.7,0.7083333333333333,,いいえ,シーズン累計の打撃成績。直近値は出場した直近5試合。
2026,2026-10-05,大城 卓三,巨人,24,捕,107,362,322,86,9,41,0,0.267,0.343,0.422,0.765,144.0,119.4,0.55,192,いいえ,シーズン累計の打撃成績。直近値は出場した直近5試合。
2026,2026-10-05,岸田 行倫,巨人,27,捕,58,201,180,43,4,15,0,0.239,0.294,0.328,0.622,88.0,107.3,0.28431372549019607,126,いいえ,シーズン累計の打撃成績。直近値は出場した直近5試合。
2026,2026-10-05,吉川 尚輝,巨人,2,二,48,176,162,39,1,9,6,0.241,0.297,0.284,0.581,74.0,101.9,0.5488721804511278,71,いいえ,シーズン累計の打撃成績。直近値は出場した直近5試合。
2026,2026-10-05,坂本 勇人,巨人,6,三,66,172,153,27,5,19,0,0.176,0.262,0.307,0.569,70.0,105.0,0.23717948717948717,192,いいえ,シーズン累計の打撃成績。直近値は出場した直近5試合。
2026,2026-10-05,増田 陸,巨人,61,一,58,160,152,33,4,14,1,0.217,0.245,0.336,0.581,65.0,98.4,0.0,106,いいえ,シーズン累計の打撃成績。直近値は出場した直近5試合。
2026,2026-10-05,中山 礼都,巨人,40,右,59,153,138,27,2,16,3,0.196,0.255,0.275,0.53,52.0,97.9,0.0,109,いいえ,シーズン累計の打撃成績。直近値は出場した直近5試合。
2026,2026-10-05,石塚 裕惺,巨人,23,三,46,131,115,25,0,9,0,0.217,0.302,0.287,0.589,82.0,98.7,0.0,79,いいえ,シーズン累計の打撃成績。直近値は出場した直近5試合。
2026,2026-10-05,丸 佳浩,巨人,8,打,69,130,111,25,3,19,0,0.225,0.338,0.36,0.698,125.0,113.9,0.9191919191919192,173,いいえ,シーズン累計の打撃成績。直近値は出場した直近5試合。
2026,2026-10-05,平山 功太,巨人,69,右,36,112,106,26,3,10,5,0.245,0.286,0.377,0.663,103.0,107.4,0.5208333333333333,73,いいえ,シーズン累計の打撃成績。直近値は出場した直近5試合。
2026,2026-10-05,笹原 操希,巨人,95,右,43,104,97,21,2,15,1,0.216,0.262,0.361,0.623,85.0,104.9,0.5357142857142857,72,いいえ,シーズン累計の打撃成績。直近値は出場した直近5試合。
2026,2026-10-05,門脇 誠,巨人,5,三,68,68,60,10,0,5,3,0.167,0.231,0.233,0.464,13.0,97.2,0.45238095238095233,144,いいえ,シーズン累計の打撃成績。直近値は出場した直近5試合。
2026,2026-10-05,小濱 佑斗,巨人,33,三,31,59,55,11,1,9,0,0.2,0.254,0.273,0.527,52.0,105.9,0.0,73,いいえ,シーズン累計の打撃成績。直近値は出場した直近5試合。
2026,2026-10-05,井上 温大,巨人,97,投,21,46,38,2,0,2,0,0.053,0.073,0.053,0.126,-117.0,78.1,0.09090909090909091,147,はい,シーズン累計の打撃成績。直近値は出場した直近5試合。
2026,2026-10-05,若林 楽人,巨人,59,打,26,46,42,7,0,0,0,0.167,0.239,0.19,0.429,18.0,93.0,0.4369747899159664,50,はい,シーズン累計の打撃成績。直近値は出場した直近5試合。
2026,2026-10-05,竹丸 和幸,巨人,21,投,19,36,30,2,0,2,0,0.067,0.125,0.067,0.192,-80.0,84.4,0.34285714285714286,135,はい,シーズン累計の打撃成績。直近値は出場した直近5試合。
2026,2026-10-05,ティマ,巨人,50,一,14,33,33,3,0,0,0,0.091,0.091,0.091,0.182,-97.0,82.1,0.125,,はい,シーズン累計の打撃成績。直近値は出場した直近5試合。
2026,2026-10-05,知念 大成,巨人,94,右,15,29,29,8,0,2,0,0.276,0.276,0.31,0.586,70.0,106.0,0.6923076923076923,37,はい,シーズン累計の打撃成績。直近値は出場した直近5試合。
2026,2026-10-05,浅野 翔吾,巨人,51,左,9,28,27,5,1,1,0,0.185,0.214,0.333,0.547,37.0,94.6,0.4809523809523809,21,はい,シーズン累計の打撃成績。直近値は出場した直近5試合。
2026,2026-10-05,ウィットリー,巨人,26,投,13,26,22,1,0,1,0,0.045,0.125,0.045,0.17,-84.0,82.3,0.225,,はい,シーズン累計の打撃成績。直近値は出場した直近5試合。
2026,2026-10-05,リチャード,巨人,52,三,10,25,22,2,1,2,0,0.091,0.2,0.227,0.427,-2.0,89.3,0.2222222222222222,23,はい,シーズン累計の打撃成績。直近値は出場した直近5試合。
2026,2026-10-05,田中 将大,巨人,11,投,12,24,20,0,0,0,0,0.0,0.0,0.0,0,-173.0,81.2,0.0,70,はい,シーズン累計の打撃成績。直近値は出場した直近5試合。
2026,2026-10-05,鈴木 大和,巨人,59,中,12,22,19,5,0,5,1,0.263,0.364,0.316,0.68,124.0,105.4,0.7333333333333334,33,はい,シーズン累計の打撃成績。直近値は出場した直近5試合。
2026,2026-10-05,小笠原 慎之介,巨人,98,投,10,20,18,4,0,0,0,0.222,0.222,0.389,0.611,71.0,98.7,0.6507936507936507,77,はい,シーズン累計の打撃成績。直近値は出場した直近5試合。
2026,2026-10-05,山瀬 慎之助,巨人,67,捕,10,20,20,4,1,2,0,0.2,0.2,0.4,0.6,69.0,103.1,0.2857142857142857,38,はい,シーズン累計の打撃成績。直近値は出場した直近5試合。
2026,2026-10-05,戸郷 翔征,巨人,20,投,12,20,16,3,0,1,0,0.188,0.235,0.25,0.485,34.0,97.3,0.0,94,はい,シーズン累計の打撃成績。直近値は出場した直近5試合。
2026,2026-10-05,甲斐 拓也,巨人,10,捕,11,20,18,2,2,2,0,0.111,0.158,0.444,0.602,69.0,102.5,0.8974358974358974,67,はい,シーズン累計の打撃成績。直近値は出場した直近5試合。
2026,2026-10-05,皆川 岳飛,巨人,39,右,14,20,19,3,0,0,0,0.158,0.2,0.158,0.358,-15.0,94.5,0.5714285714285714,30,はい,シーズン累計の打撃成績。直近値は出場した直近5試合。
2026,2026-10-05,坂倉 将吾,広島,31,一,132,541,475,121,14,69,3,0.255,0.338,0.392,0.73,129.0,115.6,1.3609022556390977,192,いいえ,シーズン累計の打撃成績。直近値は出場した直近5試合。
2026,2026-10-05,菊池 涼介,広島,33,二,125,505,437,103,7,34,3,0.236,0.307,0.336,0.643,99.0,105.8,0.10818713450292397,192,いいえ,シーズン累計の打撃成績。直近値は出場した直近5試合。
2026,2026-10-05,小園 海斗,広島,5,遊,101,401,369,95,1,23,4,0.257,0.311,0.32,0.631,93.0,108.5,0.8128654970760234,145,いいえ,シーズン累計の打撃成績。直近値は出場した直近5試合。
2026,2026-10-05,佐々木 泰,広島,10,三,114,396,365,90,6,22,3,0.247,0.301,0.329,0.63,94.0,106.5,0.3492063492063492,178,いいえ,シーズン累計の打撃成績。直近値は出場した直近5試合。
2026,2026-10-05,ファビアン,広島,61,左,96,351,318,71,16,37,0,0.223,0.285,0.412,0.697,114.0,107.3,0.75,,いいえ,シーズン累計の打撃成績。直近値は出場した直近5試合。
2026,2026-10-05,大盛 穂,広島,59,中,117,346,322,71,6,23,12,0.22,0.257,0.326,0.583,68.0,106.4,0.5,189,いいえ,シーズン累計の打撃成績。直近値は出場した直近5試合。
2026,2026-10-05,モンテロ,広島,95,一,118,323,284,67,12,41,0,0.236,0.319,0.405,0.724,125.0,115.6,1.4,,いいえ,シーズン累計の打撃成績。直近値は出場した直近5試合。
2026,2026-10-05,持丸 泰輝,広島,57,捕,99,297,245,45,6,18,0,0.184,0.302,0.282,0.584,82.0,101.7,0.09090909090909091,176,いいえ,シーズン累計の打撃成績。直近値は出場した直近5試合。
2026,2026-10-05,名原 典彦,広島,92,右,77,279,261,65,3,16,6,0.249,0.289,0.337,0.626,89.0,104.6,0.4,136,いいえ,シーズン累計の打撃成績。直近値は出場した直近5試合。
2026,2026-10-05,勝田 成,広島,0,遊,101,261,228,48,0,10,5,0.211,0.283,0.232,0.515,52.0,102.4,1.088888888888889,192,いいえ,シーズン累計の打撃成績。直近値は出場した直近5試合。
2026,2026-10-05,秋山 翔吾,広島,9,打,72,189,180,50,3,15,0,0.278,0.296,0.378,0.674,104.0,111.2,0.6000000000000001,132,いいえ,シーズン累計の打撃成績。直近値は出場した直近5試合。
2026,2026-10-05,中村 奨成,広島,96,右,50,158,142,35,2,9,0,0.246,0.291,0.352,0.643,96.0,104.6,1.0861244019138756,88,いいえ,シーズン累計の打撃成績。直近値は出場した直近5試合。
2026,2026-10-05,佐藤 啓介,広島,94,打,65,137,127,28,5,16,1,0.22,0.27,0.339,0.609,82.0,105.0,0.4,149,いいえ,シーズン累計の打撃成績。直近値は出場した直近5試合。
2026,2026-10-05,石原 貴規,広島,32,捕,62,131,120,21,1,7,0,0.175,0.227,0.225,0.452,22.0,94.3,0.26666666666666666,177,いいえ,シーズン累計の打撃成績。直近値は出場した直近5試合。
2026,2026-10-05,平川 蓮,広島,51,中右,29,109,102,19,1,11,0,0.186,0.231,0.255,0.486,30.0,96.6,0.6285714285714286,45,いいえ,シーズン累計の打撃成績。直近値は出場した直近5試合。
2026,2026-10-05,野間 峻祥,広島,37,打,52,107,92,19,0,4,4,0.207,0.308,0.228,0.536,68.0,99.8,0.0,162,いいえ,シーズン累計の打撃成績。直近値は出場した直近5試合。
2026,2026-10-05,二俣 翔一,広島,99,打,42,65,57,11,1,5,0,0.193,0.254,0.298,0.552,60.0,104.9,0.5,181,いいえ,シーズン累計の打撃成績。直近値は出場した直近5試合。
2026,2026-10-05,矢野 雅哉,広島,4,遊,44,58,48,8,1,5,2,0.167,0.268,0.229,0.497,48.0,98.0,0.6666666666666666,103,いいえ,シーズン累計の打撃成績。直近値は出場した直近5試合。
2026,2026-10-05,床田 寛樹,広島,19,投,21,46,41,7,0,2,0,0.171,0.19,0.171,0.361,-18.0,88.7,0.3484848484848485,152,はい,シーズン累計の打撃成績。直近値は出場した直近5試合。
2026,2026-10-05,森下 暢仁,広島,18,投,21,39,34,8,0,3,0,0.235,0.257,0.265,0.522,47.0,98.4,0.4222222222222222,160,はい,シーズン累計の打撃成績。直近値は出場した直近5試合。
2026,2026-10-05,栗林 良吏,広島,20,投,17,37,30,2,0,0,0,0.067,0.067,0.067,0.134,-117.0,79.4,0.20202020202020202,132,はい,シーズン累計の打撃成績。直近値は出場した直近5試合。
2026,2026-10-05,末包 昇大,広島,52,右,9,31,28,5,2,4,0,0.179,0.258,0.429,0.687,110.0,105.0,0.7532894736842105,16,はい,シーズン累計の打撃成績。直近値は出場した直近5試合。
2026,2026-10-05,森 翔平,広島,16,投,16,29,23,1,0,0,0,0.043,0.12,0.043,0.163,-88.0,84.0,0.14285714285714285,116,はい,シーズン累計の打撃成績。直近値は出場した直近5試合。
2026,2026-10-05,前川 誠太,広島,93,打,25,25,21,2,0,2,0,0.095,0.208,0.095,0.303,-22.0,89.0,0.25,78,はい,シーズン累計の打撃成績。直近値は出場した直近5試合。
2026,2026-10-05,辰見 鴻之介,広島,69,走,65,25,22,3,0,2,27,0.136,0.174,0.182,0.356,-20.0,107.6,0.0,182,はい,シーズン累計の打撃成績。直近値は出場した直近5試合。
2026,2026-10-05,岡本 駿,広島,53,投,24,23,20,1,0,1,0,0.05,0.095,0.05,0.145,-102.0,86.0,0.0,142,はい,シーズン累計の打撃成績。直近値は出場した直近5試合。
2026,2026-10-05,水野 達稀,日本ハム,43,遊,129,539,480,137,11,56,15,0.285,0.333,0.433,0.766,127.0,118.2,0.6274509803921569,192,いいえ,シーズン累計の打撃成績。直近値は出場した直近5試合。
2026,2026-10-05,レイエス,日本ハム,99,指,128,530,476,149,32,82,0,0.313,0.375,0.571,0.946,184.0,127.9,0.7444444444444445,,いいえ,シーズン累計の打撃成績。直近値は出場した直近5試合。
2026,2026-10-05,清宮 幸太郎,日本ハム,21,一,132,500,438,106,23,65,2,0.242,0.329,0.432,0.761,127.0,111.7,0.8646616541353384,192,いいえ,シーズン累計の打撃成績。直近値は出場した直近5試合。
2026,2026-10-05,万波 中正,日本ハム,66,右,116,452,411,105,21,53,0,0.255,0.316,0.455,0.771,128.0,108.7,0.6190476190476191,167,いいえ,シーズン累計の打撃成績。直近値は出場した直近5試合。
2026,2026-10-05,野村 佑希,日本ハム,5,左,115,417,389,101,17,60,4,0.26,0.3,0.429,0.729,112.0,115.4,0.8333333333333333,192,いいえ,シーズン累計の打撃成績。直近値は出場した直近5試合。
2026,2026-10-05,郡司 裕也,日本ハム,3,三,108,376,319,78,6,24,0,0.245,0.35,0.345,0.695,112.0,105.9,0.5641025641025641,173,いいえ,シーズン累計の打撃成績。直近値は出場した直近5試合。
2026,2026-10-05,田宮 裕涼,日本ハム,64,捕,93,284,263,70,7,29,4,0.266,0.289,0.407,0.696,99.0,109.9,0.8571428571428572,192,いいえ,シーズン累計の打撃成績。直近値は出場した直近5試合。
2026,2026-10-05,奈良間 大己,日本ハム,58,二,114,246,222,55,5,24,7,0.248,0.305,0.365,0.67,95.0,109.5,0.39285714285714285,192,いいえ,シーズン累計の打撃成績。直近値は出場した直近5試合。
2026,2026-10-05,カストロ,日本ハム,6,中,71,222,200,43,8,24,4,0.215,0.279,0.365,0.644,83.0,105.4,0.25,,いいえ,シーズン累計の打撃成績。直近値は出場した直近5試合。
2026,2026-10-05,水谷 瞬,日本ハム,53,左,62,217,201,48,6,23,2,0.239,0.286,0.378,0.664,91.0,100.5,1.3155080213903743,103,いいえ,シーズン累計の打撃成績。直近値は出場した直近5試合。
2026,2026-10-05,進藤 勇也,日本ハム,33,捕,63,153,135,29,7,17,0,0.215,0.279,0.444,0.723,110.0,108.7,0.6212121212121212,158,いいえ,シーズン累計の打撃成績。直近値は出場した直近5試合。
2026,2026-10-05,大塚 瑠晏,日本ハム,49,二,59,152,135,25,6,16,0,0.185,0.26,0.363,0.623,77.0,99.0,0.14835164835164835,122,いいえ,シーズン累計の打撃成績。直近値は出場した直近5試合。
2026,2026-10-05,吉田 賢吾,日本ハム,60,打,53,149,145,39,8,19,1,0.269,0.289,0.524,0.813,139.0,112.6,0.18181818181818182,111,いいえ,シーズン累計の打撃成績。直近値は出場した直近5試合。
2026,2026-10-05,細川 凌平,日本ハム,56,左,83,137,113,25,2,11,8,0.221,0.328,0.301,0.629,90.0,105.2,0.6000000000000001,152,いいえ,シーズン累計の打撃成績。直近値は出場した直近5試合。
2026,2026-10-05,五十幡 亮汰,日本ハム,50,中,99,124,113,26,0,3,13,0.23,0.256,0.283,0.539,46.0,95.7,0.0,182,いいえ,シーズン累計の打撃成績。直近値は出場した直近5試合。
2026,2026-10-05,有薗 直輝,日本ハム,39,三,32,119,104,25,1,11,2,0.24,0.328,0.346,0.674,101.0,98.7,0.25,63,いいえ,シーズン累計の打撃成績。直近値は出場した直近5試合。
2026,2026-10-05,矢澤 宏太,日本ハム,12,中,69,109,104,23,3,5,5,0.221,0.257,0.385,0.642,80.0,97.1,1.4285714285714284,138,いいえ,シーズン累計の打撃成績。直近値は出場した直近5試合。
2026,2026-10-05,山縣 秀,日本ハム,54,三,58,99,90,20,0,5,2,0.222,0.255,0.256,0.511,38.0,98.6,0.6,141,いいえ,シーズン累計の打撃成績。直近値は出場した直近5試合。
2026,2026-10-05,西川 遥輝,日本ハム,7,左,24,76,61,12,1,6,2,0.197,0.355,0.328,0.683,112.0,101.5,0.49411764705882355,54,いいえ,シーズン累計の打撃成績。直近値は出場した直近5試合。
2026,2026-10-05,上川畑 大悟,日本ハム,4,二,23,56,50,11,0,4,0,0.22,0.264,0.28,0.544,50.0,93.7,0.5,57,いいえ,シーズン累計の打撃成績。直近値は出場した直近5試合。
2026,2026-10-05,淺間 大基,日本ハム,8,左,19,53,49,8,2,3,1,0.163,0.226,0.306,0.532,45.0,91.6,0.23717948717948717,58,いいえ,シーズン累計の打撃成績。直近値は出場した直近5試合。
2026,2026-10-05,今川 優馬,日本ハム,61,左,17,50,44,10,4,9,1,0.227,0.32,0.523,0.843,153.0,113.7,0.125,31,いいえ,シーズン累計の打撃成績。直近値は出場した直近5試合。
2026,2026-10-05,マルティネス,日本ハム,2,打,21,41,36,5,2,4,0,0.139,0.244,0.306,0.55,47.0,94.2,1.0,,はい,シーズン累計の打撃成績。直近値は出場した直近5試合。
2026,2026-10-05,清水 優心,日本ハム,10,捕,21,37,32,4,1,4,0,0.125,0.222,0.25,0.472,28.0,92.1,0.3111111111111111,86,はい,シーズン累計の打撃成績。直近値は出場した直近5試合。
2026,2026-10-05,柴田 獅子,日本ハム,31,指,10,32,31,11,1,3,0,0.355,0.375,0.484,0.859,164.0,103.7,0.8967391304347826,31,はい,シーズン累計の打撃成績。直近値は出場した直近5試合。
2026,2026-10-05,辰己 涼介,楽天,8,中,132,549,486,124,14,49,8,0.255,0.334,0.389,0.723,115.0,111.6,0.5751633986928104,192,いいえ,シーズン累計の打撃成績。直近値は出場した直近5試合。
2026,2026-10-05,村林 一輝,楽天,6,遊,130,511,460,125,4,57,8,0.272,0.329,0.341,0.67,95.0,113.0,0.7867647058823529,192,いいえ,シーズン累計の打撃成績。直近値は出場した直近5試合。
2026,2026-10-05,黒川 史陽,楽天,24,三,124,477,422,104,4,25,1,0.246,0.319,0.301,0.62,83.0,100.8,0.6038961038961039,192,いいえ,シーズン累計の打撃成績。直近値は出場した直近5試合。
2026,2026-10-05,中島 大輔,楽天,32,左,118,437,389,105,5,27,10,0.27,0.326,0.38,0.706,109.0,108.9,0.4173913043478261,181,いいえ,シーズン累計の打撃成績。直近値は出場した直近5試合。
2026,2026-10-05,マッカスカー,楽天,34,指,97,385,343,87,24,68,0,0.254,0.327,0.516,0.843,151.0,117.8,0.9973262032085561,,いいえ,シーズン累計の打撃成績。直近値は出場した直近5試合。
2026,2026-10-05,浅村 栄斗,楽天,3,一,87,333,286,62,9,35,1,0.217,0.315,0.343,0.658,94.0,103.0,1.13312693498452,134,いいえ,シーズン累計の打撃成績。直近値は出場した直近5試合。
2026,2026-10-05,太田 光,楽天,2,捕,95,271,246,51,3,17,0,0.207,0.259,0.268,0.527,45.0,94.7,0.4722222222222222,192,いいえ,シーズン累計の打撃成績。直近値は出場した直近5試合。
2026,2026-10-05,平良 竜哉,楽天,48,三,95,260,243,59,9,20,11,0.243,0.287,0.387,0.674,94.0,112.1,0.7777777777777777,192,いいえ,シーズン累計の打撃成績。直近値は出場した直近5試合。
2026,2026-10-05,宗山 塁,楽天,1,遊,61,242,219,60,8,26,5,0.274,0.339,0.447,0.786,136.0,112.0,0.6847826086956521,93,いいえ,シーズン累計の打撃成績。直近値は出場した直近5試合。
2026,2026-10-05,YG安田,楽天,55,一,65,234,217,65,6,30,0,0.3,0.346,0.452,0.798,139.0,115.8,0.7922077922077921,145,いいえ,シーズン累計の打撃成績。直近値は出場した直近5試合。
2026,2026-10-05,佐藤 直樹,楽天,38,右,71,230,221,54,6,19,4,0.244,0.265,0.394,0.659,85.0,109.7,0.2857142857142857,112,いいえ,シーズン累計の打撃成績。直近値は出場した直近5試合。
2026,2026-10-05,小郷 裕哉,楽天,51,右,52,166,152,35,1,8,7,0.23,0.291,0.303,0.594,70.0,98.5,0.805921052631579,93,いいえ,シーズン累計の打撃成績。直近値は出場した直近5試合。
2026,2026-10-05,渡邊 佳明,楽天,35,打,70,162,145,36,1,17,0,0.248,0.306,0.317,0.623,81.0,102.6,0.65,182,いいえ,シーズン累計の打撃成績。直近値は出場した直近5試合。
2026,2026-10-05,小深田 大翔,楽天,0,二,80,151,136,29,0,8,9,0.213,0.267,0.265,0.532,47.0,98.7,0.7333333333333334,192,いいえ,シーズン累計の打撃成績。直近値は出場した直近5試合。
2026,2026-10-05,堀内 謙伍,楽天,65,捕,47,120,100,19,1,6,0,0.19,0.291,0.26,0.551,61.0,96.6,0.3977272727272727,135,いいえ,シーズン累計の打撃成績。直近値は出場した直近5試合。
2026,2026-10-05,ボイト,楽天,9,指,20,74,67,8,0,3,0,0.119,0.189,0.164,0.353,-22.0,80.1,0.1111111111111111,,いいえ,シーズン累計の打撃成績。直近値は出場した直近5試合。
2026,2026-10-05,繁永 晟,楽天,30,三,22,62,56,11,0,4,0,0.196,0.233,0.25,0.483,25.0,92.7,0.5084033613445378,69,いいえ,シーズン累計の打撃成績。直近値は出場した直近5試合。
2026,2026-10-05,鈴木 大地,楽天,7,一,34,55,49,8,0,3,0,0.163,0.226,0.204,0.43,13.0,88.8,0.0,113,いいえ,シーズン累計の打撃成績。直近値は出場した直近5試合。
2026,2026-10-05,伊藤 裕季也,楽天,39,一,19,53,48,9,3,8,0,0.188,0.245,0.438,0.683,91.0,99.5,0.21428571428571427,31,いいえ,シーズン累計の打撃成績。直近値は出場した直近5試合。
2026,2026-10-05,伊藤 光,楽天,27,捕,22,36,30,4,1,2,0,0.133,0.235,0.233,0.468,31.0,95.2,0.8333333333333333,78,はい,シーズン累計の打撃成績。直近値は出場した直近5試合。
2026,2026-10-05,吉野 創士,楽天,78,打,20,36,34,4,0,0,0,0.118,0.143,0.147,0.29,-46.0,85.1,0.36363636363636365,47,はい,シーズン累計の打撃成績。直近値は出場した直近5試合。
2026,2026-10-05,入江 大樹,楽天,63,遊,17,26,24,5,0,0,0,0.208,0.269,0.25,0.519,45.0,98.6,0.4722222222222222,99,はい,シーズン累計の打撃成績。直近値は出場した直近5試合。
2026,2026-10-05,武藤 敦貴,楽天,50,右,24,25,21,4,0,2,2,0.19,0.28,0.238,0.518,46.0,98.1,0.9333333333333333,72,はい,シーズン累計の打撃成績。直近値は出場した直近5試合。
2026,2026-10-05,カナリオ,西武,25,右,128,508,467,117,16,51,12,0.251,0.307,0.411,0.718,110.0,108.3,1.25,,いいえ,シーズン累計の打撃成績。直近値は出場した直近5試合。
2026,2026-10-05,渡部 聖弥,西武,8,三,124,496,464,117,11,46,3,0.252,0.293,0.373,0.666,92.0,104.5,1.1058823529411765,177,いいえ,シーズン累計の打撃成績。直近値は出場した直近5試合。
2026,2026-10-05,滝澤 夏央,西武,62,二,118,457,386,106,1,31,12,0.275,0.35,0.308,0.658,99.0,106.3,0.0,180,いいえ,シーズン累計の打撃成績。直近値は出場した直近5試合。
2026,2026-10-05,ネビン,西武,26,一,99,412,361,97,21,47,0,0.269,0.34,0.499,0.839,150.0,113.3,0.32456140350877194,,いいえ,シーズン累計の打撃成績。直近値は出場した直近5試合。
2026,2026-10-05,小島 大河,西武,10,捕,94,349,325,86,9,37,0,0.265,0.307,0.378,0.685,99.0,111.1,0.39285714285714285,192,いいえ,シーズン累計の打撃成績。直近値は出場した直近5試合。
2026,2026-10-05,西川 愛也,西武,51,中,97,315,293,66,3,27,5,0.225,0.259,0.311,0.57,57.0,96.4,0.1,137,いいえ,シーズン累計の打撃成績。直近値は出場した直近5試合。
2026,2026-10-05,源田 壮亮,西武,6,遊,114,312,271,59,1,27,1,0.218,0.283,0.273,0.556,58.0,98.1,0.4375,192,いいえ,シーズン累計の打撃成績。直近値は出場した直近5試合。
2026,2026-10-05,平沢 大河,西武,39,一,87,301,275,71,3,19,1,0.258,0.317,0.364,0.681,100.0,104.0,0.7368421052631579,182,いいえ,シーズン累計の打撃成績。直近値は出場した直近5試合。
2026,2026-10-05,長谷川 信哉,西武,63,一,81,288,258,69,11,36,6,0.267,0.324,0.461,0.785,134.0,120.4,0.7532894736842105,126,いいえ,シーズン累計の打撃成績。直近値は出場した直近5試合。
2026,2026-10-05,林 安可,西武,73,指,76,261,236,52,8,29,0,0.22,0.295,0.377,0.672,97.0,100.3,0.08333333333333333,134,いいえ,シーズン累計の打撃成績。直近値は出場した直近5試合。
2026,2026-10-05,石井 一成,西武,4,二,69,240,221,51,6,21,0,0.231,0.276,0.367,0.643,82.0,100.9,0.956656346749226,131,いいえ,シーズン累計の打撃成績。直近値は出場した直近5試合。
2026,2026-10-05,桑原 将志,西武,7,左,62,239,216,49,3,15,2,0.227,0.295,0.329,0.624,81.0,97.3,0.3472222222222222,89,いいえ,シーズン累計の打撃成績。直近値は出場した直近5試合。
2026,2026-10-05,古賀 悠斗,西武,22,捕,90,232,196,53,4,27,2,0.27,0.357,0.378,0.735,123.0,117.8,0.0,192,いいえ,シーズン累計の打撃成績。直近値は出場した直近5試合。
2026,2026-10-05,岸 潤一郎,西武,68,左,95,187,169,40,1,12,3,0.237,0.279,0.314,0.593,66.0,107.4,0.4444444444444444,192,いいえ,シーズン累計の打撃成績。直近値は出場した直近5試合。
2026,2026-10-05,蛭間 拓哉,西武,9,左,36,98,89,24,0,8,0,0.27,0.298,0.382,0.68,94.0,102.8,0.26666666666666666,76,いいえ,シーズン累計の打撃成績。直近値は出場した直近5試合。
2026,2026-10-05,外崎 修汰,西武,5,二,32,93,86,16,2,8,1,0.186,0.237,0.291,0.528,43.0,94.4,1.1666666666666667,95,いいえ,シーズン累計の打撃成績。直近値は出場した直近5試合。
2026,2026-10-05,山村 崇嘉,西武,32,三,29,88,80,16,1,6,0,0.2,0.256,0.25,0.506,39.0,90.5,0.34285714285714286,63,いいえ,シーズン累計の打撃成績。直近値は出場した直近5試合。
2026,2026-10-05,中村 剛也,西武,60,指,24,60,57,14,1,7,0,0.246,0.283,0.368,0.651,86.0,101.0,0.5833333333333333,51,いいえ,シーズン累計の打撃成績。直近値は出場した直近5試合。
2026,2026-10-05,柘植 世那,西武,37,捕,29,55,51,16,1,2,0,0.314,0.327,0.412,0.739,118.0,111.5,0.6666666666666666,190,いいえ,シーズン累計の打撃成績。直近値は出場した直近5試合。
2026,2026-10-05,仲三 優太,西武,55,指,11,35,31,4,1,3,0,0.129,0.229,0.226,0.455,24.0,93.1,0.5641025641025641,16,はい,シーズン累計の打撃成績。直近値は出場した直近5試合。
2026,2026-10-05,仲田 慶介,西武,00,二,25,31,29,7,0,3,0,0.241,0.258,0.517,0.775,113.0,106.9,0.9285714285714286,148,はい,シーズン累計の打撃成績。直近値は出場した直近5試合。
2026,2026-10-05,佐藤 太陽,西武,38,二,14,26,26,6,1,2,0,0.231,0.231,0.423,0.654,81.0,99.6,0.625,32,はい,シーズン累計の打撃成績。直近値は出場した直近5試合。
2026,2026-10-05,森下 翔太,阪神,1,右,136,589,504,147,35,83,3,0.292,0.389,0.562,0.951,213.0,130.2,0.44956140350877194,192,いいえ,シーズン累計の打撃成績。直近値は出場した直近5試合。
2026,2026-10-05,佐藤 輝明,阪神,8,三,136,583,512,162,38,103,8,0.316,0.393,0.625,1.018,232.0,133.4,1.4782608695652173,192,いいえ,シーズン累計の打撃成績。直近値は出場した直近5試合。
2026,2026-10-05,大山 悠輔,阪神,3,一,134,564,486,135,18,81,0,0.278,0.36,0.438,0.798,155.0,115.9,0.9151138716356109,192,いいえ,シーズン累計の打撃成績。直近値は出場した直近5試合。
2026,2026-10-05,中野 拓夢,阪神,7,二,136,557,487,141,0,23,9,0.29,0.34,0.322,0.662,108.0,115.6,1.0045766590389016,192,いいえ,シーズン累計の打撃成績。直近値は出場した直近5試合。
2026,2026-10-05,近本 光司,阪神,5,中,83,381,345,106,5,16,10,0.307,0.37,0.394,0.764,148.0,114.4,1.5,117,いいえ,シーズン累計の打撃成績。直近値は出場した直近5試合。
2026,2026-10-05,髙寺 望夢,阪神,67,中,122,358,309,67,3,23,12,0.217,0.312,0.285,0.597,82.0,111.9,0.7333333333333334,192,いいえ,シーズン累計の打撃成績。直近値は出場した直近5試合。
2026,2026-10-05,坂本 誠志郎,阪神,12,捕,94,307,268,53,10,36,2,0.198,0.272,0.332,0.604,77.0,105.8,0.7785714285714285,192,いいえ,シーズン累計の打撃成績。直近値は出場した直近5試合。
2026,2026-10-05,前川 右京,阪神,58,左,75,213,187,41,5,20,0,0.219,0.305,0.358,0.663,103.0,106.4,0.2,146,いいえ,シーズン累計の打撃成績。直近値は出場した直近5試合。
2026,2026-10-05,熊谷 敬宥,阪神,4,遊,74,172,158,35,0,13,5,0.222,0.25,0.259,0.509,42.0,104.8,0.5,192,いいえ,シーズン累計の打撃成績。直近値は出場した直近5試合。
2026,2026-10-05,元山 飛優,阪神,00,遊,52,169,139,35,0,7,3,0.252,0.342,0.266,0.608,92.0,105.9,0.5357142857142857,106,いいえ,シーズン累計の打撃成績。直近値は出場した直近5試合。
2026,2026-10-05,木浪 聖也,阪神,0,遊,60,153,142,31,1,17,1,0.218,0.268,0.261,0.529,54.0,103.6,0.4,145,いいえ,シーズン累計の打撃成績。直近値は出場した直近5試合。
2026,2026-10-05,福島 圭音,阪神,92,打,69,151,134,31,0,4,6,0.231,0.309,0.291,0.6,87.0,100.6,0.4,156,いいえ,シーズン累計の打撃成績。直近値は出場した直近5試合。
2026,2026-10-05,伏見 寅威,阪神,17,捕,49,139,122,26,0,16,0,0.213,0.281,0.238,0.519,48.0,104.7,0.6904761904761905,170,いいえ,シーズン累計の打撃成績。直近値は出場した直近5試合。
2026,2026-10-05,立石 正広,阪神,9,三,37,124,122,24,2,10,1,0.197,0.21,0.262,0.472,23.0,93.1,0.36363636363636365,61,いいえ,シーズン累計の打撃成績。直近値は出場した直近5試合。
2026,2026-10-05,小幡 竜平,阪神,38,遊,36,104,94,20,0,4,1,0.213,0.267,0.245,0.512,44.0,93.4,0.0,109,いいえ,シーズン累計の打撃成績。直近値は出場した直近5試合。
2026,2026-10-05,梅野 隆太郎,阪神,2,捕,24,74,66,12,1,3,1,0.182,0.236,0.258,0.494,38.0,99.9,0.29292929292929293,138,いいえ,シーズン累計の打撃成績。直近値は出場した直近5試合。
2026,2026-10-05,村上 頌樹,阪神,41,投,24,57,48,3,0,0,0,0.062,0.082,0.083,0.165,-101.0,79.0,0.34090909090909094,192,いいえ,シーズン累計の打撃成績。直近値は出場した直近5試合。
2026,2026-10-05,髙橋 遥人,阪神,29,投,20,56,49,7,0,1,0,0.143,0.143,0.163,0.306,-46.0,83.1,0.5641025641025641,153,いいえ,シーズン累計の打撃成績。直近値は出場した直近5試合。
2026,2026-10-05,才木 浩人,阪神,35,投,23,51,40,4,0,1,0,0.1,0.143,0.1,0.243,-63.0,83.6,0.38181818181818183,172,いいえ,シーズン累計の打撃成績。直近値は出場した直近5試合。
2026,2026-10-05,嶋村 麟士朗,阪神,85,打,30,41,41,8,1,5,0,0.195,0.195,0.268,0.463,18.0,99.8,0.0,105,はい,シーズン累計の打撃成績。直近値は出場した直近5試合。
2026,2026-10-05,ガルシア,阪神,94,打,19,35,31,4,2,7,0,0.129,0.229,0.355,0.584,74.0,102.4,0.0,,はい,シーズン累計の打撃成績。直近値は出場した直近5試合。
2026,2026-10-05,岡城 快生,阪神,34,左,15,34,33,5,0,1,0,0.152,0.176,0.212,0.388,-9.0,90.7,0.0,60,はい,シーズン累計の打撃成績。直近値は出場した直近5試合。
2026,2026-10-05,大竹 耕太郎,阪神,21,投,16,29,26,4,0,0,0,0.154,0.154,0.154,0.308,-44.0,89.6,0.26785714285714285,114,はい,シーズン累計の打撃成績。直近値は出場した直近5試合。
2026,2026-10-05,濱田 太貴,阪神,32,打,19,27,25,4,1,2,0,0.16,0.222,0.28,0.502,41.0,99.0,1.0,58,はい,シーズン累計の打撃成績。直近値は出場した直近5試合。
2026,2026-10-05,中川 勇斗,阪神,68,左,10,25,19,1,0,2,0,0.053,0.25,0.105,0.355,12.0,92.3,0.4,28,はい,シーズン累計の打撃成績。直近値は出場した直近5試合。
