シーズン,集計基準日,選手名,球団,区分,期間,期間終了日,試合数または登板数,打席数,投球回,OPS,防御率,W-Impact,W-Value,調子判定,サンプル不足フラグ,データの説明
2026,2026-10-04,堀 瑞輝,日本ハム,投手,直近15出場,2026-09-23,15,,13.3,,0.0,141.0,2.47,好調,いいえ,欠場を数えず、実際に出場または登板した試合による移動集計。
2026,2026-10-04,ハーン,広島,投手,直近15出場,2026-07-24,15,,14.7,,1.840909090909091,128.6,2.13,好調,いいえ,欠場を数えず、実際に出場または登板した試合による移動集計。
2026,2026-10-04,森 博人,中日,投手,直近15出場,2026-09-26,15,,13.0,,0.0,127.8,1.99,好調,いいえ,欠場を数えず、実際に出場または登板した試合による移動集計。
2026,2026-10-04,髙橋 宏斗,中日,投手,直近15出場,2026-10-03,15,,99.3,,2.174496644295302,127.7,7.52,好調,いいえ,欠場を数えず、実際に出場または登板した試合による移動集計。
2026,2026-10-04,山﨑 颯一郎,オリックス,投手,直近15出場,2026-09-23,15,,15.3,,1.1739130434782608,126.5,2.09,好調,いいえ,欠場を数えず、実際に出場または登板した試合による移動集計。
2026,2026-10-04,井上 温大,巨人,投手,直近15出場,2026-10-03,15,,100.3,,1.5249169435215948,125.4,7.28,好調,いいえ,欠場を数えず、実際に出場または登板した試合による移動集計。
2026,2026-10-04,吉野 光樹,DeNA,投手,直近15出場,2026-09-26,15,,13.7,,0.0,124.5,1.92,好調,いいえ,欠場を数えず、実際に出場または登板した試合による移動集計。
2026,2026-10-04,山岡 泰輔,オリックス,投手,直近15出場,2026-09-21,15,,12.7,,4.2631578947368425,124.1,1.85,好調,いいえ,欠場を数えず、実際に出場または登板した試合による移動集計。
2026,2026-10-04,達 孝太,日本ハム,投手,直近15出場,2026-09-24,15,,63.0,,2.142857142857143,123.6,4.82,好調,いいえ,欠場を数えず、実際に出場または登板した試合による移動集計。
2026,2026-10-04,隅田 知一郎,西武,投手,直近15出場,2026-09-19,15,,110.7,,2.1144578313253013,123.4,7.64,好調,いいえ,欠場を数えず、実際に出場または登板した試合による移動集計。
2026,2026-10-04,豆田 泰志,西武,投手,直近15出場,2026-09-26,15,,22.3,,0.40298507462686567,122.5,2.35,好調,いいえ,欠場を数えず、実際に出場または登板した試合による移動集計。
2026,2026-10-04,平良 海馬,西武,投手,直近15出場,2026-09-15,15,,94.0,,1.627659574468085,121.9,6.46,好調,いいえ,欠場を数えず、実際に出場または登板した試合による移動集計。
2026,2026-10-04,森田 駿哉,巨人,投手,直近15出場,2026-09-25,15,,13.7,,0.0,121.9,1.83,好調,いいえ,欠場を数えず、実際に出場または登板した試合による移動集計。
2026,2026-10-04,髙橋 遥人,阪神,投手,直近15出場,2026-09-23,15,,96.3,,2.522491349480969,121.7,6.57,好調,いいえ,欠場を数えず、実際に出場または登板した試合による移動集計。
2026,2026-10-04,横山 楓,オリックス,投手,直近15出場,2026-04-21,7,,6.0,,3.0,121.5,0.82,好調,いいえ,欠場を数えず、実際に出場または登板した試合による移動集計。
2026,2026-10-04,齋藤 綱記,中日,投手,直近15出場,2026-09-26,15,,13.3,,0.6749999999999999,121.4,1.79,好調,いいえ,欠場を数えず、実際に出場または登板した試合による移動集計。
2026,2026-10-04,ウィンゲンター,西武,投手,直近15出場,2026-08-25,15,,13.7,,2.6341463414634148,120.9,1.79,好調,いいえ,欠場を数えず、実際に出場または登板した試合による移動集計。
2026,2026-10-04,伊藤 大海,日本ハム,投手,直近15出場,2026-09-26,15,,100.3,,3.3189368770764123,120.4,6.62,好調,いいえ,欠場を数えず、実際に出場または登板した試合による移動集計。
2026,2026-10-04,工藤 泰成,阪神,投手,直近15出場,2026-09-26,15,,16.0,,0.5625,120.4,1.9,好調,いいえ,欠場を数えず、実際に出場または登板した試合による移動集計。
2026,2026-10-04,上沢 直之,ソフトバンク,投手,直近15出場,2026-09-23,15,,87.0,,2.689655172413793,120.1,5.84,好調,いいえ,欠場を数えず、実際に出場または登板した試合による移動集計。
2026,2026-10-04,浜地 真澄,DeNA,投手,直近15出場,2026-10-03,15,,15.0,,0.6,119.5,1.81,好調,いいえ,欠場を数えず、実際に出場または登板した試合による移動集計。
2026,2026-10-04,木下 里都,阪神,投手,直近15出場,2026-10-03,15,,15.3,,1.1739130434782608,119.0,1.81,好調,いいえ,欠場を数えず、実際に出場または登板した試合による移動集計。
2026,2026-10-04,前田 悠伍,ソフトバンク,投手,直近15出場,2026-09-19,15,,89.0,,2.0224719101123596,118.8,5.8,好調,いいえ,欠場を数えず、実際に出場または登板した試合による移動集計。
2026,2026-10-04,中川 皓太,巨人,投手,直近15出場,2026-10-03,15,,10.3,,4.354838709677419,118.3,1.52,好調,いいえ,欠場を数えず、実際に出場または登板した試合による移動集計。
2026,2026-10-04,才木 浩人,阪神,投手,直近15出場,2026-10-03,15,,93.7,,2.113879003558719,118.3,5.99,好調,いいえ,欠場を数えず、実際に出場または登板した試合による移動集計。
2026,2026-10-04,福谷 浩司,日本ハム,投手,直近15出場,2026-06-14,12,,12.7,,4.2631578947368425,81.1,0.33,不調,いいえ,欠場を数えず、実際に出場または登板した試合による移動集計。
2026,2026-10-04,中込 陽翔,楽天,投手,直近15出場,2026-08-13,15,,12.3,,8.027027027027026,80.8,0.36,不調,いいえ,欠場を数えず、実際に出場または登板した試合による移動集計。
2026,2026-10-04,坂本 裕哉,DeNA,投手,直近15出場,2026-08-21,15,,15.7,,4.595744680851064,80.7,0.4,不調,いいえ,欠場を数えず、実際に出場または登板した試合による移動集計。
2026,2026-10-04,山﨑 康晃,DeNA,投手,直近15出場,2026-07-02,15,,12.7,,9.236842105263158,80.3,0.35,不調,いいえ,欠場を数えず、実際に出場または登板した試合による移動集計。
2026,2026-10-04,拓也,ヤクルト,投手,直近15出場,2026-06-13,7,,6.7,,13.5,80.3,0.17,不調,いいえ,欠場を数えず、実際に出場または登板した試合による移動集計。
2026,2026-10-04,成田 晴風,西武,投手,直近15出場,2026-07-01,2,,2.0,,13.5,80.0,0.05,不調,はい,欠場を数えず、実際に出場または登板した試合による移動集計。
2026,2026-10-04,石川 雅規,ヤクルト,投手,直近15出場,2026-10-03,2,,0.7,,81.0,79.4,0.03,不調,はい,欠場を数えず、実際に出場または登板した試合による移動集計。
2026,2026-10-04,唐川 侑己,ロッテ,投手,直近15出場,2026-10-03,2,,5.3,,6.75,79.2,0.08,不調,はい,欠場を数えず、実際に出場または登板した試合による移動集計。
2026,2026-10-04,大関 友久,ソフトバンク,投手,直近15出場,2026-07-20,10,,57.3,,5.337209302325581,78.9,0.69,不調,いいえ,欠場を数えず、実際に出場または登板した試合による移動集計。
2026,2026-10-04,阿部 翔太,オリックス,投手,直近15出場,2026-08-16,13,,10.7,,10.125,78.6,0.25,不調,いいえ,欠場を数えず、実際に出場または登板した試合による移動集計。
2026,2026-10-04,岩城 颯空,西武,投手,直近15出場,2026-08-15,15,,14.7,,4.909090909090909,78.1,0.29,不調,いいえ,欠場を数えず、実際に出場または登板した試合による移動集計。
2026,2026-10-04,糸川 亮太,西武,投手,直近15出場,2026-05-03,9,,11.7,,6.171428571428572,77.7,0.19,不調,いいえ,欠場を数えず、実際に出場または登板した試合による移動集計。
2026,2026-10-04,長谷川 宙輝,ヤクルト,投手,直近15出場,2026-07-17,1,,1.0,,27.0,76.9,0.02,不調,はい,欠場を数えず、実際に出場または登板した試合による移動集計。
2026,2026-10-04,河村 説人,ロッテ,投手,直近15出場,2026-08-11,8,,44.3,,4.87218045112782,76.4,0.38,不調,いいえ,欠場を数えず、実際に出場または登板した試合による移動集計。
2026,2026-10-04,椎葉 剛,阪神,投手,直近15出場,2026-06-09,4,,7.0,,6.428571428571429,75.7,0.07,不調,はい,欠場を数えず、実際に出場または登板した試合による移動集計。
2026,2026-10-04,山城 京平,巨人,投手,直近15出場,2026-03-29,1,,2.0,,22.5,75.5,0.02,不調,はい,欠場を数えず、実際に出場または登板した試合による移動集計。
2026,2026-10-04,石川 達也,巨人,投手,直近15出場,2026-09-24,7,,7.3,,14.727272727272728,75.5,0.1,不調,いいえ,欠場を数えず、実際に出場または登板した試合による移動集計。
2026,2026-10-04,髙谷 舟,オリックス,投手,直近15出場,2026-04-03,1,,1.0,,45.0,75.0,0.01,不調,はい,欠場を数えず、実際に出場または登板した試合による移動集計。
2026,2026-10-04,北斗,ソフトバンク,投手,直近15出場,2026-07-04,1,,2.0,,36.0,74.7,0.02,不調,はい,欠場を数えず、実際に出場または登板した試合による移動集計。
2026,2026-10-04,ビド,DeNA,投手,直近15出場,2026-08-06,2,,7.0,,10.285714285714286,73.1,0.03,不調,はい,欠場を数えず、実際に出場または登板した試合による移動集計。
2026,2026-10-04,山口 廉王,オリックス,投手,直近15出場,2026-09-21,3,,11.7,,6.942857142857143,72.8,0.05,不調,はい,欠場を数えず、実際に出場または登板した試合による移動集計。
2026,2026-10-04,廣畑 敦也,ロッテ,投手,直近15出場,2026-06-13,4,,8.0,,9.0,70.4,0.01,不調,はい,欠場を数えず、実際に出場または登板した試合による移動集計。
2026,2026-10-04,コントレラス,楽天,投手,直近15出場,2026-08-11,5,,13.0,,6.923076923076923,69.4,-0.01,不調,いいえ,欠場を数えず、実際に出場または登板した試合による移動集計。
2026,2026-10-04,佐藤 一磨,オリックス,投手,直近15出場,2026-09-25,7,,9.0,,9.0,69.1,-0.02,不調,いいえ,欠場を数えず、実際に出場または登板した試合による移動集計。
2026,2026-10-04,藤嶋 健人,中日,投手,直近15出場,2026-09-01,15,,11.7,,8.485714285714286,68.4,-0.05,不調,いいえ,欠場を数えず、実際に出場または登板した試合による移動集計。
2026,2026-10-04,堀 瑞輝,日本ハム,投手,直近5出場,2026-09-23,5,,5.0,,0.0,133.2,0.77,好調,いいえ,欠場を数えず、実際に出場または登板した試合による移動集計。
2026,2026-10-04,ウィットリー,巨人,投手,直近5出場,2026-07-24,5,,30.7,,1.1739130434782608,128.5,2.39,好調,いいえ,欠場を数えず、実際に出場または登板した試合による移動集計。
2026,2026-10-04,髙橋 宏斗,中日,投手,直近5出場,2026-10-03,5,,36.0,,0.75,127.4,2.68,好調,いいえ,欠場を数えず、実際に出場または登板した試合による移動集計。
2026,2026-10-04,井上 温大,巨人,投手,直近5出場,2026-10-03,5,,34.0,,1.588235294117647,126.1,2.49,好調,いいえ,欠場を数えず、実際に出場または登板した試合による移動集計。
2026,2026-10-04,ウレーニャ,楽天,投手,直近5出場,2026-09-23,5,,11.0,,0.0,124.7,1.03,好調,いいえ,欠場を数えず、実際に出場または登板した試合による移動集計。
2026,2026-10-04,荘司 康誠,楽天,投手,直近5出場,2026-09-23,5,,34.0,,2.1176470588235294,124.1,2.4,好調,いいえ,欠場を数えず、実際に出場または登板した試合による移動集計。
2026,2026-10-04,隅田 知一郎,西武,投手,直近5出場,2026-09-19,5,,39.0,,1.3846153846153846,123.9,2.7,好調,いいえ,欠場を数えず、実際に出場または登板した試合による移動集計。
2026,2026-10-04,福島 蓮,日本ハム,投手,直近5出場,2026-09-23,5,,7.0,,0.0,123.8,0.78,好調,いいえ,欠場を数えず、実際に出場または登板した試合による移動集計。
2026,2026-10-04,平良 海馬,西武,投手,直近5出場,2026-09-15,5,,36.0,,1.0,123.3,2.49,好調,いいえ,欠場を数えず、実際に出場または登板した試合による移動集計。
2026,2026-10-04,山﨑 颯一郎,オリックス,投手,直近5出場,2026-09-23,5,,5.0,,1.8,123.3,0.65,好調,いいえ,欠場を数えず、実際に出場または登板した試合による移動集計。
2026,2026-10-04,遠藤 淳志,広島,投手,直近5出場,2026-10-03,5,,5.0,,0.0,122.9,0.65,好調,いいえ,欠場を数えず、実際に出場または登板した試合による移動集計。
2026,2026-10-04,齋藤 綱記,中日,投手,直近5出場,2026-09-26,5,,4.7,,0.0,122.3,0.62,好調,いいえ,欠場を数えず、実際に出場または登板した試合による移動集計。
2026,2026-10-04,森 博人,中日,投手,直近5出場,2026-09-26,5,,4.0,,0.0,121.6,0.57,好調,いいえ,欠場を数えず、実際に出場または登板した試合による移動集計。
2026,2026-10-04,上沢 直之,ソフトバンク,投手,直近5出場,2026-09-23,5,,32.0,,1.96875,120.5,2.13,好調,いいえ,欠場を数えず、実際に出場または登板した試合による移動集計。
2026,2026-10-04,坂本 光士郎,ロッテ,投手,直近5出場,2026-10-03,5,,6.3,,0.0,120.4,0.69,好調,いいえ,欠場を数えず、実際に出場または登板した試合による移動集計。
2026,2026-10-04,髙橋 遥人,阪神,投手,直近5出場,2026-09-23,5,,29.7,,2.1235955056179776,120.2,1.99,好調,いいえ,欠場を数えず、実際に出場または登板した試合による移動集計。
2026,2026-10-04,田中 晴也,ロッテ,投手,直近5出場,2026-09-25,5,,32.0,,3.09375,120.2,2.12,好調,いいえ,欠場を数えず、実際に出場または登板した試合による移動集計。
2026,2026-10-04,小林 樹斗,ソフトバンク,投手,直近5出場,2026-09-23,5,,6.0,,0.0,120.2,0.67,好調,いいえ,欠場を数えず、実際に出場または登板した試合による移動集計。
2026,2026-10-04,九谷 瑠,楽天,投手,直近5出場,2026-09-23,5,,5.0,,0.0,119.5,0.6,好調,いいえ,欠場を数えず、実際に出場または登板した試合による移動集計。
2026,2026-10-04,森田 駿哉,巨人,投手,直近5出場,2026-09-25,5,,4.3,,0.0,119.2,0.56,好調,いいえ,欠場を数えず、実際に出場または登板した試合による移動集計。
2026,2026-10-04,木下 里都,阪神,投手,直近5出場,2026-10-03,5,,6.0,,0.0,118.7,0.65,好調,いいえ,欠場を数えず、実際に出場または登板した試合による移動集計。
2026,2026-10-04,前田 悠伍,ソフトバンク,投手,直近5出場,2026-09-19,5,,27.0,,2.6666666666666665,118.7,1.79,好調,いいえ,欠場を数えず、実際に出場または登板した試合による移動集計。
2026,2026-10-04,前田 健太,楽天,投手,直近5出場,2026-09-24,5,,34.0,,1.3235294117647058,118.6,2.16,好調,いいえ,欠場を数えず、実際に出場または登板した試合による移動集計。
2026,2026-10-04,豆田 泰志,西武,投手,直近5出場,2026-09-26,5,,6.3,,0.0,118.4,0.66,好調,いいえ,欠場を数えず、実際に出場または登板した試合による移動集計。
2026,2026-10-04,横山 楓,オリックス,投手,直近5出場,2026-04-21,5,,4.0,,4.5,117.8,0.53,好調,いいえ,欠場を数えず、実際に出場または登板した試合による移動集計。
2026,2026-10-04,坂本 裕哉,DeNA,投手,直近5出場,2026-08-21,5,,5.7,,7.941176470588235,81.6,0.15,不調,いいえ,欠場を数えず、実際に出場または登板した試合による移動集計。
2026,2026-10-04,成田 晴風,西武,投手,直近5出場,2026-07-01,2,,2.0,,13.5,81.4,0.06,不調,はい,欠場を数えず、実際に出場または登板した試合による移動集計。
2026,2026-10-04,石川 雅規,ヤクルト,投手,直近5出場,2026-10-03,2,,0.7,,81.0,81.3,0.04,不調,はい,欠場を数えず、実際に出場または登板した試合による移動集計。
2026,2026-10-04,藤嶋 健人,中日,投手,直近5出場,2026-09-01,5,,3.0,,15.0,81.2,0.11,不調,いいえ,欠場を数えず、実際に出場または登板した試合による移動集計。
2026,2026-10-04,阪口 皓亮,ヤクルト,投手,直近5出場,2026-09-20,5,,3.7,,12.272727272727273,81.0,0.12,不調,いいえ,欠場を数えず、実際に出場または登板した試合による移動集計。
2026,2026-10-04,髙島 泰都,オリックス,投手,直近5出場,2026-09-20,5,,24.3,,6.657534246575342,80.4,0.35,不調,いいえ,欠場を数えず、実際に出場または登板した試合による移動集計。
2026,2026-10-04,瀧中 瞭太,楽天,投手,直近5出場,2026-09-20,5,,28.3,,6.988235294117647,79.8,0.37,不調,いいえ,欠場を数えず、実際に出場または登板した試合による移動集計。
2026,2026-10-04,大野 雄大,中日,投手,直近5出場,2026-09-20,5,,30.0,,3.3,79.4,0.38,不調,いいえ,欠場を数えず、実際に出場または登板した試合による移動集計。
2026,2026-10-04,阿部 翔太,オリックス,投手,直近5出場,2026-08-16,5,,4.7,,13.5,78.6,0.1,不調,いいえ,欠場を数えず、実際に出場または登板した試合による移動集計。
2026,2026-10-04,椎葉 剛,阪神,投手,直近5出場,2026-06-09,4,,7.0,,6.428571428571429,78.4,0.11,不調,はい,欠場を数えず、実際に出場または登板した試合による移動集計。
2026,2026-10-04,拓也,ヤクルト,投手,直近5出場,2026-06-13,5,,5.3,,16.875,78.2,0.1,不調,いいえ,欠場を数えず、実際に出場または登板した試合による移動集計。
2026,2026-10-04,長谷川 宙輝,ヤクルト,投手,直近5出場,2026-07-17,1,,1.0,,27.0,78.2,0.02,不調,はい,欠場を数えず、実際に出場または登板した試合による移動集計。
2026,2026-10-04,北斗,ソフトバンク,投手,直近5出場,2026-07-04,1,,2.0,,36.0,77.6,0.03,不調,はい,欠場を数えず、実際に出場または登板した試合による移動集計。
2026,2026-10-04,河村 説人,ロッテ,投手,直近5出場,2026-08-11,5,,26.3,,5.810126582278481,77.3,0.26,不調,いいえ,欠場を数えず、実際に出場または登板した試合による移動集計。
2026,2026-10-04,ビド,DeNA,投手,直近5出場,2026-08-06,2,,7.0,,10.285714285714286,77.3,0.08,不調,はい,欠場を数えず、実際に出場または登板した試合による移動集計。
2026,2026-10-04,山口 廉王,オリックス,投手,直近5出場,2026-09-21,3,,11.7,,6.942857142857143,77.1,0.12,不調,はい,欠場を数えず、実際に出場または登板した試合による移動集計。
2026,2026-10-04,山城 京平,巨人,投手,直近5出場,2026-03-29,1,,2.0,,22.5,75.5,0.02,不調,はい,欠場を数えず、実際に出場または登板した試合による移動集計。
2026,2026-10-04,髙谷 舟,オリックス,投手,直近5出場,2026-04-03,1,,1.0,,45.0,74.9,0.01,不調,はい,欠場を数えず、実際に出場または登板した試合による移動集計。
2026,2026-10-04,大関 友久,ソフトバンク,投手,直近5出場,2026-07-20,5,,29.3,,6.443181818181818,74.5,0.18,不調,いいえ,欠場を数えず、実際に出場または登板した試合による移動集計。
2026,2026-10-04,根尾 昂,中日,投手,直近5出場,2026-05-01,5,,4.7,,9.642857142857142,73.7,0.04,不調,いいえ,欠場を数えず、実際に出場または登板した試合による移動集計。
2026,2026-10-04,福谷 浩司,日本ハム,投手,直近5出場,2026-06-14,5,,5.3,,8.4375,72.5,0.03,不調,いいえ,欠場を数えず、実際に出場または登板した試合による移動集計。
2026,2026-10-04,金村 尚真,日本ハム,投手,直近5出場,2026-09-08,5,,5.0,,19.8,72.1,0.03,不調,いいえ,欠場を数えず、実際に出場または登板した試合による移動集計。
2026,2026-10-04,廣畑 敦也,ロッテ,投手,直近5出場,2026-06-13,4,,8.0,,9.0,68.8,-0.02,不調,はい,欠場を数えず、実際に出場または登板した試合による移動集計。
2026,2026-10-04,佐藤 一磨,オリックス,投手,直近5出場,2026-09-25,5,,6.7,,10.799999999999999,68.1,-0.03,不調,いいえ,欠場を数えず、実際に出場または登板した試合による移動集計。
2026,2026-10-04,コントレラス,楽天,投手,直近5出場,2026-08-11,5,,13.0,,6.923076923076923,67.7,-0.05,不調,いいえ,欠場を数えず、実際に出場または登板した試合による移動集計。
2026,2026-10-04,泉口 友汰,巨人,野手,直近15出場,2026-10-03,15,62,,1.0526475958612294,,135.6,1.36,好調,いいえ,欠場を数えず、実際に出場または登板した試合による移動集計。
2026,2026-10-04,古市 尊,DeNA,野手,直近15出場,2026-10-03,15,40,,1.0833333333333335,,129.9,1.04,好調,いいえ,欠場を数えず、実際に出場または登板した試合による移動集計。
2026,2026-10-04,柳町 達,ソフトバンク,野手,直近15出場,2026-10-03,15,59,,1.0868211691456244,,126.5,1.17,好調,いいえ,欠場を数えず、実際に出場または登板した試合による移動集計。
2026,2026-10-04,中村 奨成,広島,野手,直近15出場,2026-10-03,15,64,,0.8922413793103449,,124.7,1.17,好調,いいえ,欠場を数えず、実際に出場または登板した試合による移動集計。
2026,2026-10-04,近本 光司,阪神,野手,直近15出場,2026-10-03,15,70,,1.0183035714285715,,124.6,1.27,好調,いいえ,欠場を数えず、実際に出場または登板した試合による移動集計。
2026,2026-10-04,茂木 栄五郎,ヤクルト,野手,直近15出場,2026-06-14,15,13,,1.3173076923076923,,122.9,0.86,好調,はい,欠場を数えず、実際に出場または登板した試合による移動集計。
2026,2026-10-04,柳田 悠岐,ソフトバンク,野手,直近15出場,2026-10-03,15,63,,1.1293650793650793,,122.8,1.11,好調,いいえ,欠場を数えず、実際に出場または登板した試合による移動集計。
2026,2026-10-04,山口 航輝,ロッテ,野手,直近15出場,2026-10-03,15,68,,0.9364326375711576,,122.5,1.19,好調,いいえ,欠場を数えず、実際に出場または登板した試合による移動集計。
2026,2026-10-04,レイエス,日本ハム,野手,直近15出場,2026-09-15,15,62,,0.989149560117302,,121.8,1.07,好調,いいえ,欠場を数えず、実際に出場または登板した試合による移動集計。
2026,2026-10-04,佐藤 輝明,阪神,野手,直近15出場,2026-10-03,15,66,,0.9318181818181819,,121.8,1.14,好調,いいえ,欠場を数えず、実際に出場または登板した試合による移動集計。
2026,2026-10-04,サンタナ,ヤクルト,野手,直近15出場,2026-09-26,15,45,,0.9863247863247864,,121.5,0.77,好調,いいえ,欠場を数えず、実際に出場または登板した試合による移動集計。
2026,2026-10-04,村林 一輝,楽天,野手,直近15出場,2026-10-03,15,48,,0.7159090909090908,,121.1,0.87,好調,いいえ,欠場を数えず、実際に出場または登板した試合による移動集計。
2026,2026-10-04,田宮 裕涼,日本ハム,野手,直近15出場,2026-09-26,15,42,,0.8772893772893773,,120.9,0.81,好調,いいえ,欠場を数えず、実際に出場または登板した試合による移動集計。
2026,2026-10-04,正木 智也,ソフトバンク,野手,直近15出場,2026-10-03,15,70,,1.0721311475409836,,120.7,1.18,好調,いいえ,欠場を数えず、実際に出場または登板した試合による移動集計。
2026,2026-10-04,宗 佑磨,オリックス,野手,直近15出場,2026-10-03,15,61,,0.9132111861137897,,120.3,1.02,好調,いいえ,欠場を数えず、実際に出場または登板した試合による移動集計。
2026,2026-10-04,丸山 和郁,ヤクルト,野手,直近15出場,2026-09-26,15,28,,1.1006493506493507,,119.3,0.71,好調,いいえ,欠場を数えず、実際に出場または登板した試合による移動集計。
2026,2026-10-04,佐野 恵太,DeNA,野手,直近15出場,2026-10-03,15,54,,0.8533333333333333,,118.8,0.88,好調,いいえ,欠場を数えず、実際に出場または登板した試合による移動集計。
2026,2026-10-04,今川 優馬,日本ハム,野手,直近15出場,2026-09-12,15,45,,0.8205128205128205,,118.7,0.73,好調,いいえ,欠場を数えず、実際に出場または登板した試合による移動集計。
2026,2026-10-04,西村 瑠伊斗,ヤクルト,野手,直近15出場,2026-10-03,15,36,,1.0250896057347672,,118.6,0.87,好調,いいえ,欠場を数えず、実際に出場または登板した試合による移動集計。
2026,2026-10-04,仲田 慶介,西武,野手,直近15出場,2026-09-23,15,20,,0.981578947368421,,118.4,0.81,好調,いいえ,欠場を数えず、実際に出場または登板した試合による移動集計。
2026,2026-10-04,西川 史礁,ロッテ,野手,直近15出場,2026-10-03,15,62,,0.7870967741935484,,118.1,0.99,好調,いいえ,欠場を数えず、実際に出場または登板した試合による移動集計。
2026,2026-10-04,赤羽 由紘,ヤクルト,野手,直近15出場,2026-09-26,15,45,,0.8228228228228228,,118.0,1.01,好調,いいえ,欠場を数えず、実際に出場または登板した試合による移動集計。
2026,2026-10-04,小島 大河,西武,野手,直近15出場,2026-09-26,15,56,,0.7533692722371967,,117.9,0.89,好調,いいえ,欠場を数えず、実際に出場または登板した試合による移動集計。
2026,2026-10-04,牧 秀悟,DeNA,野手,直近15出場,2026-10-03,15,67,,0.9185221433814534,,117.8,1.07,好調,いいえ,欠場を数えず、実際に出場または登板した試合による移動集計。
2026,2026-10-04,勝田 成,広島,野手,直近15出場,2026-10-03,15,50,,0.7577777777777778,,117.8,0.8,好調,いいえ,欠場を数えず、実際に出場または登板した試合による移動集計。
2026,2026-10-04,林 晃汰,広島,野手,直近15出場,2026-06-11,8,13,,0.15384615384615385,,87.0,0.07,標準,はい,欠場を数えず、実際に出場または登板した試合による移動集計。
2026,2026-10-04,村上 頌樹,阪神,野手,直近15出場,2026-09-25,15,35,,0.15714285714285714,,86.9,0.2,標準,いいえ,欠場を数えず、実際に出場または登板した試合による移動集計。
2026,2026-10-04,松本 健吾,ヤクルト,野手,直近15出場,2026-09-22,15,19,,0.0,,86.8,0.11,標準,いいえ,欠場を数えず、実際に出場または登板した試合による移動集計。
2026,2026-10-04,北山 亘基,日本ハム,野手,直近15出場,2026-06-16,2,5,,0.0,,86.5,0.03,標準,はい,欠場を数えず、実際に出場または登板した試合による移動集計。
2026,2026-10-04,角中 勝也,ロッテ,野手,直近15出場,2026-07-20,9,17,,0.2431372549019608,,86.5,0.09,標準,いいえ,欠場を数えず、実際に出場または登板した試合による移動集計。
2026,2026-10-04,ダウンズ,ソフトバンク,野手,直近15出場,2026-07-23,8,12,,0.16666666666666666,,86.3,0.11,標準,はい,欠場を数えず、実際に出場または登板した試合による移動集計。
2026,2026-10-04,深沢 鳳介,DeNA,野手,直近15出場,2026-09-23,10,22,,0.14646464646464646,,86.2,0.12,標準,いいえ,欠場を数えず、実際に出場または登板した試合による移動集計。
2026,2026-10-04,平良 拳太郎,DeNA,野手,直近15出場,2026-09-21,15,22,,0.045454545454545456,,86.2,0.12,標準,いいえ,欠場を数えず、実際に出場または登板した試合による移動集計。
2026,2026-10-04,西川 愛也,西武,野手,直近15出場,2026-09-19,15,40,,0.31013513513513513,,86.0,0.31,標準,いいえ,欠場を数えず、実際に出場または登板した試合による移動集計。
2026,2026-10-04,村田 怜音,西武,野手,直近15出場,2026-07-20,4,10,,0.1,,85.9,0.07,標準,はい,欠場を数えず、実際に出場または登板した試合による移動集計。
2026,2026-10-04,ティマ,巨人,野手,直近15出場,2026-09-02,14,33,,0.18181818181818182,,85.4,0.23,標準,いいえ,欠場を数えず、実際に出場または登板した試合による移動集計。
2026,2026-10-04,涌井 秀章,中日,野手,直近15出場,2026-09-26,11,20,,0.05,,85.4,0.1,標準,いいえ,欠場を数えず、実際に出場または登板した試合による移動集計。
2026,2026-10-04,尾形 崇斗,ソフトバンク,野手,直近15出場,2026-10-03,15,25,,0.1709090909090909,,84.7,0.12,不調,いいえ,欠場を数えず、実際に出場または登板した試合による移動集計。
2026,2026-10-04,栗林 良吏,広島,野手,直近15出場,2026-09-19,15,31,,0.141439205955335,,84.1,0.15,不調,いいえ,欠場を数えず、実際に出場または登板した試合による移動集計。
2026,2026-10-04,有薗 直輝,日本ハム,野手,直近15出場,2026-09-26,15,48,,0.2947695035460993,,84.1,0.23,不調,いいえ,欠場を数えず、実際に出場または登板した試合による移動集計。
2026,2026-10-04,小幡 竜平,阪神,野手,直近15出場,2026-08-06,15,41,,0.17600527356624918,,83.8,0.22,不調,いいえ,欠場を数えず、実際に出場または登板した試合による移動集計。
2026,2026-10-04,ポランコ,ロッテ,野手,直近15出場,2026-06-30,15,37,,0.343980343980344,,83.7,0.17,不調,いいえ,欠場を数えず、実際に出場または登板した試合による移動集計。
2026,2026-10-04,井上 温大,巨人,野手,直近15出場,2026-10-03,15,33,,0.09632034632034632,,83.3,0.15,不調,いいえ,欠場を数えず、実際に出場または登板した試合による移動集計。
2026,2026-10-04,ウィットリー,巨人,野手,直近15出場,2026-07-24,13,26,,0.16083916083916083,,83.0,0.11,不調,いいえ,欠場を数えず、実際に出場または登板した試合による移動集計。
2026,2026-10-04,柳 裕也,中日,野手,直近15出場,2026-09-15,15,32,,0.10597826086956522,,82.9,0.14,不調,いいえ,欠場を数えず、実際に出場または登板した試合による移動集計。
2026,2026-10-04,ボイト,楽天,野手,直近15出場,2026-05-16,15,52,,0.25801282051282054,,82.6,0.22,不調,いいえ,欠場を数えず、実際に出場または登板した試合による移動集計。
2026,2026-10-04,田中 将大,巨人,野手,直近15出場,2026-09-19,12,24,,0.0,,82.5,0.1,不調,いいえ,欠場を数えず、実際に出場または登板した試合による移動集計。
2026,2026-10-04,金丸 夢斗,中日,野手,直近15出場,2026-09-25,15,31,,0.03225806451612903,,82.4,0.13,不調,いいえ,欠場を数えず、実際に出場または登板した試合による移動集計。
2026,2026-10-04,東 克樹,DeNA,野手,直近15出場,2026-09-22,15,37,,0.11466011466011466,,81.5,0.14,不調,いいえ,欠場を数えず、実際に出場または登板した試合による移動集計。
2026,2026-10-04,シーモア,オリックス,野手,直近15出場,2026-07-08,15,45,,0.1111111111111111,,73.1,0.05,不調,いいえ,欠場を数えず、実際に出場または登板した試合による移動集計。
2026,2026-10-04,坂倉 将吾,広島,野手,直近5出場,2026-10-03,5,21,,1.3609022556390977,,133.7,0.45,好調,いいえ,欠場を数えず、実際に出場または登板した試合による移動集計。
2026,2026-10-04,丸山 和郁,ヤクルト,野手,直近5出場,2026-09-26,5,9,,1.6666666666666665,,130.8,0.3,好調,はい,欠場を数えず、実際に出場または登板した試合による移動集計。
2026,2026-10-04,佐藤 輝明,阪神,野手,直近5出場,2026-10-03,5,23,,1.4782608695652173,,129.2,0.45,好調,いいえ,欠場を数えず、実際に出場または登板した試合による移動集計。
2026,2026-10-04,近本 光司,阪神,野手,直近5出場,2026-10-03,5,25,,1.5,,127.5,0.48,好調,いいえ,欠場を数えず、実際に出場または登板した試合による移動集計。
2026,2026-10-04,福永 裕基,中日,野手,直近5出場,2026-10-03,5,26,,1.2727272727272727,,126.8,0.49,好調,いいえ,欠場を数えず、実際に出場または登板した試合による移動集計。
2026,2026-10-04,中野 拓夢,阪神,野手,直近5出場,2026-10-03,5,23,,1.0045766590389016,,124.4,0.42,好調,いいえ,欠場を数えず、実際に出場または登板した試合による移動集計。
2026,2026-10-04,中村 奨成,広島,野手,直近5出場,2026-10-03,5,22,,1.0861244019138756,,123.9,0.4,好調,いいえ,欠場を数えず、実際に出場または登板した試合による移動集計。
2026,2026-10-04,牧原 大成,ソフトバンク,野手,直近5出場,2026-10-03,5,19,,1.3684210526315788,,123.5,0.34,好調,いいえ,欠場を数えず、実際に出場または登板した試合による移動集計。
2026,2026-10-04,水谷 瞬,日本ハム,野手,直近5出場,2026-09-26,5,17,,1.3155080213903743,,122.8,0.3,好調,いいえ,欠場を数えず、実際に出場または登板した試合による移動集計。
2026,2026-10-04,勝田 成,広島,野手,直近5出場,2026-10-03,5,18,,1.088888888888889,,122.8,0.32,好調,いいえ,欠場を数えず、実際に出場または登板した試合による移動集計。
2026,2026-10-04,古市 尊,DeNA,野手,直近5出場,2026-10-03,5,17,,0.9705882352941176,,121.4,0.34,好調,いいえ,欠場を数えず、実際に出場または登板した試合による移動集計。
2026,2026-10-04,山田 哲人,ヤクルト,野手,直近5出場,2026-10-03,5,10,,1.3,,121.4,0.17,好調,はい,欠場を数えず、実際に出場または登板した試合による移動集計。
2026,2026-10-04,矢澤 宏太,日本ハム,野手,直近5出場,2026-09-26,5,7,,1.4285714285714284,,121.0,0.27,好調,はい,欠場を数えず、実際に出場または登板した試合による移動集計。
2026,2026-10-04,泉口 友汰,巨人,野手,直近5出場,2026-10-03,5,22,,0.9045454545454545,,120.7,0.37,好調,いいえ,欠場を数えず、実際に出場または登板した試合による移動集計。
2026,2026-10-04,村林 一輝,楽天,野手,直近5出場,2026-10-03,5,17,,0.7867647058823529,,120.6,0.34,好調,いいえ,欠場を数えず、実際に出場または登板した試合による移動集計。
2026,2026-10-04,宮﨑 敏郎,DeNA,野手,直近5出場,2026-10-03,5,12,,1.1666666666666665,,120.3,0.2,好調,はい,欠場を数えず、実際に出場または登板した試合による移動集計。
2026,2026-10-04,野口 智哉,オリックス,野手,直近5出場,2026-09-26,5,14,,1.043956043956044,,120.0,0.33,好調,はい,欠場を数えず、実際に出場または登板した試合による移動集計。
2026,2026-10-04,柳田 悠岐,ソフトバンク,野手,直近5出場,2026-10-03,5,20,,1.1,,119.9,0.33,好調,いいえ,欠場を数えず、実際に出場または登板した試合による移動集計。
2026,2026-10-04,カナリオ,西武,野手,直近5出場,2026-09-26,5,20,,1.25,,119.1,0.33,好調,いいえ,欠場を数えず、実際に出場または登板した試合による移動集計。
2026,2026-10-04,髙部 瑛斗,ロッテ,野手,直近5出場,2026-09-26,5,20,,0.8444444444444444,,118.9,0.33,好調,いいえ,欠場を数えず、実際に出場または登板した試合による移動集計。
2026,2026-10-04,西村 瑠伊斗,ヤクルト,野手,直近5出場,2026-10-03,5,16,,0.9708333333333333,,118.0,0.3,好調,いいえ,欠場を数えず、実際に出場または登板した試合による移動集計。
2026,2026-10-04,柳町 達,ソフトバンク,野手,直近5出場,2026-10-03,5,23,,1.1098398169336385,,117.9,0.37,好調,いいえ,欠場を数えず、実際に出場または登板した試合による移動集計。
2026,2026-10-04,西川 史礁,ロッテ,野手,直近5出場,2026-10-03,5,19,,0.8390092879256965,,116.8,0.3,好調,いいえ,欠場を数えず、実際に出場または登板した試合による移動集計。
2026,2026-10-04,増田 珠,ヤクルト,野手,直近5出場,2026-10-03,5,23,,1.0782608695652174,,116.7,0.36,好調,いいえ,欠場を数えず、実際に出場または登板した試合による移動集計。
2026,2026-10-04,モンテル,ヤクルト,野手,直近5出場,2026-09-04,5,17,,0.5882352941176471,,116.3,0.31,好調,いいえ,欠場を数えず、実際に出場または登板した試合による移動集計。
2026,2026-10-04,エドポロ ケイン,日本ハム,野手,直近5出場,2026-05-27,4,10,,0.0,,88.6,0.06,標準,はい,欠場を数えず、実際に出場または登板した試合による移動集計。
2026,2026-10-04,ブライト 健太,中日,野手,直近5出場,2026-04-19,5,15,,0.20476190476190476,,88.5,0.09,標準,いいえ,欠場を数えず、実際に出場または登板した試合による移動集計。
2026,2026-10-04,深沢 鳳介,DeNA,野手,直近5出場,2026-09-23,5,12,,0.08333333333333333,,88.4,0.07,標準,はい,欠場を数えず、実際に出場または登板した試合による移動集計。
2026,2026-10-04,岡城 快生,阪神,野手,直近5出場,2026-08-19,5,12,,0.0,,88.4,0.07,標準,はい,欠場を数えず、実際に出場または登板した試合による移動集計。
2026,2026-10-04,廣岡 大志,オリックス,野手,直近5出場,2026-10-03,5,14,,0.14285714285714285,,88.3,0.09,標準,はい,欠場を数えず、実際に出場または登板した試合による移動集計。
2026,2026-10-04,内山 壮真,ヤクルト,野手,直近5出場,2026-10-03,5,14,,0.14285714285714285,,87.9,0.08,標準,はい,欠場を数えず、実際に出場または登板した試合による移動集計。
2026,2026-10-04,ティマ,巨人,野手,直近5出場,2026-09-02,5,16,,0.125,,87.9,0.1,標準,いいえ,欠場を数えず、実際に出場または登板した試合による移動集計。
2026,2026-10-04,ネビン,西武,野手,直近5出場,2026-09-26,5,19,,0.32456140350877194,,87.8,0.11,標準,いいえ,欠場を数えず、実際に出場または登板した試合による移動集計。
2026,2026-10-04,滝澤 夏央,西武,野手,直近5出場,2026-09-26,5,14,,0.0,,87.7,0.1,標準,はい,欠場を数えず、実際に出場または登板した試合による移動集計。
2026,2026-10-04,吉納 翼,楽天,野手,直近5出場,2026-09-02,4,15,,0.13333333333333333,,87.6,0.09,標準,いいえ,欠場を数えず、実際に出場または登板した試合による移動集計。
2026,2026-10-04,佐々木 泰,広島,野手,直近5出場,2026-10-03,5,21,,0.3492063492063492,,87.5,0.12,標準,いいえ,欠場を数えず、実際に出場または登板した試合による移動集計。
2026,2026-10-04,山川 穂高,ソフトバンク,野手,直近5出場,2026-09-26,5,18,,0.4111111111111111,,87.0,0.1,標準,いいえ,欠場を数えず、実際に出場または登板した試合による移動集計。
2026,2026-10-04,金子 京介,楽天,野手,直近5出場,2026-08-13,4,11,,0.28181818181818186,,87.0,0.06,標準,はい,欠場を数えず、実際に出場または登板した試合による移動集計。
2026,2026-10-04,北山 亘基,日本ハム,野手,直近5出場,2026-06-16,2,5,,0.0,,86.9,0.03,標準,はい,欠場を数えず、実際に出場または登板した試合による移動集計。
2026,2026-10-04,細川 成也,中日,野手,直近5出場,2026-10-03,5,23,,0.22391304347826085,,86.5,0.13,標準,いいえ,欠場を数えず、実際に出場または登板した試合による移動集計。
2026,2026-10-04,小幡 竜平,阪神,野手,直近5出場,2026-08-06,5,11,,0.0,,86.2,0.09,標準,はい,欠場を数えず、実際に出場または登板した試合による移動集計。
2026,2026-10-04,村田 怜音,西武,野手,直近5出場,2026-07-20,4,10,,0.1,,86.1,0.07,標準,はい,欠場を数えず、実際に出場または登板した試合による移動集計。
2026,2026-10-04,今川 優馬,日本ハム,野手,直近5出場,2026-09-12,5,16,,0.125,,86.1,0.09,標準,いいえ,欠場を数えず、実際に出場または登板した試合による移動集計。
2026,2026-10-04,角中 勝也,ロッテ,野手,直近5出場,2026-07-20,5,10,,0.1,,86.0,0.05,標準,はい,欠場を数えず、実際に出場または登板した試合による移動集計。
2026,2026-10-04,シーモア,オリックス,野手,直近5出場,2026-07-08,5,9,,0.0,,85.9,0.05,標準,はい,欠場を数えず、実際に出場または登板した試合による移動集計。
2026,2026-10-04,菊池 涼介,広島,野手,直近5出場,2026-10-03,5,19,,0.10818713450292397,,85.2,0.1,標準,いいえ,欠場を数えず、実際に出場または登板した試合による移動集計。
2026,2026-10-04,森 友哉,オリックス,野手,直近5出場,2026-08-14,5,15,,0.13333333333333333,,85.1,0.08,標準,いいえ,欠場を数えず、実際に出場または登板した試合による移動集計。
2026,2026-10-04,東 克樹,DeNA,野手,直近5出場,2026-09-22,5,12,,0.0,,84.9,0.06,不調,はい,欠場を数えず、実際に出場または登板した試合による移動集計。
2026,2026-10-04,林 安可,西武,野手,直近5出場,2026-09-23,5,12,,0.08333333333333333,,84.7,0.06,不調,はい,欠場を数えず、実際に出場または登板した試合による移動集計。
2026,2026-10-04,ボイト,楽天,野手,直近5出場,2026-05-16,5,18,,0.1111111111111111,,82.0,0.07,不調,いいえ,欠場を数えず、実際に出場または登板した試合による移動集計。
