シーズン,集計基準日,試合日,試合ID,ビジター,ホーム,球場,ビジター得点,ホーム得点,勝者,試合状態,勝利投手,敗戦投手,セーブ投手,データの説明
2026,2026-09-05,2026-09-05,2021039383,西武,ソフトバンク,みずほPayPay,0,2,ソフトバンク,試合終了,大津,隅田,杉山,2026シーズンの収集済み全試合。
2026,2026-09-05,2026-09-05,2021039382,ロッテ,オリックス,京セラD大阪,6,7,オリックス,試合終了,マチャド,小野,,2026シーズンの収集済み全試合。
2026,2026-09-05,2026-09-05,2021039381,日本ハム,楽天,楽天モバイル,5,2,日本ハム,試合終了,伊藤,早川,柳川,2026シーズンの収集済み全試合。
2026,2026-09-05,2026-09-05,2021039380,巨人,広島,マツダスタジアム,10,5,巨人,試合終了,,,,2026シーズンの収集済み全試合。
2026,2026-09-05,2026-09-05,2021039379,DeNA,阪神,甲子園,3,2,DeNA,試合終了,尾形,村上,レイノルズ,2026シーズンの収集済み全試合。
2026,2026-09-05,2026-09-05,2021039378,中日,ヤクルト,神宮,8,4,中日,試合終了,マラー,廣澤,,2026シーズンの収集済み全試合。
2026,2026-09-05,2026-09-04,2021039377,西武,ソフトバンク,みずほPayPay,2,8,ソフトバンク,試合終了,鈴木豪,髙橋光成,,2026シーズンの収集済み全試合。
2026,2026-09-05,2026-09-04,2021039376,ロッテ,オリックス,京セラD大阪,1,3,オリックス,試合終了,髙島,ジャクソン,マチャド,2026シーズンの収集済み全試合。
2026,2026-09-05,2026-09-04,2021039375,日本ハム,楽天,楽天モバイル,5,2,日本ハム,試合終了,北山,古謝,柳川,2026シーズンの収集済み全試合。
2026,2026-09-05,2026-09-04,2021039374,巨人,広島,マツダスタジアム,3,1,巨人,試合終了,竹丸,森下,マルティネス,2026シーズンの収集済み全試合。
2026,2026-09-05,2026-09-04,2021039373,中日,ヤクルト,神宮,1,1,引分,試合終了,,,,2026シーズンの収集済み全試合。
2026,2026-09-05,2026-09-03,2021039372,広島,中日,バンテリンドーム,5,2,広島,試合終了,栗林,金丸,森浦,2026シーズンの収集済み全試合。
2026,2026-09-05,2026-09-03,2021039371,阪神,ヤクルト,神宮,7,4,阪神,試合終了,伊藤将,増居,工藤,2026シーズンの収集済み全試合。
2026,2026-09-05,2026-09-02,2021039370,オリックス,楽天,盛岡,0,4,楽天,試合終了,荘司,富山,,2026シーズンの収集済み全試合。
2026,2026-09-05,2026-09-02,2021039369,ソフトバンク,日本ハム,エスコンF,1,1,引分,試合終了,,,,2026シーズンの収集済み全試合。
2026,2026-09-05,2026-09-02,2021039368,広島,中日,バンテリンドーム,4,5,中日,試合終了,齋藤,ターノック,松山,2026シーズンの収集済み全試合。
2026,2026-09-05,2026-09-02,2021039367,阪神,ヤクルト,神宮,3,5,ヤクルト,試合終了,山野,西勇,ウォルターズ,2026シーズンの収集済み全試合。
2026,2026-09-05,2026-09-02,2021039366,DeNA,巨人,京セラD大阪,2,1,DeNA,試合終了,レイノルズ,赤星,岩田,2026シーズンの収集済み全試合。
2026,2026-09-05,2026-09-01,2021039365,西武,ロッテ,ZOZOマリン,0,1,ロッテ,試合終了,高野脩,平良,横山,2026シーズンの収集済み全試合。
2026,2026-09-05,2026-09-01,2021039364,オリックス,楽天,秋田,1,5,楽天,試合終了,伊藤樹,九里,,2026シーズンの収集済み全試合。
2026,2026-09-05,2026-09-01,2021039363,ソフトバンク,日本ハム,エスコンF,1,2,日本ハム,試合終了,堀,モイネロ,柳川,2026シーズンの収集済み全試合。
2026,2026-09-05,2026-09-01,2021039362,広島,中日,バンテリンドーム,5,1,広島,試合終了,床田,大野,,2026シーズンの収集済み全試合。
2026,2026-09-05,2026-09-01,2021039361,阪神,ヤクルト,神宮,6,2,阪神,試合終了,髙橋,吉村,,2026シーズンの収集済み全試合。
2026,2026-09-05,2026-09-01,2021039360,DeNA,巨人,京セラD大阪,3,4,巨人,試合終了,マルティネス,ルイーズ,,2026シーズンの収集済み全試合。
2026,2026-09-05,2026-08-30,2021039359,ソフトバンク,オリックス,京セラD大阪,6,3,ソフトバンク,試合終了,松本晴,曽谷,杉山,2026シーズンの収集済み全試合。
2026,2026-09-05,2026-08-30,2021039358,楽天,西武,ベルーナドーム,1,4,西武,試合終了,武内,岸,甲斐野,2026シーズンの収集済み全試合。
2026,2026-09-05,2026-08-30,2021039357,ロッテ,日本ハム,エスコンF,4,5,日本ハム,試合終了,福島,鈴木,柳川,2026シーズンの収集済み全試合。
2026,2026-09-05,2026-08-30,2021039356,ヤクルト,広島,マツダスタジアム,1,5,広島,試合終了,森,小川,,2026シーズンの収集済み全試合。
2026,2026-09-05,2026-08-30,2021039355,巨人,阪神,甲子園,1,3,阪神,試合終了,才木,小笠原,工藤,2026シーズンの収集済み全試合。
2026,2026-09-05,2026-08-30,2021039354,中日,DeNA,横浜,3,4,DeNA,試合終了,中川虎,松山,,2026シーズンの収集済み全試合。
2026,2026-09-05,2026-08-29,2021039353,ソフトバンク,オリックス,京セラD大阪,3,4,オリックス,試合終了,髙島,大津,マチャド,2026シーズンの収集済み全試合。
2026,2026-09-05,2026-08-29,2021039352,楽天,西武,ベルーナドーム,0,1,西武,試合終了,隅田,早川,,2026シーズンの収集済み全試合。
2026,2026-09-05,2026-08-29,2021039351,ロッテ,日本ハム,エスコンF,7,9,日本ハム,試合終了,孫,小野,柳川,2026シーズンの収集済み全試合。
2026,2026-09-05,2026-08-29,2021039350,ヤクルト,広島,マツダスタジアム,9,1,ヤクルト,試合終了,高橋,玉村,,2026シーズンの収集済み全試合。
2026,2026-09-05,2026-08-29,2021039349,巨人,阪神,甲子園,1,4,阪神,試合終了,大竹,田中将,工藤,2026シーズンの収集済み全試合。
2026,2026-09-05,2026-08-29,2021039348,中日,DeNA,横浜,0,1,DeNA,試合終了,平良,マラー,レイノルズ,2026シーズンの収集済み全試合。
2026,2026-09-05,2026-08-28,2021039347,ソフトバンク,オリックス,京セラD大阪,2,0,ソフトバンク,試合終了,前田悠,エスピノーザ,杉山,2026シーズンの収集済み全試合。
2026,2026-09-05,2026-08-28,2021039346,楽天,西武,ベルーナドーム,4,8,西武,試合終了,髙橋光成,瀧中,,2026シーズンの収集済み全試合。
2026,2026-09-05,2026-08-28,2021039345,ロッテ,日本ハム,エスコンF,4,6,日本ハム,試合終了,北山,小島,柳川,2026シーズンの収集済み全試合。
2026,2026-09-05,2026-08-28,2021039344,ヤクルト,広島,マツダスタジアム,3,1,ヤクルト,試合終了,奥川,森下,清水,2026シーズンの収集済み全試合。
2026,2026-09-05,2026-08-28,2021039343,巨人,阪神,甲子園,1,4,阪神,試合終了,村上,ハワード,工藤,2026シーズンの収集済み全試合。
2026,2026-09-05,2026-08-28,2021039342,中日,DeNA,横浜,2,4,DeNA,試合終了,馬場,吉田,レイノルズ,2026シーズンの収集済み全試合。
2026,2026-09-05,2026-08-27,2021039341,楽天,オリックス,京セラD大阪,12,4,楽天,試合終了,前田健,ジェリー,,2026シーズンの収集済み全試合。
2026,2026-09-05,2026-08-27,2021039340,ソフトバンク,ロッテ,ZOZOマリン,4,2,ソフトバンク,試合終了,上茶谷,毛利,杉山,2026シーズンの収集済み全試合。
2026,2026-09-05,2026-08-27,2021039339,DeNA,広島,マツダスタジアム,6,1,DeNA,試合終了,片山,栗林,,2026シーズンの収集済み全試合。
2026,2026-09-05,2026-08-27,2021039338,阪神,中日,バンテリンドーム,4,3,阪神,試合終了,木下,橋本,工藤,2026シーズンの収集済み全試合。
2026,2026-09-05,2026-08-27,2021039337,巨人,ヤクルト,神宮,9,2,巨人,試合終了,マタ,石川,,2026シーズンの収集済み全試合。
2026,2026-09-05,2026-08-26,2021039336,楽天,オリックス,京セラD大阪,5,7,オリックス,試合終了,山﨑,泰,マチャド,2026シーズンの収集済み全試合。
2026,2026-09-05,2026-08-26,2021039335,ソフトバンク,ロッテ,ZOZOマリン,5,6,ロッテ,試合終了,横山,鈴木豪,,2026シーズンの収集済み全試合。
2026,2026-09-05,2026-08-26,2021039334,日本ハム,西武,ベルーナドーム,9,1,日本ハム,試合終了,達,渡邉,,2026シーズンの収集済み全試合。
2026,2026-09-05,2026-08-26,2021039333,DeNA,広島,マツダスタジアム,2,3,広島,試合終了,髙,ルイーズ,森浦,2026シーズンの収集済み全試合。
2026,2026-09-05,2026-08-26,2021039332,阪神,中日,バンテリンドーム,0,4,中日,試合終了,涌井,伊藤将,松山,2026シーズンの収集済み全試合。
2026,2026-09-05,2026-08-26,2021039331,巨人,ヤクルト,神宮,5,3,巨人,試合終了,田中瑛,ウォルターズ,マルティネス,2026シーズンの収集済み全試合。
2026,2026-09-05,2026-08-25,2021039330,楽天,オリックス,京セラD大阪,5,1,楽天,試合終了,伊藤樹,九里,,2026シーズンの収集済み全試合。
2026,2026-09-05,2026-08-25,2021039329,ソフトバンク,ロッテ,ZOZOマリン,9,0,ソフトバンク,試合終了,モイネロ,吉川,,2026シーズンの収集済み全試合。
2026,2026-09-05,2026-08-25,2021039328,日本ハム,西武,ベルーナドーム,1,3,西武,試合終了,平良,伊藤,甲斐野,2026シーズンの収集済み全試合。
2026,2026-09-05,2026-08-25,2021039327,DeNA,広島,マツダスタジアム,7,8,広島,試合終了,床田,馬場,森浦,2026シーズンの収集済み全試合。
2026,2026-09-05,2026-08-25,2021039326,阪神,中日,バンテリンドーム,2,4,中日,試合終了,大野,西勇,松山,2026シーズンの収集済み全試合。
2026,2026-09-05,2026-08-25,2021039325,巨人,ヤクルト,神宮,8,6,巨人,試合終了,赤星,吉村,マルティネス,2026シーズンの収集済み全試合。
2026,2026-09-05,2026-08-23,2021039324,オリックス,ソフトバンク,みずほPayPay,3,0,オリックス,試合終了,曽谷,松本晴,マチャド,2026シーズンの収集済み全試合。
2026,2026-09-05,2026-08-23,2021039323,日本ハム,ロッテ,ZOZOマリン,2,3,ロッテ,試合終了,ジャクソン,有原,横山,2026シーズンの収集済み全試合。
2026,2026-09-05,2026-08-23,2021039322,西武,楽天,楽天モバイル,3,1,西武,試合終了,佐藤隼,西垣,豆田,2026シーズンの収集済み全試合。
2026,2026-09-05,2026-08-23,2021039321,ヤクルト,中日,バンテリンドーム,2,3,中日,試合終了,柳,松本健,松山,2026シーズンの収集済み全試合。
2026,2026-09-05,2026-08-23,2021039320,阪神,DeNA,横浜,5,3,阪神,試合終了,岩崎,レイノルズ,工藤,2026シーズンの収集済み全試合。
2026,2026-09-05,2026-08-23,2021039319,広島,巨人,東京ドーム,3,2,広島,試合終了,遠藤,堀田,森浦,2026シーズンの収集済み全試合。
2026,2026-09-05,2026-08-22,2021039318,オリックス,ソフトバンク,みずほPayPay,1,7,ソフトバンク,試合終了,大津,髙島,,2026シーズンの収集済み全試合。
2026,2026-09-05,2026-08-22,2021039316,西武,楽天,楽天モバイル,2,0,西武,試合終了,隅田,九谷,甲斐野,2026シーズンの収集済み全試合。
2026,2026-09-05,2026-08-22,2021039315,ヤクルト,中日,バンテリンドーム,4,5,中日,試合終了,齋藤,リランソ,,2026シーズンの収集済み全試合。
2026,2026-09-05,2026-08-22,2021039313,広島,巨人,東京ドーム,0,5,巨人,試合終了,代木,玉村,マルティネス,2026シーズンの収集済み全試合。
2026,2026-09-05,2026-08-21,2021039312,日本ハム,ロッテ,ZOZOマリン,3,4,ロッテ,試合終了,鈴木,清宮虎,,2026シーズンの収集済み全試合。
2026,2026-09-05,2026-08-21,2021039311,西武,楽天,楽天モバイル,6,4,西武,試合終了,森脇,泰,松本,2026シーズンの収集済み全試合。
2026,2026-09-05,2026-08-21,2021039310,ヤクルト,中日,バンテリンドーム,0,3,中日,試合終了,髙橋宏,奥川,松山,2026シーズンの収集済み全試合。
2026,2026-09-05,2026-08-21,2021039309,阪神,DeNA,横浜,4,1,阪神,試合終了,ルーカス,平良,工藤,2026シーズンの収集済み全試合。
2026,2026-09-05,2026-08-21,2021039308,広島,巨人,東京ドーム,0,2,巨人,試合終了,ハワード,森下,マルティネス,2026シーズンの収集済み全試合。
2026,2026-09-05,2026-08-20,2021039307,オリックス,西武,ベルーナドーム,3,1,オリックス,試合終了,エスピノーザ,杉山,マチャド,2026シーズンの収集済み全試合。
2026,2026-09-05,2026-08-20,2021039306,ロッテ,楽天,楽天モバイル,4,3,ロッテ,試合終了,小島,前田健,横山,2026シーズンの収集済み全試合。
2026,2026-09-05,2026-08-20,2021039305,ソフトバンク,日本ハム,エスコンF,5,5,引分,試合終了,,,,2026シーズンの収集済み全試合。
2026,2026-09-05,2026-08-20,2021039304,中日,広島,マツダスタジアム,1,2,広島,試合終了,森浦,アブレウ,,2026シーズンの収集済み全試合。
2026,2026-09-05,2026-08-20,2021039303,ヤクルト,阪神,京セラD大阪,4,1,ヤクルト,試合終了,高橋,下村,清水,2026シーズンの収集済み全試合。
2026,2026-09-05,2026-08-20,2021039302,巨人,DeNA,横浜,6,3,巨人,試合終了,マタ,藤浪,マルティネス,2026シーズンの収集済み全試合。
2026,2026-09-05,2026-08-19,2021039301,オリックス,西武,ベルーナドーム,2,3,西武,試合終了,黒木,マチャド,,2026シーズンの収集済み全試合。
2026,2026-09-05,2026-08-19,2021039300,ロッテ,楽天,楽天モバイル,2,5,楽天,試合終了,岸,ロング,,2026シーズンの収集済み全試合。
2026,2026-09-05,2026-08-19,2021039299,ソフトバンク,日本ハム,エスコンF,7,8,日本ハム,試合終了,福島,ヘルナンデス,,2026シーズンの収集済み全試合。
2026,2026-09-05,2026-08-19,2021039298,中日,広島,マツダスタジアム,1,4,広島,試合終了,鈴木,櫻井,森浦,2026シーズンの収集済み全試合。
2026,2026-09-05,2026-08-19,2021039297,ヤクルト,阪神,京セラD大阪,1,2,阪神,試合終了,工藤,星,,2026シーズンの収集済み全試合。
2026,2026-09-05,2026-08-19,2021039296,巨人,DeNA,横浜,0,1,DeNA,試合終了,東,井上,レイノルズ,2026シーズンの収集済み全試合。
2026,2026-09-05,2026-08-18,2021039295,オリックス,西武,東京ドーム,4,7,西武,試合終了,平良,九里,甲斐野,2026シーズンの収集済み全試合。
2026,2026-09-05,2026-08-18,2021039294,ロッテ,楽天,楽天モバイル,2,6,楽天,試合終了,荘司,吉川,,2026シーズンの収集済み全試合。
2026,2026-09-05,2026-08-18,2021039293,ソフトバンク,日本ハム,エスコンF,7,1,ソフトバンク,試合終了,モイネロ,伊藤,,2026シーズンの収集済み全試合。
2026,2026-09-05,2026-08-18,2021039292,中日,広島,マツダスタジアム,4,11,広島,試合終了,岡本,橋本,,2026シーズンの収集済み全試合。
2026,2026-09-05,2026-08-18,2021039291,ヤクルト,阪神,京セラD大阪,2,3,阪神,試合終了,桐敷,清水,,2026シーズンの収集済み全試合。
2026,2026-09-05,2026-08-18,2021039290,巨人,DeNA,横浜,3,4,DeNA,試合終了,レイノルズ,田中瑛,,2026シーズンの収集済み全試合。
2026,2026-09-05,2026-08-16,2021039289,楽天,ソフトバンク,みずほPayPay,1,6,ソフトバンク,試合終了,松本晴,古謝,,2026シーズンの収集済み全試合。
2026,2026-09-05,2026-08-16,2021039288,日本ハム,オリックス,京セラD大阪,13,7,日本ハム,試合終了,有原,曽谷,,2026シーズンの収集済み全試合。
2026,2026-09-05,2026-08-16,2021039287,ロッテ,西武,ベルーナドーム,1,7,西武,試合終了,武内,毛利,,2026シーズンの収集済み全試合。
2026,2026-09-05,2026-08-16,2021039286,阪神,広島,マツダスタジアム,8,1,阪神,試合終了,伊原,森,,2026シーズンの収集済み全試合。
2026,2026-09-05,2026-08-16,2021039285,巨人,中日,バンテリンドーム,11,0,巨人,試合終了,小笠原,柳,,2026シーズンの収集済み全試合。
2026,2026-09-05,2026-08-16,2021039284,DeNA,ヤクルト,神宮,1,2,ヤクルト,試合終了,松本健,片山,清水,2026シーズンの収集済み全試合。
2026,2026-09-05,2026-08-15,2021039283,楽天,ソフトバンク,みずほPayPay,6,4,楽天,試合終了,早川,上茶谷,藤平,2026シーズンの収集済み全試合。
2026,2026-09-05,2026-08-15,2021039282,日本ハム,オリックス,京セラD大阪,12,4,日本ハム,試合終了,加藤貴,寺西,,2026シーズンの収集済み全試合。
2026,2026-09-05,2026-08-15,2021039281,ロッテ,西武,ベルーナドーム,5,1,ロッテ,試合終了,中森,ウィンゲンター,,2026シーズンの収集済み全試合。
2026,2026-09-05,2026-08-15,2021039280,阪神,広島,マツダスタジアム,2,5,広島,試合終了,斉藤優,大竹,森浦,2026シーズンの収集済み全試合。
2026,2026-09-05,2026-08-15,2021039279,巨人,中日,バンテリンドーム,2,11,中日,試合終了,マラー,竹丸,,2026シーズンの収集済み全試合。
2026,2026-09-05,2026-08-15,2021039278,DeNA,ヤクルト,神宮,3,4,ヤクルト,試合終了,清水,中川虎,,2026シーズンの収集済み全試合。
2026,2026-09-05,2026-08-14,2021039277,楽天,ソフトバンク,みずほPayPay,5,2,楽天,試合終了,藤井,大津,藤平,2026シーズンの収集済み全試合。
2026,2026-09-05,2026-08-14,2021039276,日本ハム,オリックス,京セラD大阪,2,6,オリックス,試合終了,山﨑,堀,,2026シーズンの収集済み全試合。
2026,2026-09-05,2026-08-14,2021039275,ロッテ,西武,ベルーナドーム,0,7,西武,試合終了,岩城,小島,,2026シーズンの収集済み全試合。
2026,2026-09-05,2026-08-14,2021039274,阪神,広島,マツダスタジアム,1,6,広島,試合終了,森下,才木,,2026シーズンの収集済み全試合。
2026,2026-09-05,2026-08-14,2021039273,巨人,中日,バンテリンドーム,1,0,巨人,試合終了,ハワード,髙橋宏,マルティネス,2026シーズンの収集済み全試合。
2026,2026-09-05,2026-08-14,2021039272,DeNA,ヤクルト,神宮,2,7,ヤクルト,試合終了,奥川,平良,,2026シーズンの収集済み全試合。
2026,2026-09-05,2026-08-13,2021039271,ロッテ,ソフトバンク,みずほPayPay,4,3,ロッテ,試合終了,田中,スチュワート・ジュニア,横山,2026シーズンの収集済み全試合。
2026,2026-09-05,2026-08-13,2021039270,オリックス,楽天,楽天モバイル,8,2,オリックス,試合終了,片山,瀧中,,2026シーズンの収集済み全試合。
2026,2026-09-05,2026-08-13,2021039269,西武,日本ハム,エスコンF,2,8,日本ハム,試合終了,山﨑福也,ワイナンス,,2026シーズンの収集済み全試合。
2026,2026-09-05,2026-08-13,2021039268,DeNA,中日,バンテリンドーム,5,1,DeNA,試合終了,深沢,金丸,,2026シーズンの収集済み全試合。
2026,2026-09-05,2026-08-13,2021039266,阪神,巨人,東京ドーム,3,2,阪神,試合終了,下村,西舘,工藤,2026シーズンの収集済み全試合。
2026,2026-09-05,2026-08-12,2021039265,ロッテ,ソフトバンク,みずほPayPay,4,10,ソフトバンク,試合終了,上沢,ロング,,2026シーズンの収集済み全試合。
2026,2026-09-05,2026-08-12,2021039264,オリックス,楽天,楽天モバイル,2,7,楽天,試合終了,前田健,エスピノーザ,,2026シーズンの収集済み全試合。
2026,2026-09-05,2026-08-12,2021039263,西武,日本ハム,エスコンF,5,2,西武,試合終了,渡邉,田中,甲斐野,2026シーズンの収集済み全試合。
2026,2026-09-05,2026-08-12,2021039262,DeNA,中日,バンテリンドーム,6,3,DeNA,試合終了,東,涌井,レイノルズ,2026シーズンの収集済み全試合。
2026,2026-09-05,2026-08-12,2021039261,広島,ヤクルト,神宮,0,12,ヤクルト,試合終了,山野,栗林,,2026シーズンの収集済み全試合。
2026,2026-09-05,2026-08-12,2021039260,阪神,巨人,東京ドーム,5,1,阪神,試合終了,髙橋,井上,,2026シーズンの収集済み全試合。
2026,2026-09-05,2026-08-11,2021039259,ロッテ,ソフトバンク,みずほPayPay,2,16,ソフトバンク,試合終了,モイネロ,河村,,2026シーズンの収集済み全試合。
2026,2026-09-05,2026-08-11,2021039258,オリックス,楽天,楽天モバイル,9,1,オリックス,試合終了,九里,荘司,,2026シーズンの収集済み全試合。
2026,2026-09-05,2026-08-11,2021039257,西武,日本ハム,エスコンF,1,0,西武,試合終了,平良,伊藤,甲斐野,2026シーズンの収集済み全試合。
2026,2026-09-05,2026-08-11,2021039256,DeNA,中日,バンテリンドーム,2,5,中日,試合終了,大野,尾形,松山,2026シーズンの収集済み全試合。
2026,2026-09-05,2026-08-11,2021039254,阪神,巨人,東京ドーム,9,1,阪神,試合終了,村上,山﨑,,2026シーズンの収集済み全試合。
2026,2026-09-05,2026-08-09,2021039253,オリックス,ロッテ,ZOZOマリン,2,7,ロッテ,試合終了,八木,ジェリー,,2026シーズンの収集済み全試合。
2026,2026-09-05,2026-08-09,2021039252,ソフトバンク,西武,ベルーナドーム,5,0,ソフトバンク,試合終了,前田悠,武内,,2026シーズンの収集済み全試合。
2026,2026-09-05,2026-08-09,2021039251,楽天,日本ハム,エスコンF,0,1,日本ハム,試合終了,有原,古謝,,2026シーズンの収集済み全試合。
2026,2026-09-05,2026-08-09,2021039250,中日,阪神,京セラD大阪,0,1,阪神,試合終了,木下,柳,岩崎,2026シーズンの収集済み全試合。
2026,2026-09-05,2026-08-09,2021039249,広島,DeNA,横浜,0,3,DeNA,試合終了,片山,鈴木,レイノルズ,2026シーズンの収集済み全試合。
2026,2026-09-05,2026-08-09,2021039248,ヤクルト,巨人,東京ドーム,3,7,巨人,試合終了,小笠原,松本健,,2026シーズンの収集済み全試合。
2026,2026-09-05,2026-08-08,2021039247,オリックス,ロッテ,ZOZOマリン,1,4,ロッテ,試合終了,ジャクソン,曽谷,,2026シーズンの収集済み全試合。
2026,2026-09-05,2026-08-08,2021039246,ソフトバンク,西武,ベルーナドーム,1,2,西武,試合終了,篠原,松本裕,甲斐野,2026シーズンの収集済み全試合。
2026,2026-09-05,2026-08-08,2021039245,楽天,日本ハム,エスコンF,6,0,楽天,試合終了,早川,加藤貴,,2026シーズンの収集済み全試合。
2026,2026-09-05,2026-08-08,2021039244,中日,阪神,京セラD大阪,7,1,中日,試合終了,マラー,伊原,,2026シーズンの収集済み全試合。
2026,2026-09-05,2026-08-08,2021039243,広島,DeNA,横浜,3,4,DeNA,試合終了,馬場,アドゥワ,,2026シーズンの収集済み全試合。
2026,2026-09-05,2026-08-08,2021039242,ヤクルト,巨人,東京ドーム,2,8,巨人,試合終了,竹丸,高橋,,2026シーズンの収集済み全試合。
2026,2026-09-05,2026-08-07,2021039241,オリックス,ロッテ,ZOZOマリン,6,2,オリックス,試合終了,寺西,廣池,,2026シーズンの収集済み全試合。
2026,2026-09-05,2026-08-07,2021039240,ソフトバンク,西武,ベルーナドーム,5,2,ソフトバンク,試合終了,松本晴,森脇,杉山,2026シーズンの収集済み全試合。
2026,2026-09-05,2026-08-07,2021039239,楽天,日本ハム,エスコンF,2,3,日本ハム,試合終了,柳川,中込,,2026シーズンの収集済み全試合。
2026,2026-09-05,2026-08-07,2021039238,中日,阪神,京セラD大阪,3,2,中日,試合終了,藤嶋,ドリス,松山,2026シーズンの収集済み全試合。
2026,2026-09-05,2026-08-07,2021039237,広島,DeNA,横浜,1,2,DeNA,試合終了,平良,森下,レイノルズ,2026シーズンの収集済み全試合。
2026,2026-09-05,2026-08-07,2021039236,ヤクルト,巨人,東京ドーム,1,0,ヤクルト,試合終了,奥川,ハワード,,2026シーズンの収集済み全試合。
2026,2026-09-05,2026-08-06,2021039235,日本ハム,ソフトバンク,みずほPayPay,6,2,日本ハム,試合終了,堀,オスナ,,2026シーズンの収集済み全試合。
2026,2026-09-05,2026-08-06,2021039234,楽天,オリックス,京セラD大阪,3,1,楽天,試合終了,岸,田嶋大,藤平,2026シーズンの収集済み全試合。
2026,2026-09-05,2026-08-06,2021039233,巨人,広島,マツダスタジアム,11,7,巨人,試合終了,船迫,辻,マルティネス,2026シーズンの収集済み全試合。
2026,2026-09-05,2026-08-06,2021039232,ヤクルト,中日,バンテリンドーム,0,5,中日,試合終了,橋本,清水,,2026シーズンの収集済み全試合。
2026,2026-09-05,2026-08-06,2021039231,阪神,DeNA,横浜,10,5,阪神,試合終了,大竹,ビド,,2026シーズンの収集済み全試合。
2026,2026-09-05,2026-08-05,2021039230,日本ハム,ソフトバンク,みずほPayPay,5,7,ソフトバンク,試合終了,松本裕,島本,杉山,2026シーズンの収集済み全試合。
2026,2026-09-05,2026-08-05,2021039229,楽天,オリックス,京セラD大阪,1,3,オリックス,試合終了,エスピノーザ,瀧中,マチャド,2026シーズンの収集済み全試合。
2026,2026-09-05,2026-08-05,2021039228,西武,ロッテ,ZOZOマリン,0,8,ロッテ,試合終了,毛利,佐藤爽,,2026シーズンの収集済み全試合。
2026,2026-09-05,2026-08-05,2021039227,巨人,広島,マツダスタジアム,4,0,巨人,試合終了,井上,森,,2026シーズンの収集済み全試合。
2026,2026-09-05,2026-08-05,2021039226,ヤクルト,中日,バンテリンドーム,1,4,中日,試合終了,涌井,山野,松山,2026シーズンの収集済み全試合。
2026,2026-09-05,2026-08-05,2021039225,阪神,DeNA,横浜,7,11,DeNA,試合終了,東,髙橋,,2026シーズンの収集済み全試合。
2026,2026-09-05,2026-08-04,2021039224,日本ハム,ソフトバンク,京セラD大阪,0,1,ソフトバンク,試合終了,上沢,伊藤,杉山,2026シーズンの収集済み全試合。
2026,2026-09-05,2026-08-04,2021039223,西武,ロッテ,ZOZOマリン,3,5,ロッテ,試合終了,小島,平良,益田,2026シーズンの収集済み全試合。
2026,2026-09-05,2026-08-04,2021039222,巨人,広島,マツダスタジアム,3,4,広島,試合終了,遠藤,マルティネス,,2026シーズンの収集済み全試合。
2026,2026-09-05,2026-08-04,2021039221,ヤクルト,中日,バンテリンドーム,3,4,中日,試合終了,伊藤,キハダ,,2026シーズンの収集済み全試合。
2026,2026-09-05,2026-08-04,2021039220,阪神,DeNA,横浜,0,1,DeNA,試合終了,尾形,村上,レイノルズ,2026シーズンの収集済み全試合。
2026,2026-09-05,2026-08-03,2021039219,楽天,オリックス,東京ドーム,,,,,,,,2026シーズンの収集済み全試合。
2026,2026-09-05,2026-08-02,2021039218,オリックス,西武,ベルーナドーム,1,5,西武,試合終了,武内,髙島,,2026シーズンの収集済み全試合。
2026,2026-09-05,2026-08-02,2021039217,ソフトバンク,楽天,楽天モバイル,10,6,ソフトバンク,試合終了,前田悠,古謝,,2026シーズンの収集済み全試合。
2026,2026-09-05,2026-08-02,2021039216,ロッテ,日本ハム,エスコンF,0,3,日本ハム,試合終了,有原,ジャクソン,,2026シーズンの収集済み全試合。
2026,2026-09-05,2026-08-02,2021039215,中日,広島,マツダスタジアム,3,4,広島,試合終了,遠藤,吉田,森浦,2026シーズンの収集済み全試合。
2026,2026-09-05,2026-08-02,2021039214,阪神,ヤクルト,神宮,4,3,阪神,試合終了,及川,キハダ,工藤,2026シーズンの収集済み全試合。
2026,2026-09-05,2026-08-02,2021039213,DeNA,巨人,東京ドーム,2,1,DeNA,試合終了,深沢,小笠原,レイノルズ,2026シーズンの収集済み全試合。
2026,2026-09-05,2026-08-01,2021039212,オリックス,西武,ベルーナドーム,1,4,西武,試合終了,佐藤隼,山﨑,甲斐野,2026シーズンの収集済み全試合。
2026,2026-09-05,2026-08-01,2021039211,ソフトバンク,楽天,楽天モバイル,5,0,ソフトバンク,試合終了,上茶谷,早川,,2026シーズンの収集済み全試合。
2026,2026-09-05,2026-08-01,2021039210,ロッテ,日本ハム,エスコンF,5,3,ロッテ,試合終了,中森,福島,横山,2026シーズンの収集済み全試合。
2026,2026-09-05,2026-08-01,2021039209,中日,広島,マツダスタジアム,7,1,中日,試合終了,マラー,斉藤優,,2026シーズンの収集済み全試合。
2026,2026-09-05,2026-08-01,2021039208,阪神,ヤクルト,神宮,7,3,阪神,試合終了,伊藤将,高橋,ドリス,2026シーズンの収集済み全試合。
2026,2026-09-05,2026-08-01,2021039207,DeNA,巨人,東京ドーム,8,7,DeNA,試合終了,篠木,竹丸,レイノルズ,2026シーズンの収集済み全試合。
2026,2026-09-05,2026-07-31,2021039206,オリックス,西武,ベルーナドーム,5,4,オリックス,試合終了,吉田,中村祐,山岡,2026シーズンの収集済み全試合。
2026,2026-09-05,2026-07-31,2021039204,ロッテ,日本ハム,エスコンF,1,6,日本ハム,試合終了,達,河村,,2026シーズンの収集済み全試合。
2026,2026-09-05,2026-07-31,2021039203,中日,広島,マツダスタジアム,1,3,広島,試合終了,髙,橋本,森浦,2026シーズンの収集済み全試合。
2026,2026-09-05,2026-07-31,2021039202,阪神,ヤクルト,神宮,4,3,阪神,試合終了,門別,丸山翔,ドリス,2026シーズンの収集済み全試合。
2026,2026-09-05,2026-07-31,2021039201,DeNA,巨人,東京ドーム,0,6,巨人,試合終了,ハワード,平良,,2026シーズンの収集済み全試合。
2026,2026-09-05,2026-07-26,2021039200,ロッテ,オリックス,京セラD大阪,3,2,ロッテ,試合終了,ジャクソン,九里,横山,2026シーズンの収集済み全試合。
2026,2026-09-05,2026-07-26,2021039199,ソフトバンク,西武,ベルーナドーム,3,0,ソフトバンク,試合終了,前田悠,髙橋光成,杉山,2026シーズンの収集済み全試合。
2026,2026-09-05,2026-07-26,2021039198,楽天,日本ハム,エスコンF,2,6,日本ハム,試合終了,山﨑福也,瀧中,,2026シーズンの収集済み全試合。
2026,2026-09-05,2026-07-26,2021039197,巨人,阪神,甲子園,0,1,阪神,試合終了,村上,小笠原,,2026シーズンの収集済み全試合。
2026,2026-09-05,2026-07-26,2021039196,DeNA,中日,バンテリンドーム,1,5,中日,試合終了,橋本,宮城,,2026シーズンの収集済み全試合。
2026,2026-09-05,2026-07-26,2021039195,広島,ヤクルト,神宮,4,3,広島,試合終了,髙,キハダ,森浦,2026シーズンの収集済み全試合。
2026,2026-09-05,2026-07-25,2021039194,ロッテ,オリックス,京セラD大阪,3,5,オリックス,試合終了,山﨑,中森,マチャド,2026シーズンの収集済み全試合。
2026,2026-09-05,2026-07-25,2021039193,ソフトバンク,西武,ベルーナドーム,6,8,西武,試合終了,武内,ヘルナンデス,甲斐野,2026シーズンの収集済み全試合。
2026,2026-09-05,2026-07-25,2021039192,楽天,日本ハム,エスコンF,3,4,日本ハム,試合終了,柳川,泰,,2026シーズンの収集済み全試合。
2026,2026-09-05,2026-07-25,2021039191,巨人,阪神,甲子園,5,1,巨人,試合終了,竹丸,伊原,,2026シーズンの収集済み全試合。
2026,2026-09-05,2026-07-25,2021039190,DeNA,中日,バンテリンドーム,5,0,DeNA,試合終了,ビド,涌井,,2026シーズンの収集済み全試合。
2026,2026-09-05,2026-07-25,2021039189,広島,ヤクルト,神宮,1,2,ヤクルト,試合終了,リランソ,遠藤,,2026シーズンの収集済み全試合。
2026,2026-09-05,2026-07-24,2021039188,ロッテ,オリックス,京セラD大阪,2,3,オリックス,試合終了,片山,河村,,2026シーズンの収集済み全試合。
2026,2026-09-05,2026-07-24,2021039187,ソフトバンク,西武,ベルーナドーム,7,3,ソフトバンク,試合終了,上茶谷,渡邉,,2026シーズンの収集済み全試合。
2026,2026-09-05,2026-07-24,2021039186,巨人,阪神,甲子園,4,2,巨人,試合終了,マルティネス,岩崎,田中瑛,2026シーズンの収集済み全試合。
2026,2026-09-05,2026-07-24,2021039185,DeNA,中日,バンテリンドーム,2,3,中日,試合終了,吉田,伊勢,,2026シーズンの収集済み全試合。
2026,2026-09-05,2026-07-24,2021039184,広島,ヤクルト,神宮,3,5,ヤクルト,試合終了,廣澤,菊地,,2026シーズンの収集済み全試合。
2026,2026-09-05,2026-07-23,2021039183,オリックス,ソフトバンク,みずほPayPay,5,6,ソフトバンク,試合終了,杉山,椋木,,2026シーズンの収集済み全試合。
2026,2026-09-05,2026-07-23,2021039182,楽天,ロッテ,ZOZOマリン,4,3,楽天,試合終了,九谷,鈴木,藤平,2026シーズンの収集済み全試合。
2026,2026-09-05,2026-07-23,2021039181,日本ハム,西武,ベルーナドーム,11,2,日本ハム,試合終了,北山,隅田,,2026シーズンの収集済み全試合。
2026,2026-09-05,2026-07-22,2021039180,オリックス,ソフトバンク,みずほPayPay,2,22,ソフトバンク,試合終了,スチュワート・ジュニア,片山,,2026シーズンの収集済み全試合。
2026,2026-09-05,2026-07-22,2021039179,楽天,ロッテ,ZOZOマリン,2,10,ロッテ,試合終了,小島,早川,,2026シーズンの収集済み全試合。
2026,2026-09-05,2026-07-22,2021039178,日本ハム,西武,ベルーナドーム,3,4,西武,試合終了,豆田,田中,,2026シーズンの収集済み全試合。
2026,2026-09-05,2026-07-22,2021039177,DeNA,阪神,甲子園,4,5,阪神,試合終了,岩崎,マルセリーノ,ドリス,2026シーズンの収集済み全試合。
2026,2026-09-05,2026-07-22,2021039176,中日,ヤクルト,神宮,5,8,ヤクルト,試合終了,奥川,中西,,2026シーズンの収集済み全試合。
2026,2026-09-05,2026-07-22,2021039175,広島,巨人,東京ドーム,6,1,広島,試合終了,斉藤優,西舘,,2026シーズンの収集済み全試合。
2026,2026-09-05,2026-07-21,2021039174,オリックス,ソフトバンク,みずほPayPay,2,1,オリックス,試合終了,エスピノーザ,上沢,マチャド,2026シーズンの収集済み全試合。
2026,2026-09-05,2026-07-21,2021039173,DeNA,阪神,甲子園,1,2,阪神,試合終了,木下,宮城,,2026シーズンの収集済み全試合。
2026,2026-09-05,2026-07-21,2021039172,中日,ヤクルト,神宮,11,4,中日,試合終了,橋本,リランソ,,2026シーズンの収集済み全試合。
2026,2026-09-05,2026-07-21,2021039171,広島,巨人,東京ドーム,5,11,巨人,試合終了,山﨑,岡本,,2026シーズンの収集済み全試合。
2026,2026-09-05,2026-07-20,2021039170,日本ハム,オリックス,京セラD大阪,0,3,オリックス,試合終了,九里,有原,マチャド,2026シーズンの収集済み全試合。
2026,2026-09-05,2026-07-20,2021039169,ソフトバンク,ロッテ,ZOZOマリン,5,4,ソフトバンク,試合終了,オスナ,横山,津森,2026シーズンの収集済み全試合。
2026,2026-09-05,2026-07-20,2021039168,西武,楽天,楽天モバイル,5,4,西武,試合終了,中村祐,岸,甲斐野,2026シーズンの収集済み全試合。
2026,2026-09-05,2026-07-20,2021039167,DeNA,阪神,甲子園,7,0,DeNA,試合終了,平良,大竹,,2026シーズンの収集済み全試合。
2026,2026-09-05,2026-07-20,2021039166,中日,ヤクルト,神宮,4,2,中日,試合終了,髙橋宏,ウォルターズ,松山,2026シーズンの収集済み全試合。
2026,2026-09-05,2026-07-20,2021039165,広島,巨人,東京ドーム,1,3,巨人,試合終了,井上,床田,マルティネス,2026シーズンの収集済み全試合。
2026,2026-09-05,2026-07-19,2021039164,日本ハム,オリックス,京セラD大阪,5,1,日本ハム,試合終了,山﨑福也,髙島,,2026シーズンの収集済み全試合。
2026,2026-09-05,2026-07-19,2021039163,ソフトバンク,ロッテ,ZOZOマリン,3,0,ソフトバンク,試合終了,前田悠,ロング,杉山,2026シーズンの収集済み全試合。
2026,2026-09-05,2026-07-19,2021039162,西武,楽天,楽天モバイル,6,3,西武,試合終了,髙橋光成,ウレーニャ,甲斐野,2026シーズンの収集済み全試合。
2026,2026-09-05,2026-07-19,2021039161,阪神,広島,マツダスタジアム,4,2,阪神,試合終了,工藤,ハーン,ドリス,2026シーズンの収集済み全試合。
2026,2026-09-05,2026-07-19,2021039160,ヤクルト,DeNA,横浜,1,5,DeNA,試合終了,片山,吉村,,2026シーズンの収集済み全試合。
2026,2026-09-05,2026-07-19,2021039159,中日,巨人,東京ドーム,1,6,巨人,試合終了,小笠原,金丸,,2026シーズンの収集済み全試合。
2026,2026-09-05,2026-07-18,2021039158,日本ハム,オリックス,京セラD大阪,7,0,日本ハム,試合終了,細野,ジェリー,,2026シーズンの収集済み全試合。
2026,2026-09-05,2026-07-18,2021039157,ソフトバンク,ロッテ,ZOZOマリン,5,4,ソフトバンク,試合終了,大津,廣池,杉山,2026シーズンの収集済み全試合。
2026,2026-09-05,2026-07-18,2021039156,西武,楽天,楽天モバイル,2,3,楽天,試合終了,荘司,武内,藤平,2026シーズンの収集済み全試合。
2026,2026-09-05,2026-07-18,2021039155,阪神,広島,マツダスタジアム,1,2,広島,試合終了,栗林,伊藤将,森浦,2026シーズンの収集済み全試合。
2026,2026-09-05,2026-07-18,2021039154,ヤクルト,DeNA,横浜,0,8,DeNA,試合終了,深沢,松本健,,2026シーズンの収集済み全試合。
2026,2026-09-05,2026-07-18,2021039153,中日,巨人,東京ドーム,5,1,中日,試合終了,涌井,竹丸,,2026シーズンの収集済み全試合。
2026,2026-09-05,2026-07-17,2021039152,阪神,広島,マツダスタジアム,4,2,阪神,試合終了,才木,アドゥワ,岩崎,2026シーズンの収集済み全試合。
2026,2026-09-05,2026-07-17,2021039151,ヤクルト,DeNA,横浜,4,12,DeNA,試合終了,尾形,高橋,,2026シーズンの収集済み全試合。
2026,2026-09-05,2026-07-17,2021039150,中日,巨人,東京ドーム,1,4,巨人,試合終了,マルティネス,齋藤,,2026シーズンの収集済み全試合。
2026,2026-09-05,2026-07-16,2021039149,ロッテ,西武,ベルーナドーム,4,3,ロッテ,試合終了,中森,渡邉,横山,2026シーズンの収集済み全試合。
2026,2026-09-05,2026-07-16,2021039148,オリックス,楽天,楽天モバイル,8,12,楽天,試合終了,柴田,岩嵜,,2026シーズンの収集済み全試合。
2026,2026-09-05,2026-07-16,2021039147,ソフトバンク,日本ハム,エスコンF,6,2,ソフトバンク,試合終了,上茶谷,伊藤,,2026シーズンの収集済み全試合。
2026,2026-09-05,2026-07-16,2021039146,阪神,中日,バンテリンドーム,3,1,阪神,試合終了,木下,柳,ドリス,2026シーズンの収集済み全試合。
2026,2026-09-05,2026-07-16,2021039145,巨人,ヤクルト,神宮,3,1,巨人,試合終了,赤星,丸山翔,マルティネス,2026シーズンの収集済み全試合。
2026,2026-09-05,2026-07-15,2021039144,ロッテ,西武,ベルーナドーム,3,7,西武,試合終了,E.ラミレス,カスティーヨ,,2026シーズンの収集済み全試合。
2026,2026-09-05,2026-07-15,2021039143,オリックス,楽天,楽天モバイル,2,3,楽天,試合終了,泰,椋木,藤平,2026シーズンの収集済み全試合。
2026,2026-09-05,2026-07-15,2021039142,ソフトバンク,日本ハム,エスコンF,6,7,日本ハム,試合終了,加藤貴,スチュワート・ジュニア,堀,2026シーズンの収集済み全試合。
2026,2026-09-05,2026-07-15,2021039141,DeNA,広島,マツダスタジアム,4,6,広島,試合終了,遠藤,東,,2026シーズンの収集済み全試合。
2026,2026-09-05,2026-07-15,2021039140,阪神,中日,バンテリンドーム,5,6,中日,試合終了,中西,今朝丸,松山,2026シーズンの収集済み全試合。
2026,2026-09-05,2026-07-15,2021039139,巨人,ヤクルト,神宮,8,2,巨人,試合終了,西舘,奥川,,2026シーズンの収集済み全試合。
2026,2026-09-05,2026-07-14,2021039138,ロッテ,西武,ベルーナドーム,1,2,西武,試合終了,平良,ジャクソン,甲斐野,2026シーズンの収集済み全試合。
2026,2026-09-05,2026-07-14,2021039137,オリックス,楽天,楽天モバイル,1,3,楽天,試合終了,瀧中,九里,藤平,2026シーズンの収集済み全試合。
2026,2026-09-05,2026-07-14,2021039136,ソフトバンク,日本ハム,エスコンF,4,2,ソフトバンク,試合終了,松本裕,島本,杉山,2026シーズンの収集済み全試合。
2026,2026-09-05,2026-07-14,2021039135,DeNA,広島,マツダスタジアム,5,4,DeNA,試合終了,岩田,岡本,レイノルズ,2026シーズンの収集済み全試合。
2026,2026-09-05,2026-07-14,2021039134,阪神,中日,バンテリンドーム,5,2,阪神,試合終了,髙橋,マラー,ドリス,2026シーズンの収集済み全試合。
2026,2026-09-05,2026-07-14,2021039133,巨人,ヤクルト,神宮,4,5,ヤクルト,試合終了,山野,中川,キハダ,2026シーズンの収集済み全試合。
2026,2026-09-05,2026-07-12,2021039132,楽天,ソフトバンク,みずほPayPay,0,3,ソフトバンク,試合終了,松本晴,古謝,杉山,2026シーズンの収集済み全試合。
2026,2026-09-05,2026-07-12,2021039131,オリックス,ロッテ,ZOZOマリン,7,2,オリックス,試合終了,エスピノーザ,小島,,2026シーズンの収集済み全試合。
2026,2026-09-05,2026-07-12,2021039130,西武,日本ハム,エスコンF,12,1,西武,試合終了,隅田,福島,,2026シーズンの収集済み全試合。
2026,2026-09-05,2026-07-12,2021039129,ヤクルト,阪神,甲子園,0,3,阪神,試合終了,工藤,吉村,ドリス,2026シーズンの収集済み全試合。
2026,2026-09-05,2026-07-12,2021039128,広島,中日,バンテリンドーム,5,1,広島,試合終了,床田,金丸,,2026シーズンの収集済み全試合。
2026,2026-09-05,2026-07-12,2021039127,巨人,DeNA,横浜,4,3,巨人,試合終了,井上,篠木,マルティネス,2026シーズンの収集済み全試合。
2026,2026-09-05,2026-07-11,2021039126,楽天,ソフトバンク,みずほPayPay,2,9,ソフトバンク,試合終了,大関,ウレーニャ,,2026シーズンの収集済み全試合。
2026,2026-09-05,2026-07-11,2021039125,オリックス,ロッテ,ZOZOマリン,8,3,オリックス,試合終了,髙島,ロング,,2026シーズンの収集済み全試合。
2026,2026-09-05,2026-07-11,2021039124,西武,日本ハム,エスコンF,2,8,日本ハム,試合終了,山﨑福也,髙橋光成,,2026シーズンの収集済み全試合。
2026,2026-09-05,2026-07-11,2021039123,ヤクルト,阪神,甲子園,1,2,阪神,試合終了,ドリス,リランソ,,2026シーズンの収集済み全試合。
2026,2026-09-05,2026-07-11,2021039122,広島,中日,バンテリンドーム,1,8,中日,試合終了,涌井,森,,2026シーズンの収集済み全試合。
2026,2026-09-05,2026-07-11,2021039121,巨人,DeNA,横浜,5,4,巨人,試合終了,竹丸,中川虎,マルティネス,2026シーズンの収集済み全試合。
2026,2026-09-05,2026-07-10,2021039120,楽天,ソフトバンク,みずほPayPay,5,3,楽天,試合終了,田中千,松本裕,藤平,2026シーズンの収集済み全試合。
2026,2026-09-05,2026-07-10,2021039119,オリックス,ロッテ,ZOZOマリン,6,8,ロッテ,試合終了,八木,岩嵜,益田,2026シーズンの収集済み全試合。
2026,2026-09-05,2026-07-10,2021039118,西武,日本ハム,エスコンF,2,1,西武,試合終了,武内,島本,甲斐野,2026シーズンの収集済み全試合。
2026,2026-09-05,2026-07-10,2021039117,ヤクルト,阪神,甲子園,2,1,ヤクルト,試合終了,高橋,下村,キハダ,2026シーズンの収集済み全試合。
2026,2026-09-05,2026-07-10,2021039116,広島,中日,バンテリンドーム,1,10,中日,試合終了,大野,森下,,2026シーズンの収集済み全試合。
2026,2026-09-05,2026-07-10,2021039115,巨人,DeNA,横浜,6,11,DeNA,試合終了,マルセリーノ,田中瑛,,2026シーズンの収集済み全試合。
2026,2026-09-05,2026-07-09,2021039114,ヤクルト,広島,マツダスタジアム,1,0,ヤクルト,試合終了,ウォルターズ,栗林,キハダ,2026シーズンの収集済み全試合。
2026,2026-09-05,2026-07-09,2021039113,中日,DeNA,横浜,4,3,中日,試合終了,齋藤,中川虎,松山,2026シーズンの収集済み全試合。
2026,2026-09-05,2026-07-09,2021039112,阪神,巨人,東京ドーム,10,2,阪神,試合終了,伊原,則本,,2026シーズンの収集済み全試合。
2026,2026-09-05,2026-07-08,2021039111,ソフトバンク,オリックス,京セラD大阪,2,3,オリックス,試合終了,椋木,杉山,,2026シーズンの収集済み全試合。
2026,2026-09-05,2026-07-08,2021039110,日本ハム,ロッテ,ZOZOマリン,7,2,日本ハム,試合終了,加藤貴,小野,,2026シーズンの収集済み全試合。
2026,2026-09-05,2026-07-08,2021039109,楽天,西武,那覇,5,2,楽天,試合終了,泰,篠原,藤平,2026シーズンの収集済み全試合。
2026,2026-09-05,2026-07-08,2021039108,ヤクルト,広島,マツダスタジアム,3,4,広島,試合終了,森浦,星,,2026シーズンの収集済み全試合。
2026,2026-09-05,2026-07-08,2021039107,中日,DeNA,横浜,3,4,DeNA,試合終了,東,松葉,レイノルズ,2026シーズンの収集済み全試合。
2026,2026-09-05,2026-07-08,2021039106,阪神,巨人,東京ドーム,4,1,阪神,試合終了,才木,西舘,ドリス,2026シーズンの収集済み全試合。
2026,2026-09-05,2026-07-07,2021039105,ソフトバンク,オリックス,京セラD大阪,6,3,ソフトバンク,試合終了,上沢,ジェリー,杉山,2026シーズンの収集済み全試合。
2026,2026-09-05,2026-07-07,2021039104,日本ハム,ロッテ,ZOZOマリン,2,10,ロッテ,試合終了,ジャクソン,北山,,2026シーズンの収集済み全試合。
2026,2026-09-05,2026-07-07,2021039103,楽天,西武,那覇,1,6,西武,試合終了,平良,荘司,,2026シーズンの収集済み全試合。
2026,2026-09-05,2026-07-07,2021039102,ヤクルト,広島,マツダスタジアム,3,4,広島,試合終了,辻,キハダ,,2026シーズンの収集済み全試合。
2026,2026-09-05,2026-07-07,2021039101,中日,DeNA,横浜,0,4,DeNA,試合終了,石田裕,マラー,,2026シーズンの収集済み全試合。
2026,2026-09-05,2026-07-07,2021039100,阪神,巨人,東京ドーム,3,4,巨人,試合終了,赤星,髙橋,マルティネス,2026シーズンの収集済み全試合。
2026,2026-09-05,2026-07-05,2021039099,ロッテ,ソフトバンク,みずほPayPay,2,7,ソフトバンク,試合終了,松本晴,小島,,2026シーズンの収集済み全試合。
2026,2026-09-05,2026-07-05,2021039098,西武,オリックス,京セラD大阪,1,3,オリックス,試合終了,エスピノーザ,隅田,マチャド,2026シーズンの収集済み全試合。
2026,2026-09-05,2026-07-05,2021039097,日本ハム,楽天,楽天モバイル,6,3,日本ハム,試合終了,上原,コントレラス,田中,2026シーズンの収集済み全試合。
2026,2026-09-05,2026-07-05,2021039096,広島,阪神,甲子園,4,6,阪神,試合終了,村上,床田,ドリス,2026シーズンの収集済み全試合。
2026,2026-09-05,2026-07-05,2021039095,巨人,中日,バンテリンドーム,1,0,巨人,試合終了,井上,金丸,マルティネス,2026シーズンの収集済み全試合。
2026,2026-09-05,2026-07-05,2021039094,DeNA,ヤクルト,神宮,6,4,DeNA,試合終了,深沢,吉村,レイノルズ,2026シーズンの収集済み全試合。
2026,2026-09-05,2026-07-04,2021039093,ロッテ,ソフトバンク,みずほPayPay,8,1,ロッテ,試合終了,ロング,北斗,,2026シーズンの収集済み全試合。
2026,2026-09-05,2026-07-04,2021039091,日本ハム,楽天,楽天モバイル,1,4,楽天,試合終了,前田健,細野,藤平,2026シーズンの収集済み全試合。
2026,2026-09-05,2026-07-04,2021039089,巨人,中日,バンテリンドーム,1,2,中日,試合終了,橋本,田中瑛,松山,2026シーズンの収集済み全試合。
2026,2026-09-05,2026-07-04,2021039088,DeNA,ヤクルト,神宮,12,1,DeNA,試合終了,篠木,松本健,,2026シーズンの収集済み全試合。
2026,2026-09-05,2026-07-03,2021039087,ロッテ,ソフトバンク,みずほPayPay,2,3,ソフトバンク,試合終了,スチュワート・ジュニア,廣池,杉山,2026シーズンの収集済み全試合。
2026,2026-09-05,2026-07-03,2021039086,西武,オリックス,ほっと神戸,4,4,引分,試合終了,,,,2026シーズンの収集済み全試合。
2026,2026-09-05,2026-07-03,2021039085,日本ハム,楽天,楽天モバイル,0,8,楽天,試合終了,早川,伊藤,,2026シーズンの収集済み全試合。
2026,2026-09-05,2026-07-03,2021039084,広島,阪神,甲子園,5,1,広島,試合終了,森,大竹,,2026シーズンの収集済み全試合。
2026,2026-09-05,2026-07-03,2021039083,巨人,中日,バンテリンドーム,0,1,中日,試合終了,大野,ウィットリー,松山,2026シーズンの収集済み全試合。
2026,2026-09-05,2026-07-03,2021039082,DeNA,ヤクルト,神宮,7,2,DeNA,試合終了,伊勢,星,,2026シーズンの収集済み全試合。
2026,2026-09-05,2026-07-02,2021039081,西武,ソフトバンク,みずほPayPay,1,3,ソフトバンク,試合終了,大津,武内,杉山,2026シーズンの収集済み全試合。
2026,2026-09-05,2026-07-02,2021039080,オリックス,日本ハム,エスコンF,1,9,日本ハム,試合終了,有原,佐藤一,,2026シーズンの収集済み全試合。
2026,2026-09-05,2026-07-02,2021039079,中日,阪神,甲子園,3,2,中日,試合終了,藤嶋,及川,松山,2026シーズンの収集済み全試合。
2026,2026-09-05,2026-07-02,2021039078,広島,DeNA,横浜,3,3,引分,試合終了,,,,2026シーズンの収集済み全試合。
2026,2026-09-05,2026-07-01,2021039473,西武,ソフトバンク,みずほPayPay,0,11,ソフトバンク,試合終了,前田悠,ワイナンス,,2026シーズンの収集済み全試合。
2026,2026-09-05,2026-07-01,2021039077,ロッテ,楽天,郡山,5,0,ロッテ,試合終了,河村,瀧中,,2026シーズンの収集済み全試合。
2026,2026-09-05,2026-07-01,2021039076,オリックス,日本ハム,エスコンF,0,6,日本ハム,試合終了,加藤貴,田嶋大,,2026シーズンの収集済み全試合。
2026,2026-09-05,2026-07-01,2021039074,ヤクルト,巨人,盛岡,1,2,巨人,試合終了,船迫,奥川,マルティネス,2026シーズンの収集済み全試合。
2026,2026-09-05,2026-06-30,2021039073,西武,ソフトバンク,東京ドーム,0,6,ソフトバンク,試合終了,上沢,平良,,2026シーズンの収集済み全試合。
2026,2026-09-05,2026-06-30,2021039072,ロッテ,楽天,楽天モバイル,5,2,ロッテ,試合終了,ジャクソン,荘司,横山,2026シーズンの収集済み全試合。
2026,2026-09-05,2026-06-30,2021039071,オリックス,日本ハム,エスコンF,2,9,日本ハム,試合終了,北山,ジェリー,,2026シーズンの収集済み全試合。
2026,2026-09-05,2026-06-30,2021039070,中日,阪神,甲子園,2,3,阪神,試合終了,岩崎,松山,,2026シーズンの収集済み全試合。
2026,2026-09-05,2026-06-30,2021039069,広島,DeNA,ハードオフ新潟,7,4,広島,試合終了,森浦,山﨑,,2026シーズンの収集済み全試合。
2026,2026-09-05,2026-06-30,2021039068,ヤクルト,巨人,弘前,4,3,ヤクルト,試合終了,星,マルティネス,キハダ,2026シーズンの収集済み全試合。
2026,2026-09-05,2026-06-28,2021039067,楽天,オリックス,ほっと神戸,2,5,オリックス,試合終了,九里,中込,マチャド,2026シーズンの収集済み全試合。
2026,2026-09-05,2026-06-28,2021039066,ソフトバンク,ロッテ,ZOZOマリン,3,3,引分,試合終了,,,,2026シーズンの収集済み全試合。
2026,2026-09-05,2026-06-28,2021039065,日本ハム,西武,ベルーナドーム,5,1,日本ハム,試合終了,福島,渡邉,,2026シーズンの収集済み全試合。
2026,2026-09-05,2026-06-28,2021039064,阪神,広島,マツダスタジアム,12,3,阪神,試合終了,髙橋,岡本,,2026シーズンの収集済み全試合。
2026,2026-09-05,2026-06-28,2021039063,巨人,DeNA,横浜,2,1,巨人,試合終了,井上,石田裕,マルティネス,2026シーズンの収集済み全試合。
2026,2026-09-05,2026-06-28,2021039062,中日,ヤクルト,神宮,3,4,ヤクルト,試合終了,キハダ,藤嶋,,2026シーズンの収集済み全試合。
2026,2026-09-05,2026-06-27,2021039061,楽天,オリックス,ほっと神戸,5,1,楽天,試合終了,岸,エスピノーザ,,2026シーズンの収集済み全試合。
2026,2026-09-05,2026-06-27,2021039059,日本ハム,西武,ベルーナドーム,4,2,日本ハム,試合終了,島本,隅田,達,2026シーズンの収集済み全試合。
2026,2026-09-05,2026-06-27,2021039058,阪神,広島,マツダスタジアム,2,3,広島,試合終了,ハーン,村上,森浦,2026シーズンの収集済み全試合。
2026,2026-09-05,2026-06-26,2021039054,日本ハム,西武,ベルーナドーム,3,4,西武,試合終了,甲斐野,上原,,2026シーズンの収集済み全試合。
2026,2026-09-05,2026-06-25,2021039050,オリックス,ソフトバンク,みずほPayPay,2,5,ソフトバンク,試合終了,鈴木豪,山﨑,杉山,2026シーズンの収集済み全試合。
2026,2026-09-05,2026-06-25,2021039049,西武,楽天,楽天モバイル,0,2,楽天,試合終了,前田健,武内,藤平,2026シーズンの収集済み全試合。
2026,2026-09-05,2026-06-25,2021039047,DeNA,中日,バンテリンドーム,1,3,中日,試合終了,齋藤,平良,松山,2026シーズンの収集済み全試合。
2026,2026-09-05,2026-06-24,2021039046,オリックス,ソフトバンク,みずほPayPay,5,8,ソフトバンク,試合終了,上茶谷,田嶋大,,2026シーズンの収集済み全試合。
2026,2026-09-05,2026-06-24,2021039045,ロッテ,日本ハム,エスコンF,4,7,日本ハム,試合終了,加藤貴,河村,達,2026シーズンの収集済み全試合。
2026,2026-09-05,2026-06-24,2021039042,DeNA,中日,バンテリンドーム,6,4,DeNA,試合終了,東,櫻井,山﨑,2026シーズンの収集済み全試合。
2026,2026-09-05,2026-06-23,2021039041,オリックス,ソフトバンク,みずほPayPay,5,0,オリックス,試合終了,ジェリー,上沢,,2026シーズンの収集済み全試合。
2026,2026-09-05,2026-06-23,2021039040,西武,楽天,山形市,4,8,楽天,試合終了,瀧中,ワイナンス,,2026シーズンの収集済み全試合。
2026,2026-09-05,2026-06-23,2021039039,ロッテ,日本ハム,エスコンF,0,4,日本ハム,試合終了,北山,廣池,,2026シーズンの収集済み全試合。
2026,2026-09-05,2026-06-23,2021039038,巨人,広島,マツダスタジアム,7,3,巨人,試合終了,戸郷,玉村,マルティネス,2026シーズンの収集済み全試合。
2026,2026-09-05,2026-06-23,2021039037,ヤクルト,阪神,甲子園,4,3,ヤクルト,試合終了,リランソ,岩崎,キハダ,2026シーズンの収集済み全試合。
2026,2026-09-05,2026-06-23,2021039036,DeNA,中日,岐阜,2,5,中日,試合終了,マラー,入江,松山,2026シーズンの収集済み全試合。
2026,2026-09-05,2026-06-22,2021039035,西武,楽天,東京ドーム,,,,,,,,2026シーズンの収集済み全試合。
2026,2026-09-05,2026-06-21,2021039034,西武,オリックス,京セラD大阪,5,3,西武,試合終了,渡邉,九里,甲斐野,2026シーズンの収集済み全試合。
2026,2026-09-05,2026-06-21,2021039033,楽天,ロッテ,ZOZOマリン,4,7,ロッテ,試合終了,八木,加治屋,横山,2026シーズンの収集済み全試合。
2026,2026-09-05,2026-06-21,2021039032,ソフトバンク,日本ハム,エスコンF,8,0,ソフトバンク,試合終了,前田悠,柴田,,2026シーズンの収集済み全試合。
2026,2026-09-05,2026-06-21,2021039031,阪神,DeNA,横浜,2,1,阪神,試合終了,髙橋,尾形,,2026シーズンの収集済み全試合。
2026,2026-09-05,2026-06-21,2021039030,広島,ヤクルト,神宮,2,1,広島,試合終了,岡本,高橋,森浦,2026シーズンの収集済み全試合。
2026,2026-09-05,2026-06-21,2021039029,中日,巨人,東京ドーム,5,3,中日,試合終了,アブレウ,大勢,松山,2026シーズンの収集済み全試合。
2026,2026-09-05,2026-06-20,2021039028,西武,オリックス,京セラD大阪,4,0,西武,試合終了,隅田,ペルドモ,,2026シーズンの収集済み全試合。
2026,2026-09-05,2026-06-20,2021039026,ソフトバンク,日本ハム,エスコンF,10,7,ソフトバンク,試合終了,津森,孫,杉山,2026シーズンの収集済み全試合。
2026,2026-09-05,2026-06-20,2021039024,広島,ヤクルト,神宮,8,6,広島,試合終了,辻,廣澤,,2026シーズンの収集済み全試合。
2026,2026-09-05,2026-06-20,2021039023,中日,巨人,東京ドーム,0,1,巨人,試合終了,ウィットリー,大野,マルティネス,2026シーズンの収集済み全試合。
2026,2026-09-05,2026-06-19,2021039022,西武,オリックス,京セラD大阪,5,6,オリックス,試合終了,マチャド,浜屋,,2026シーズンの収集済み全試合。
2026,2026-09-05,2026-06-19,2021039021,楽天,ロッテ,ZOZOマリン,5,8,ロッテ,試合終了,八木,鈴木翔,,2026シーズンの収集済み全試合。
2026,2026-09-05,2026-06-19,2021039020,ソフトバンク,日本ハム,エスコンF,3,4,日本ハム,試合終了,伊藤,大津,柳川,2026シーズンの収集済み全試合。
2026,2026-09-05,2026-06-19,2021039019,阪神,DeNA,横浜,11,3,阪神,試合終了,村上,石田裕,,2026シーズンの収集済み全試合。
2026,2026-09-05,2026-06-19,2021039018,広島,ヤクルト,神宮,2,9,ヤクルト,試合終了,吉村,ターノック,,2026シーズンの収集済み全試合。
2026,2026-09-05,2026-06-19,2021039017,中日,巨人,東京ドーム,3,2,中日,試合終了,金丸,竹丸,松山,2026シーズンの収集済み全試合。
2026,2026-09-05,2026-06-17,2021044743,楽天,阪神,甲子園,,,,,,,,2026シーズンの収集済み全試合。
2026,2026-09-05,2026-06-16,2021044686,日本ハム,広島,マツダスタジアム,2,0,日本ハム,試合終了,北山,斉藤優,柳川,2026シーズンの収集済み全試合。
2026,2026-09-05,2026-06-16,2021044685,西武,阪神,甲子園,1,0,西武,試合終了,武内,才木,甲斐野,2026シーズンの収集済み全試合。
2026,2026-09-05,2026-06-14,2021039016,ヤクルト,ソフトバンク,みずほPayPay,4,0,ヤクルト,試合終了,奥川,アルメンタ,,2026シーズンの収集済み全試合。
2026,2026-09-05,2026-06-14,2021039015,阪神,オリックス,京セラD大阪,2,3,オリックス,試合終了,吉田,ドリス,,2026シーズンの収集済み全試合。
2026,2026-09-05,2026-06-14,2021039014,DeNA,ロッテ,ZOZOマリン,4,6,ロッテ,試合終了,小野,尾形,横山,2026シーズンの収集済み全試合。
2026,2026-09-05,2026-06-14,2021039013,巨人,西武,ベルーナドーム,0,1,西武,試合終了,ワイナンス,井上,甲斐野,2026シーズンの収集済み全試合。
2026,2026-09-05,2026-06-14,2021039012,広島,楽天,楽天モバイル,3,0,広島,試合終了,岡本,藤井,森浦,2026シーズンの収集済み全試合。
2026,2026-09-05,2026-06-14,2021039011,中日,日本ハム,エスコンF,9,5,中日,試合終了,藤嶋,福谷,,2026シーズンの収集済み全試合。
2026,2026-09-05,2026-06-13,2021039010,ヤクルト,ソフトバンク,みずほPayPay,1,8,ソフトバンク,試合終了,前田悠,山野,,2026シーズンの収集済み全試合。
2026,2026-09-05,2026-06-13,2021039009,阪神,オリックス,京セラD大阪,6,3,阪神,試合終了,髙橋,ジェリー,ドリス,2026シーズンの収集済み全試合。
2026,2026-09-05,2026-06-13,2021039008,DeNA,ロッテ,ZOZOマリン,16,6,DeNA,試合終了,篠木,田中,,2026シーズンの収集済み全試合。
2026,2026-09-05,2026-06-13,2021039007,巨人,西武,ベルーナドーム,2,1,巨人,試合終了,ウィットリー,隅田,マルティネス,2026シーズンの収集済み全試合。
2026,2026-09-05,2026-06-13,2021039006,広島,楽天,楽天モバイル,2,0,広島,試合終了,森下,早川,,2026シーズンの収集済み全試合。
2026,2026-09-05,2026-06-13,2021039005,中日,日本ハム,エスコンF,3,4,日本ハム,試合終了,堀,草加,,2026シーズンの収集済み全試合。
2026,2026-09-05,2026-06-12,2021039004,ヤクルト,ソフトバンク,みずほPayPay,4,2,ヤクルト,試合終了,吉村,前田純,キハダ,2026シーズンの収集済み全試合。
2026,2026-09-05,2026-06-12,2021039003,阪神,オリックス,京セラD大阪,1,2,オリックス,試合終了,入山,村上,マチャド,2026シーズンの収集済み全試合。
2026,2026-09-05,2026-06-12,2021039002,DeNA,ロッテ,ZOZOマリン,2,3,ロッテ,試合終了,鈴木,宮城,,2026シーズンの収集済み全試合。
2026,2026-09-05,2026-06-12,2021039001,巨人,西武,ベルーナドーム,0,3,西武,試合終了,髙橋光成,竹丸,甲斐野,2026シーズンの収集済み全試合。
2026,2026-09-05,2026-06-12,2021039000,広島,楽天,楽天モバイル,1,2,楽天,試合終了,岸,玉村,藤平,2026シーズンの収集済み全試合。
2026,2026-09-05,2026-06-12,2021038999,中日,日本ハム,エスコンF,1,3,日本ハム,試合終了,細野,柳,島本,2026シーズンの収集済み全試合。
2026,2026-09-05,2026-06-11,2021038998,阪神,ソフトバンク,みずほPayPay,2,3,ソフトバンク,試合終了,木村光,畠,杉山,2026シーズンの収集済み全試合。
2026,2026-09-05,2026-06-11,2021038997,ヤクルト,オリックス,京セラD大阪,2,4,オリックス,試合終了,エスピノーザ,下川,マチャド,2026シーズンの収集済み全試合。
2026,2026-09-05,2026-06-11,2021038996,中日,ロッテ,ZOZOマリン,2,3,ロッテ,試合終了,澤田,伊藤,,2026シーズンの収集済み全試合。
2026,2026-09-05,2026-06-11,2021038995,広島,西武,ベルーナドーム,1,4,西武,試合終了,平良,ターノック,甲斐野,2026シーズンの収集済み全試合。
2026,2026-09-05,2026-06-11,2021038994,巨人,楽天,楽天モバイル,2,8,楽天,試合終了,瀧中,田中将,,2026シーズンの収集済み全試合。
2026,2026-09-05,2026-06-11,2021038993,DeNA,日本ハム,エスコンF,0,3,日本ハム,試合終了,孫,東,柳川,2026シーズンの収集済み全試合。
2026,2026-09-05,2026-06-10,2021038992,阪神,ソフトバンク,みずほPayPay,2,6,ソフトバンク,試合終了,松本晴,大竹,,2026シーズンの収集済み全試合。
2026,2026-09-05,2026-06-10,2021038991,ヤクルト,オリックス,京セラD大阪,4,8,オリックス,試合終了,曽谷,高橋,,2026シーズンの収集済み全試合。
2026,2026-09-05,2026-06-10,2021038990,中日,ロッテ,ZOZOマリン,11,4,中日,試合終了,櫻井,毛利,,2026シーズンの収集済み全試合。
2026,2026-09-05,2026-06-10,2021038989,広島,西武,ベルーナドーム,4,5,西武,試合終了,佐藤隼,髙,,2026シーズンの収集済み全試合。
2026,2026-09-05,2026-06-10,2021038988,巨人,楽天,楽天モバイル,7,0,巨人,試合終了,戸郷,古謝,,2026シーズンの収集済み全試合。
2026,2026-09-05,2026-06-10,2021038987,DeNA,日本ハム,エスコンF,2,4,日本ハム,試合終了,加藤貴,石田裕,柳川,2026シーズンの収集済み全試合。
2026,2026-09-05,2026-06-09,2021038986,阪神,ソフトバンク,みずほPayPay,4,10,ソフトバンク,試合終了,大津,才木,,2026シーズンの収集済み全試合。
2026,2026-09-05,2026-06-09,2021038985,ヤクルト,オリックス,京セラD大阪,3,4,オリックス,試合終了,権田,キハダ,,2026シーズンの収集済み全試合。
2026,2026-09-05,2026-06-09,2021038984,中日,ロッテ,ZOZOマリン,1,3,ロッテ,試合終了,ジャクソン,マラー,横山,2026シーズンの収集済み全試合。
2026,2026-09-05,2026-06-09,2021038983,広島,西武,ベルーナドーム,3,4,西武,試合終了,岩城,中﨑,,2026シーズンの収集済み全試合。
2026,2026-09-05,2026-06-09,2021038982,巨人,楽天,楽天モバイル,8,2,巨人,試合終了,則本,荘司,,2026シーズンの収集済み全試合。
2026,2026-09-05,2026-06-09,2021038981,DeNA,日本ハム,エスコンF,1,4,日本ハム,試合終了,伊藤,平良,,2026シーズンの収集済み全試合。
2026,2026-09-05,2026-06-07,2021038980,オリックス,広島,マツダスタジアム,2,5,広島,試合終了,岡本,宮國,森浦,2026シーズンの収集済み全試合。
2026,2026-09-05,2026-06-07,2021038978,西武,中日,バンテリンドーム,4,1,西武,試合終了,上田,齋藤,豆田,2026シーズンの収集済み全試合。
2026,2026-09-05,2026-06-07,2021038977,ソフトバンク,DeNA,横浜,4,2,ソフトバンク,試合終了,伊藤,山﨑,杉山,2026シーズンの収集済み全試合。
2026,2026-09-05,2026-06-07,2021038976,日本ハム,ヤクルト,神宮,7,1,日本ハム,試合終了,北山,奥川,,2026シーズンの収集済み全試合。
2026,2026-09-05,2026-06-07,2021038975,ロッテ,巨人,東京ドーム,2,2,引分,試合終了,,,,2026シーズンの収集済み全試合。
2026,2026-09-05,2026-06-06,2021038974,オリックス,広島,マツダスタジアム,4,7,広島,試合終了,森下,田嶋大,中﨑,2026シーズンの収集済み全試合。
2026,2026-09-05,2026-06-06,2021038973,楽天,阪神,甲子園,0,1,阪神,試合終了,村上,早川,ドリス,2026シーズンの収集済み全試合。
2026,2026-09-05,2026-06-06,2021038972,西武,中日,バンテリンドーム,5,2,西武,試合終了,隅田,大野,篠原,2026シーズンの収集済み全試合。
2026,2026-09-05,2026-06-06,2021038971,ソフトバンク,DeNA,横浜,6,3,ソフトバンク,試合終了,前田悠,庄司,杉山,2026シーズンの収集済み全試合。
2026,2026-09-05,2026-06-06,2021038970,日本ハム,ヤクルト,神宮,2,0,日本ハム,試合終了,山﨑福也,高梨,柳川,2026シーズンの収集済み全試合。
2026,2026-09-05,2026-06-06,2021038969,ロッテ,巨人,東京ドーム,1,1,引分,試合終了,,,,2026シーズンの収集済み全試合。
2026,2026-09-05,2026-06-05,2021038968,オリックス,広島,マツダスタジアム,2,2,引分,試合終了,,,,2026シーズンの収集済み全試合。
2026,2026-09-05,2026-06-05,2021038967,楽天,阪神,甲子園,1,8,阪神,試合終了,髙橋,岸,,2026シーズンの収集済み全試合。
2026,2026-09-05,2026-06-05,2021038966,西武,中日,バンテリンドーム,0,1,中日,試合終了,松山,髙橋光成,,2026シーズンの収集済み全試合。
2026,2026-09-05,2026-06-05,2021038965,ソフトバンク,DeNA,横浜,3,8,DeNA,試合終了,篠木,大関,,2026シーズンの収集済み全試合。
2026,2026-09-05,2026-06-05,2021038964,日本ハム,ヤクルト,神宮,3,1,日本ハム,試合終了,柳川,キハダ,山本,2026シーズンの収集済み全試合。
2026,2026-09-05,2026-06-05,2021038963,ロッテ,巨人,東京ドーム,2,8,巨人,試合終了,井上,廣池,,2026シーズンの収集済み全試合。
2026,2026-09-05,2026-06-04,2021038962,日本ハム,広島,マツダスタジアム,5,2,日本ハム,試合終了,山本,塹江,菊地,2026シーズンの収集済み全試合。
2026,2026-09-05,2026-06-04,2021038961,西武,阪神,甲子園,4,2,西武,試合終了,平良,西勇,岩城,2026シーズンの収集済み全試合。
2026,2026-09-05,2026-06-04,2021038960,ソフトバンク,中日,バンテリンドーム,2,1,ソフトバンク,試合終了,スチュワート・ジュニア,金丸,杉山,2026シーズンの収集済み全試合。
2026,2026-09-05,2026-06-04,2021038959,楽天,DeNA,横浜,7,8,DeNA,試合終了,伊勢,西垣,,2026シーズンの収集済み全試合。
2026,2026-09-05,2026-06-04,2021038958,ロッテ,ヤクルト,神宮,5,2,ロッテ,試合終了,小島,小川,横山,2026シーズンの収集済み全試合。
2026,2026-09-05,2026-06-04,2021038957,オリックス,巨人,東京ドーム,1,2,巨人,試合終了,中川,エスピノーザ,マルティネス,2026シーズンの収集済み全試合。
2026,2026-09-05,2026-06-03,2021038956,日本ハム,広島,マツダスタジアム,1,3,広島,試合終了,床田,伊藤,森浦,2026シーズンの収集済み全試合。
2026,2026-09-05,2026-06-03,2021038955,西武,阪神,甲子園,3,2,西武,試合終了,渡邉,大竹,岩城,2026シーズンの収集済み全試合。
2026,2026-09-05,2026-06-03,2021038954,ソフトバンク,中日,バンテリンドーム,8,5,ソフトバンク,試合終了,木村光,勝野,上茶谷,2026シーズンの収集済み全試合。
2026,2026-09-05,2026-06-03,2021038953,楽天,DeNA,横浜,2,0,楽天,試合終了,西垣,山﨑,藤平,2026シーズンの収集済み全試合。
2026,2026-09-05,2026-06-03,2021038952,ロッテ,ヤクルト,神宮,0,1,ヤクルト,試合終了,高橋,高野脩,キハダ,2026シーズンの収集済み全試合。
2026,2026-09-05,2026-06-03,2021038951,オリックス,巨人,東京ドーム,4,5,巨人,試合終了,堀田,椋木,マルティネス,2026シーズンの収集済み全試合。
2026,2026-09-05,2026-06-02,2021038948,ソフトバンク,中日,バンテリンドーム,3,0,ソフトバンク,試合終了,大津,マラー,,2026シーズンの収集済み全試合。
2026,2026-09-05,2026-06-02,2021038947,楽天,DeNA,横浜,7,3,楽天,試合終了,柴田,中川虎,,2026シーズンの収集済み全試合。
2026,2026-09-05,2026-06-02,2021038946,ロッテ,ヤクルト,神宮,5,0,ロッテ,試合終了,ジャクソン,松本健,,2026シーズンの収集済み全試合。
2026,2026-09-05,2026-06-02,2021038945,オリックス,巨人,東京ドーム,2,3,巨人,試合終了,則本,九里,マルティネス,2026シーズンの収集済み全試合。
2026,2026-09-05,2026-05-31,2021038944,広島,ソフトバンク,みずほPayPay,1,3,ソフトバンク,試合終了,徐,岡本,杉山,2026シーズンの収集済み全試合。
2026,2026-09-05,2026-05-31,2021038943,中日,オリックス,京セラD大阪,5,7,オリックス,試合終了,博志,牧野,マチャド,2026シーズンの収集済み全試合。
2026,2026-09-05,2026-05-31,2021038942,阪神,ロッテ,ZOZOマリン,2,4,ロッテ,試合終了,鈴木,モレッタ,横山,2026シーズンの収集済み全試合。
2026,2026-09-05,2026-05-31,2021038941,DeNA,西武,ベルーナドーム,6,0,DeNA,試合終了,尾形,ワイナンス,,2026シーズンの収集済み全試合。
2026,2026-09-05,2026-05-31,2021038940,ヤクルト,楽天,楽天モバイル,2,1,ヤクルト,試合終了,奥川,藤井,清水,2026シーズンの収集済み全試合。
2026,2026-09-05,2026-05-31,2021038939,巨人,日本ハム,エスコンF,0,3,日本ハム,試合終了,北山,竹丸,柳川,2026シーズンの収集済み全試合。
2026,2026-09-05,2026-05-30,2021038938,広島,ソフトバンク,みずほPayPay,2,4,ソフトバンク,試合終了,木村光,塹江,杉山,2026シーズンの収集済み全試合。
2026,2026-09-05,2026-05-30,2021038937,中日,オリックス,京セラD大阪,1,3,オリックス,試合終了,田嶋大,大野,マチャド,2026シーズンの収集済み全試合。
2026,2026-09-05,2026-05-30,2021038936,阪神,ロッテ,ZOZOマリン,4,3,阪神,試合終了,村上,唐川,ドリス,2026シーズンの収集済み全試合。
2026,2026-09-05,2026-05-30,2021038935,DeNA,西武,ベルーナドーム,0,6,西武,試合終了,隅田,武田,,2026シーズンの収集済み全試合。
2026,2026-09-05,2026-05-30,2021038934,ヤクルト,楽天,楽天モバイル,8,7,ヤクルト,試合終了,高梨,早川,,2026シーズンの収集済み全試合。
2026,2026-09-05,2026-05-30,2021038933,巨人,日本ハム,エスコンF,5,3,巨人,試合終了,西舘,有原,マルティネス,2026シーズンの収集済み全試合。
2026,2026-09-05,2026-05-29,2021038932,広島,ソフトバンク,みずほPayPay,0,2,ソフトバンク,試合終了,大関,玉村,,2026シーズンの収集済み全試合。
2026,2026-09-05,2026-05-29,2021038931,中日,オリックス,京セラD大阪,5,1,中日,試合終了,柳,寺西,,2026シーズンの収集済み全試合。
2026,2026-09-05,2026-05-29,2021038930,阪神,ロッテ,ZOZOマリン,1,0,阪神,試合終了,髙橋,田中,ドリス,2026シーズンの収集済み全試合。
2026,2026-09-05,2026-05-29,2021038929,DeNA,西武,ベルーナドーム,4,13,西武,試合終了,髙橋光成,島田,,2026シーズンの収集済み全試合。
2026,2026-09-05,2026-05-29,2021038928,ヤクルト,楽天,楽天モバイル,7,2,ヤクルト,試合終了,山野,岸,,2026シーズンの収集済み全試合。
2026,2026-09-05,2026-05-29,2021038927,巨人,日本ハム,エスコンF,4,2,巨人,試合終了,井上,達,マルティネス,2026シーズンの収集済み全試合。
2026,2026-09-05,2026-05-28,2021038926,ロッテ,広島,マツダスタジアム,6,3,ロッテ,試合終了,廣池,鈴木,横山,2026シーズンの収集済み全試合。
2026,2026-09-05,2026-05-28,2021038925,日本ハム,阪神,甲子園,4,2,日本ハム,試合終了,福島,木下,柳川,2026シーズンの収集済み全試合。
2026,2026-09-05,2026-05-28,2021038924,楽天,中日,バンテリンドーム,1,2,中日,試合終了,金丸,鈴木翔,松山,2026シーズンの収集済み全試合。
2026,2026-09-05,2026-05-28,2021038923,オリックス,DeNA,横浜,1,3,DeNA,試合終了,東,吉田,山﨑,2026シーズンの収集済み全試合。
2026,2026-09-05,2026-05-28,2021038922,西武,ヤクルト,神宮,8,0,西武,試合終了,武内,小川,,2026シーズンの収集済み全試合。
2026,2026-09-05,2026-05-28,2021038921,ソフトバンク,巨人,東京ドーム,8,4,ソフトバンク,試合終了,スチュワート・ジュニア,赤星,,2026シーズンの収集済み全試合。
2026,2026-09-05,2026-05-27,2021038920,ロッテ,広島,マツダスタジアム,5,4,ロッテ,試合終了,坂本,髙,横山,2026シーズンの収集済み全試合。
2026,2026-09-05,2026-05-27,2021038919,日本ハム,阪神,甲子園,5,2,日本ハム,試合終了,加藤貴,大竹,柳川,2026シーズンの収集済み全試合。
2026,2026-09-05,2026-05-27,2021038918,楽天,中日,バンテリンドーム,2,7,中日,試合終了,櫻井,古謝,,2026シーズンの収集済み全試合。
2026,2026-09-05,2026-05-27,2021038917,オリックス,DeNA,横浜,5,2,オリックス,試合終了,曽谷,篠木,マチャド,2026シーズンの収集済み全試合。
2026,2026-09-05,2026-05-27,2021038916,西武,ヤクルト,神宮,2,2,引分,試合終了,,,,2026シーズンの収集済み全試合。
2026,2026-09-05,2026-05-27,2021038915,ソフトバンク,巨人,東京ドーム,1,5,巨人,試合終了,戸郷,アルメンタ,,2026シーズンの収集済み全試合。
2026,2026-09-05,2026-05-26,2021038914,ロッテ,広島,マツダスタジアム,3,1,ロッテ,試合終了,八木,ハーン,横山,2026シーズンの収集済み全試合。
2026,2026-09-05,2026-05-26,2021038913,日本ハム,阪神,甲子園,4,0,日本ハム,試合終了,伊藤,西勇,,2026シーズンの収集済み全試合。
2026,2026-09-05,2026-05-26,2021038912,楽天,中日,バンテリンドーム,0,1,中日,試合終了,マラー,荘司,松山,2026シーズンの収集済み全試合。
2026,2026-09-05,2026-05-26,2021038911,オリックス,DeNA,横浜,7,1,オリックス,試合終了,九里,平良,,2026シーズンの収集済み全試合。
2026,2026-09-05,2026-05-26,2021038910,西武,ヤクルト,神宮,2,1,西武,試合終了,黒田,キハダ,佐藤隼,2026シーズンの収集済み全試合。
2026,2026-09-05,2026-05-26,2021038909,ソフトバンク,巨人,東京ドーム,8,3,ソフトバンク,試合終了,大津,則本,,2026シーズンの収集済み全試合。
2026,2026-09-05,2026-05-24,2021038908,日本ハム,ソフトバンク,みずほPayPay,6,7,ソフトバンク,試合終了,松本裕,田中,杉山,2026シーズンの収集済み全試合。
2026,2026-09-05,2026-05-24,2021038907,オリックス,西武,ベルーナドーム,3,4,西武,試合終了,佐藤隼,吉田,岩城,2026シーズンの収集済み全試合。
2026,2026-09-05,2026-05-24,2021038906,ロッテ,楽天,楽天モバイル,5,8,楽天,試合終了,藤井,ロング,,2026シーズンの収集済み全試合。
2026,2026-09-05,2026-05-24,2021038905,広島,中日,バンテリンドーム,5,3,広島,試合終了,岡本,髙橋宏,森浦,2026シーズンの収集済み全試合。
2026,2026-09-05,2026-05-24,2021038904,ヤクルト,DeNA,横浜,0,1,DeNA,試合終了,石田裕,奥川,山﨑,2026シーズンの収集済み全試合。
2026,2026-09-05,2026-05-24,2021038903,阪神,巨人,東京ドーム,6,3,阪神,試合終了,才木,竹丸,岩崎,2026シーズンの収集済み全試合。
2026,2026-09-05,2026-05-23,2021038902,日本ハム,ソフトバンク,みずほPayPay,1,11,ソフトバンク,試合終了,松本晴,細野,,2026シーズンの収集済み全試合。
2026,2026-09-05,2026-05-23,2021038901,オリックス,西武,ベルーナドーム,1,4,西武,試合終了,上田,髙島,岩城,2026シーズンの収集済み全試合。
2026,2026-09-05,2026-05-23,2021038900,ロッテ,楽天,楽天モバイル,7,6,ロッテ,試合終了,益田,藤平,横山,2026シーズンの収集済み全試合。
2026,2026-09-05,2026-05-23,2021038899,広島,中日,バンテリンドーム,5,3,広島,試合終了,森下,吉田,森浦,2026シーズンの収集済み全試合。
2026,2026-09-05,2026-05-23,2021038898,ヤクルト,DeNA,横浜,6,0,ヤクルト,試合終了,高梨,入江,,2026シーズンの収集済み全試合。
2026,2026-09-05,2026-05-23,2021038897,阪神,巨人,東京ドーム,3,0,阪神,試合終了,村上,ウィットリー,,2026シーズンの収集済み全試合。
2026,2026-09-05,2026-05-22,2021038896,日本ハム,ソフトバンク,みずほPayPay,0,10,ソフトバンク,試合終了,前田純,達,,2026シーズンの収集済み全試合。
2026,2026-09-05,2026-05-22,2021038895,オリックス,西武,ベルーナドーム,5,1,オリックス,試合終了,ジェリー,隅田,,2026シーズンの収集済み全試合。
2026,2026-09-05,2026-05-22,2021038894,ロッテ,楽天,楽天モバイル,2,1,ロッテ,試合終了,小島,柴田,横山,2026シーズンの収集済み全試合。
2026,2026-09-05,2026-05-22,2021038893,広島,中日,バンテリンドーム,2,6,中日,試合終了,柳,栗林,,2026シーズンの収集済み全試合。
2026,2026-09-05,2026-05-22,2021038892,阪神,巨人,東京ドーム,7,4,阪神,試合終了,髙橋,井上,岩崎,2026シーズンの収集済み全試合。
2026,2026-09-05,2026-05-21,2021038891,DeNA,広島,マツダスタジアム,1,3,広島,試合終了,玉村,東,森浦,2026シーズンの収集済み全試合。
2026,2026-09-05,2026-05-21,2021038889,巨人,ヤクルト,神宮,1,3,ヤクルト,試合終了,山野,田中将,キハダ,2026シーズンの収集済み全試合。
2026,2026-09-05,2026-05-20,2021038888,ソフトバンク,オリックス,京セラD大阪,3,8,オリックス,試合終了,エスピノーザ,藤原,,2026シーズンの収集済み全試合。
2026,2026-09-05,2026-05-20,2021038887,ロッテ,西武,県営大宮,3,1,ロッテ,試合終了,鈴木,佐藤隼,横山,2026シーズンの収集済み全試合。
2026,2026-09-05,2026-05-20,2021038886,楽天,日本ハム,エスコンF,3,5,日本ハム,試合終了,堀,鈴木翔,柳川,2026シーズンの収集済み全試合。
2026,2026-09-05,2026-05-20,2021038885,DeNA,広島,マツダスタジアム,4,3,DeNA,試合終了,中川虎,中﨑,山﨑,2026シーズンの収集済み全試合。
2026,2026-09-05,2026-05-20,2021038884,中日,阪神,甲子園,7,8,阪神,試合終了,ドリス,牧野,,2026シーズンの収集済み全試合。
2026,2026-09-05,2026-05-19,2021038883,ソフトバンク,オリックス,京セラD大阪,1,2,オリックス,試合終了,九里,大津,マチャド,2026シーズンの収集済み全試合。
2026,2026-09-05,2026-05-19,2021038882,ロッテ,西武,前橋,2,3,西武,試合終了,武内,ジャクソン,岩城,2026シーズンの収集済み全試合。
2026,2026-09-05,2026-05-19,2021038881,楽天,日本ハム,エスコンF,2,6,日本ハム,試合終了,伊藤,荘司,,2026シーズンの収集済み全試合。
2026,2026-09-05,2026-05-19,2021038880,DeNA,広島,マツダスタジアム,1,3,広島,試合終了,床田,竹田,ハーン,2026シーズンの収集済み全試合。
2026,2026-09-05,2026-05-19,2021038879,中日,阪神,倉敷,2,4,阪神,試合終了,西勇,金丸,岩崎,2026シーズンの収集済み全試合。
2026,2026-09-05,2026-05-19,2021038878,巨人,ヤクルト,いわき,2,0,巨人,試合終了,戸郷,高橋,大勢,2026シーズンの収集済み全試合。
2026,2026-09-05,2026-05-17,2021038877,オリックス,ロッテ,ZOZOマリン,2,3,ロッテ,試合終了,廣池,曽谷,中森,2026シーズンの収集済み全試合。
2026,2026-09-05,2026-05-17,2021038876,ソフトバンク,楽天,楽天モバイル,5,1,ソフトバンク,試合終了,前田悠,藤井,,2026シーズンの収集済み全試合。
2026,2026-09-05,2026-05-17,2021038875,西武,日本ハム,エスコンF,6,3,西武,試合終了,ワイナンス,上原,岩城,2026シーズンの収集済み全試合。
2026,2026-09-05,2026-05-17,2021038874,広島,阪神,甲子園,1,0,広島,試合終了,岡本,才木,中﨑,2026シーズンの収集済み全試合。
2026,2026-09-05,2026-05-17,2021038873,ヤクルト,中日,バンテリンドーム,5,1,ヤクルト,試合終了,松本健,髙橋宏,,2026シーズンの収集済み全試合。
2026,2026-09-05,2026-05-17,2021038872,DeNA,巨人,東京ドーム,0,1,巨人,試合終了,竹丸,石田裕,マルティネス,2026シーズンの収集済み全試合。
2026,2026-09-05,2026-05-16,2021038871,オリックス,ロッテ,ZOZOマリン,0,2,ロッテ,試合終了,小野,田嶋大,横山,2026シーズンの収集済み全試合。
2026,2026-09-05,2026-05-16,2021038870,ソフトバンク,楽天,楽天モバイル,3,4,楽天,試合終了,古謝,スチュワート・ジュニア,柴田,2026シーズンの収集済み全試合。
2026,2026-09-05,2026-05-16,2021038869,西武,日本ハム,エスコンF,4,5,日本ハム,試合終了,田中,甲斐野,柳川,2026シーズンの収集済み全試合。
2026,2026-09-05,2026-05-16,2021038868,広島,阪神,甲子園,1,3,阪神,試合終了,村上,森下,ドリス,2026シーズンの収集済み全試合。
2026,2026-09-05,2026-05-16,2021038867,ヤクルト,中日,バンテリンドーム,0,8,中日,試合終了,大野,奥川,,2026シーズンの収集済み全試合。
2026,2026-09-05,2026-05-16,2021038866,DeNA,巨人,東京ドーム,3,4,巨人,試合終了,高梨,中川虎,マルティネス,2026シーズンの収集済み全試合。
2026,2026-09-05,2026-05-15,2021038865,オリックス,ロッテ,ZOZOマリン,3,6,ロッテ,試合終了,中森,山﨑,横山,2026シーズンの収集済み全試合。
2026,2026-09-05,2026-05-15,2021038864,ソフトバンク,楽天,楽天モバイル,3,6,楽天,試合終了,早川,上沢,藤平,2026シーズンの収集済み全試合。
2026,2026-09-05,2026-05-15,2021038863,西武,日本ハム,エスコンF,3,0,西武,試合終了,平良,達,岩城,2026シーズンの収集済み全試合。
2026,2026-09-05,2026-05-15,2021038862,広島,阪神,甲子園,2,0,広島,試合終了,栗林,大竹,,2026シーズンの収集済み全試合。
2026,2026-09-05,2026-05-15,2021038861,ヤクルト,中日,バンテリンドーム,8,5,ヤクルト,試合終了,荘司,杉浦,キハダ,2026シーズンの収集済み全試合。
2026,2026-09-05,2026-05-15,2021038860,DeNA,巨人,東京ドーム,0,2,巨人,試合終了,井上,平良,マルティネス,2026シーズンの収集済み全試合。
2026,2026-09-05,2026-05-14,2021038859,日本ハム,ロッテ,ZOZOマリン,3,5,ロッテ,試合終了,西野,細野,横山,2026シーズンの収集済み全試合。
2026,2026-09-05,2026-05-14,2021038858,オリックス,楽天,楽天モバイル,0,3,楽天,試合終了,ウレーニャ,ジェリー,藤平,2026シーズンの収集済み全試合。
2026,2026-09-05,2026-05-14,2021038857,中日,DeNA,横浜,0,0,引分,試合終了,,,,2026シーズンの収集済み全試合。
2026,2026-09-05,2026-05-13,2021038856,西武,ソフトバンク,みずほPayPay,2,1,西武,試合終了,髙橋光成,藤原,,2026シーズンの収集済み全試合。
2026,2026-09-05,2026-05-13,2021038855,日本ハム,ロッテ,ZOZOマリン,6,2,日本ハム,試合終了,福島,小島,,2026シーズンの収集済み全試合。
2026,2026-09-05,2026-05-13,2021038854,中日,DeNA,横浜,0,5,DeNA,試合終了,島田,中西,,2026シーズンの収集済み全試合。
2026,2026-09-05,2026-05-13,2021038853,阪神,ヤクルト,神宮,2,4,ヤクルト,試合終了,荘司,桐敷,キハダ,2026シーズンの収集済み全試合。
2026,2026-09-05,2026-05-13,2021038852,広島,巨人,福井,2,4,巨人,試合終了,宮原,遠藤,,2026シーズンの収集済み全試合。
2026,2026-09-05,2026-05-12,2021038851,西武,ソフトバンク,みずほPayPay,3,0,西武,試合終了,渡邉,松本晴,岩城,2026シーズンの収集済み全試合。
2026,2026-09-05,2026-05-12,2021038850,日本ハム,ロッテ,ZOZOマリン,3,2,日本ハム,試合終了,伊藤,ジャクソン,柳川,2026シーズンの収集済み全試合。
2026,2026-09-05,2026-05-12,2021038849,オリックス,楽天,弘前,2,0,オリックス,試合終了,九里,荘司,マチャド,2026シーズンの収集済み全試合。
2026,2026-09-05,2026-05-12,2021038848,中日,DeNA,横浜,1,3,DeNA,試合終了,東,金丸,山﨑,2026シーズンの収集済み全試合。
2026,2026-09-05,2026-05-12,2021038847,阪神,ヤクルト,神宮,10,0,阪神,試合終了,西勇,吉村,,2026シーズンの収集済み全試合。
2026,2026-09-05,2026-05-12,2021038846,広島,巨人,岐阜,3,5,巨人,試合終了,マルティネス,中﨑,,2026シーズンの収集済み全試合。
2026,2026-09-05,2026-05-10,2021038845,ロッテ,ソフトバンク,みずほPayPay,3,8,ソフトバンク,試合終了,前田悠,毛利,,2026シーズンの収集済み全試合。
2026,2026-09-05,2026-05-10,2021038844,日本ハム,オリックス,京セラD大阪,2,0,日本ハム,試合終了,北山,エスピノーザ,柳川,2026シーズンの収集済み全試合。
2026,2026-09-05,2026-05-10,2021038843,楽天,西武,ベルーナドーム,1,6,西武,試合終了,菅井,瀧中,,2026シーズンの収集済み全試合。
2026,2026-09-05,2026-05-10,2021038842,ヤクルト,広島,マツダスタジアム,0,4,広島,試合終了,塹江,石原,,2026シーズンの収集済み全試合。
2026,2026-09-05,2026-05-10,2021038841,DeNA,阪神,甲子園,0,3,阪神,試合終了,才木,石田裕,ドリス,2026シーズンの収集済み全試合。
2026,2026-09-05,2026-05-10,2021038840,巨人,中日,バンテリンドーム,9,4,巨人,試合終了,船迫,メヒア,,2026シーズンの収集済み全試合。
2026,2026-09-05,2026-05-09,2021038839,ロッテ,ソフトバンク,みずほPayPay,5,4,ロッテ,試合終了,鈴木,松本裕,横山,2026シーズンの収集済み全試合。
2026,2026-09-05,2026-05-09,2021038838,日本ハム,オリックス,京セラD大阪,3,0,日本ハム,試合終了,加藤貴,曽谷,柳川,2026シーズンの収集済み全試合。
2026,2026-09-05,2026-05-09,2021038837,楽天,西武,ベルーナドーム,2,6,西武,試合終了,黒田,古謝,,2026シーズンの収集済み全試合。
2026,2026-09-05,2026-05-09,2021038836,ヤクルト,広島,マツダスタジアム,4,0,ヤクルト,試合終了,松本健,岡本,,2026シーズンの収集済み全試合。
2026,2026-09-05,2026-05-09,2021038835,DeNA,阪神,甲子園,3,1,DeNA,試合終了,ルイーズ,大竹,山﨑,2026シーズンの収集済み全試合。
2026,2026-09-05,2026-05-09,2021038834,巨人,中日,バンテリンドーム,2,4,中日,試合終了,大野,田中将,松山,2026シーズンの収集済み全試合。
2026,2026-09-05,2026-05-08,2021038833,ロッテ,ソフトバンク,みずほPayPay,5,6,ソフトバンク,試合終了,津森,横山,,2026シーズンの収集済み全試合。
2026,2026-09-05,2026-05-08,2021038832,日本ハム,オリックス,京セラD大阪,3,4,オリックス,試合終了,博志,達,マチャド,2026シーズンの収集済み全試合。
2026,2026-09-05,2026-05-08,2021038831,楽天,西武,ベルーナドーム,2,4,西武,試合終了,隅田,ウレーニャ,岩城,2026シーズンの収集済み全試合。
2026,2026-09-05,2026-05-08,2021038830,ヤクルト,広島,マツダスタジアム,4,1,ヤクルト,試合終了,高梨,森下,キハダ,2026シーズンの収集済み全試合。
2026,2026-09-05,2026-05-08,2021038829,DeNA,阪神,甲子園,10,1,DeNA,試合終了,平良,村上,,2026シーズンの収集済み全試合。
2026,2026-09-05,2026-05-08,2021038828,巨人,中日,バンテリンドーム,2,9,中日,試合終了,柳,ウィットリー,,2026シーズンの収集済み全試合。
2026,2026-09-05,2026-05-06,2021038827,ロッテ,オリックス,京セラD大阪,0,3,オリックス,試合終了,田嶋大,西野,マチャド,2026シーズンの収集済み全試合。
2026,2026-09-05,2026-05-06,2021038826,ソフトバンク,西武,ベルーナドーム,2,10,西武,試合終了,髙橋光成,大関,,2026シーズンの収集済み全試合。
2026,2026-09-05,2026-05-06,2021038825,日本ハム,楽天,楽天モバイル,12,2,日本ハム,試合終了,伊藤,内,,2026シーズンの収集済み全試合。
2026,2026-09-05,2026-05-06,2021038824,阪神,中日,バンテリンドーム,2,0,阪神,試合終了,髙橋,髙橋宏,,2026シーズンの収集済み全試合。
2026,2026-09-05,2026-05-06,2021038823,広島,DeNA,横浜,10,0,広島,試合終了,栗林,深沢,,2026シーズンの収集済み全試合。
2026,2026-09-05,2026-05-06,2021038822,ヤクルト,巨人,東京ドーム,5,0,ヤクルト,試合終了,山野,竹丸,,2026シーズンの収集済み全試合。
2026,2026-09-05,2026-05-05,2021038821,ロッテ,オリックス,京セラD大阪,1,6,オリックス,試合終了,ジェリー,ジャクソン,,2026シーズンの収集済み全試合。
2026,2026-09-05,2026-05-05,2021038820,ソフトバンク,西武,ベルーナドーム,6,4,ソフトバンク,試合終了,上茶谷,渡邉,松本裕,2026シーズンの収集済み全試合。
2026,2026-09-05,2026-05-05,2021038819,日本ハム,楽天,楽天モバイル,2,3,楽天,試合終了,荘司,細野,藤平,2026シーズンの収集済み全試合。
2026,2026-09-05,2026-05-05,2021038818,阪神,中日,バンテリンドーム,3,7,中日,試合終了,金丸,早川,,2026シーズンの収集済み全試合。
2026,2026-09-05,2026-05-05,2021038817,広島,DeNA,横浜,5,5,引分,試合終了,,,,2026シーズンの収集済み全試合。
2026,2026-09-05,2026-05-05,2021038816,ヤクルト,巨人,東京ドーム,2,3,巨人,試合終了,赤星,吉村,マルティネス,2026シーズンの収集済み全試合。
2026,2026-09-05,2026-05-04,2021038815,ロッテ,オリックス,京セラD大阪,0,3,オリックス,試合終了,髙島,小島,マチャド,2026シーズンの収集済み全試合。
2026,2026-09-05,2026-05-04,2021038814,ソフトバンク,西武,ベルーナドーム,2,10,西武,試合終了,菅井,徐,,2026シーズンの収集済み全試合。
2026,2026-09-05,2026-05-04,2021038813,日本ハム,楽天,楽天モバイル,1,3,楽天,試合終了,西垣,福島,藤平,2026シーズンの収集済み全試合。
2026,2026-09-05,2026-05-04,2021038812,阪神,中日,バンテリンドーム,3,7,中日,試合終了,中西,門別,,2026シーズンの収集済み全試合。
2026,2026-09-05,2026-05-04,2021038811,広島,DeNA,横浜,8,11,DeNA,試合終了,竹田,大瀬良,山﨑,2026シーズンの収集済み全試合。
2026,2026-09-05,2026-05-04,2021038810,ヤクルト,巨人,東京ドーム,5,1,ヤクルト,試合終了,奥川,戸郷,,2026シーズンの収集済み全試合。
2026,2026-09-05,2026-05-03,2021038809,楽天,ソフトバンク,みずほPayPay,7,0,楽天,試合終了,早川,尾形,,2026シーズンの収集済み全試合。
2026,2026-09-05,2026-05-03,2021038808,西武,ロッテ,ZOZOマリン,0,10,ロッテ,試合終了,毛利,平良,,2026シーズンの収集済み全試合。
2026,2026-09-05,2026-05-03,2021038807,オリックス,日本ハム,エスコンF,0,3,日本ハム,試合終了,北山,九里,,2026シーズンの収集済み全試合。
2026,2026-09-05,2026-05-03,2021038805,巨人,阪神,甲子園,0,3,阪神,試合終了,才木,井上,,2026シーズンの収集済み全試合。
2026,2026-09-05,2026-05-03,2021038804,DeNA,ヤクルト,神宮,12,2,DeNA,試合終了,石田裕,ウォルターズ,,2026シーズンの収集済み全試合。
2026,2026-09-05,2026-05-02,2021038803,楽天,ソフトバンク,みずほPayPay,0,5,ソフトバンク,試合終了,大津,ウレーニャ,,2026シーズンの収集済み全試合。
2026,2026-09-05,2026-05-02,2021038802,西武,ロッテ,ZOZOマリン,5,4,西武,試合終了,武内,田中,岩城,2026シーズンの収集済み全試合。
2026,2026-09-05,2026-05-02,2021038801,オリックス,日本ハム,エスコンF,10,9,オリックス,試合終了,寺西,田中,マチャド,2026シーズンの収集済み全試合。
2026,2026-09-05,2026-05-02,2021038800,中日,広島,マツダスタジアム,4,0,中日,試合終了,大野,齊藤汰,,2026シーズンの収集済み全試合。
2026,2026-09-05,2026-05-02,2021038799,巨人,阪神,甲子園,5,7,阪神,試合終了,大竹,又木,ドリス,2026シーズンの収集済み全試合。
2026,2026-09-05,2026-05-02,2021038798,DeNA,ヤクルト,神宮,5,6,ヤクルト,試合終了,キハダ,伊勢,,2026シーズンの収集済み全試合。
2026,2026-09-05,2026-05-01,2021038797,楽天,ソフトバンク,みずほPayPay,1,4,ソフトバンク,試合終了,上沢,西垣,松本裕,2026シーズンの収集済み全試合。
2026,2026-09-05,2026-05-01,2021038796,西武,ロッテ,ZOZOマリン,10,0,西武,試合終了,佐藤爽,廣池,,2026シーズンの収集済み全試合。
2026,2026-09-05,2026-05-01,2021038795,オリックス,日本ハム,エスコンF,1,5,日本ハム,試合終了,加藤貴,曽谷,,2026シーズンの収集済み全試合。
2026,2026-09-05,2026-05-01,2021038794,中日,広島,マツダスタジアム,3,7,広島,試合終了,岡本,柳,,2026シーズンの収集済み全試合。
2026,2026-09-05,2026-05-01,2021038793,巨人,阪神,甲子園,5,3,巨人,試合終了,田中将,村上,マルティネス,2026シーズンの収集済み全試合。
2026,2026-09-05,2026-05-01,2021038792,DeNA,ヤクルト,神宮,5,16,ヤクルト,試合終了,松本健,平良,,2026シーズンの収集済み全試合。
2026,2026-09-05,2026-04-30,2021038791,日本ハム,西武,ベルーナドーム,3,2,日本ハム,試合終了,柳川,羽田,島本,2026シーズンの収集済み全試合。
2026,2026-09-05,2026-04-30,2021038790,DeNA,中日,バンテリンドーム,6,2,DeNA,試合終了,篠木,マラー,,2026シーズンの収集済み全試合。
2026,2026-09-05,2026-04-30,2021038789,阪神,ヤクルト,神宮,10,2,阪神,試合終了,西勇,高梨,,2026シーズンの収集済み全試合。
2026,2026-09-05,2026-04-30,2021038788,広島,巨人,東京ドーム,3,2,広島,試合終了,森浦,ルシアーノ,中﨑,2026シーズンの収集済み全試合。
2026,2026-09-05,2026-04-29,2021038787,ソフトバンク,オリックス,京セラD大阪,4,5,オリックス,試合終了,寺西,オスナ,マチャド,2026シーズンの収集済み全試合。
2026,2026-09-05,2026-04-29,2021038786,楽天,ロッテ,ZOZOマリン,3,5,ロッテ,試合終了,八木,前田健,横山,2026シーズンの収集済み全試合。
2026,2026-09-05,2026-04-29,2021038785,日本ハム,西武,ベルーナドーム,0,3,西武,試合終了,髙橋光成,達,甲斐野,2026シーズンの収集済み全試合。
2026,2026-09-05,2026-04-29,2021038784,DeNA,中日,バンテリンドーム,4,2,DeNA,試合終了,中川虎,櫻井,山﨑,2026シーズンの収集済み全試合。
2026,2026-09-05,2026-04-29,2021038783,阪神,ヤクルト,神宮,2,0,阪神,試合終了,髙橋,山野,,2026シーズンの収集済み全試合。
2026,2026-09-05,2026-04-29,2021038782,広島,巨人,東京ドーム,2,4,巨人,試合終了,竹丸,森下,マルティネス,2026シーズンの収集済み全試合。
2026,2026-09-05,2026-04-28,2021038781,ソフトバンク,オリックス,京セラD大阪,7,1,ソフトバンク,試合終了,上茶谷,椋木,,2026シーズンの収集済み全試合。
2026,2026-09-05,2026-04-28,2021038780,楽天,ロッテ,ZOZOマリン,1,3,ロッテ,試合終了,ジャクソン,荘司,横山,2026シーズンの収集済み全試合。
2026,2026-09-05,2026-04-28,2021038779,日本ハム,西武,ベルーナドーム,2,1,日本ハム,試合終了,玉井,岩城,柳川,2026シーズンの収集済み全試合。
2026,2026-09-05,2026-04-28,2021038778,DeNA,中日,バンテリンドーム,0,3,中日,試合終了,金丸,東,松山,2026シーズンの収集済み全試合。
2026,2026-09-05,2026-04-28,2021038777,阪神,ヤクルト,神宮,5,10,ヤクルト,試合終了,吉村,才木,,2026シーズンの収集済み全試合。
2026,2026-09-05,2026-04-28,2021038776,広島,巨人,東京ドーム,11,1,広島,試合終了,床田,則本,,2026シーズンの収集済み全試合。
2026,2026-09-05,2026-04-26,2021038774,日本ハム,オリックス,京セラD大阪,4,9,オリックス,試合終了,九里,有原,,2026シーズンの収集済み全試合。
2026,2026-09-05,2026-04-26,2021038773,西武,楽天,楽天モバイル,3,0,西武,試合終了,甲斐野,加治屋,岩城,2026シーズンの収集済み全試合。
2026,2026-09-05,2026-04-26,2021038772,広島,阪神,甲子園,0,1,阪神,試合終了,大竹,栗林,ドリス,2026シーズンの収集済み全試合。
2026,2026-09-05,2026-04-26,2021038771,ヤクルト,中日,バンテリンドーム,0,3,中日,試合終了,髙橋宏,奥川,松山,2026シーズンの収集済み全試合。
2026,2026-09-05,2026-04-26,2021038770,巨人,DeNA,横浜,4,1,巨人,試合終了,井上,石田裕,マルティネス,2026シーズンの収集済み全試合。
2026,2026-09-05,2026-04-25,2021038769,ロッテ,ソフトバンク,熊本,5,0,ロッテ,試合終了,八木,上沢,,2026シーズンの収集済み全試合。
2026,2026-09-05,2026-04-25,2021038768,日本ハム,オリックス,京セラD大阪,2,4,オリックス,試合終了,髙島,北山,マチャド,2026シーズンの収集済み全試合。
2026,2026-09-05,2026-04-25,2021038767,西武,楽天,楽天モバイル,9,7,西武,試合終了,篠原,西垣,岩城,2026シーズンの収集済み全試合。
2026,2026-09-05,2026-04-25,2021038766,広島,阪神,甲子園,2,2,引分,試合終了,,,,2026シーズンの収集済み全試合。
2026,2026-09-05,2026-04-25,2021038765,ヤクルト,中日,バンテリンドーム,2,5,中日,試合終了,大野,小川,松山,2026シーズンの収集済み全試合。
2026,2026-09-05,2026-04-25,2021038764,巨人,DeNA,横浜,7,2,巨人,試合終了,又木,片山,,2026シーズンの収集済み全試合。
2026,2026-09-05,2026-04-24,2021038763,日本ハム,オリックス,京セラD大阪,2,3,オリックス,試合終了,エスピノーザ,伊藤,マチャド,2026シーズンの収集済み全試合。
2026,2026-09-05,2026-04-24,2021038762,ヤクルト,中日,バンテリンドーム,4,6,中日,試合終了,杉浦,星,,2026シーズンの収集済み全試合。
2026,2026-09-05,2026-04-24,2021038761,巨人,DeNA,横浜,1,2,DeNA,試合終了,中川虎,赤星,,2026シーズンの収集済み全試合。
2026,2026-09-05,2026-04-23,2021038759,ソフトバンク,西武,ベルーナドーム,4,3,ソフトバンク,試合終了,大津,糸川,松本裕,2026シーズンの収集済み全試合。
2026,2026-09-05,2026-04-23,2021038758,楽天,日本ハム,エスコンF,3,2,楽天,試合終了,瀧中,福島,藤平,2026シーズンの収集済み全試合。
2026,2026-09-05,2026-04-23,2021038757,ヤクルト,広島,マツダスタジアム,2,0,ヤクルト,試合終了,高梨,岡本,キハダ,2026シーズンの収集済み全試合。
2026,2026-09-05,2026-04-22,2021038755,オリックス,ロッテ,ZOZOマリン,4,1,オリックス,試合終了,曽谷,毛利,マチャド,2026シーズンの収集済み全試合。
2026,2026-09-05,2026-04-22,2021038754,ソフトバンク,西武,ベルーナドーム,1,3,西武,試合終了,髙橋光成,大関,,2026シーズンの収集済み全試合。
2026,2026-09-05,2026-04-22,2021038753,楽天,日本ハム,エスコンF,4,5,日本ハム,試合終了,島本,田中千,,2026シーズンの収集済み全試合。
2026,2026-09-05,2026-04-22,2021038752,ヤクルト,広島,マツダスタジアム,2,0,ヤクルト,試合終了,山野,大瀬良,キハダ,2026シーズンの収集済み全試合。
2026,2026-09-05,2026-04-22,2021038751,阪神,DeNA,横浜,6,7,DeNA,試合終了,レイノルズ,ドリス,山﨑,2026シーズンの収集済み全試合。
2026,2026-09-05,2026-04-22,2021038750,中日,巨人,前橋,1,5,巨人,試合終了,竹丸,櫻井,,2026シーズンの収集済み全試合。
2026,2026-09-05,2026-04-21,2021038749,オリックス,ロッテ,ZOZOマリン,4,7,ロッテ,試合終了,坂本,横山楓,横山,2026シーズンの収集済み全試合。
2026,2026-09-05,2026-04-21,2021038748,ソフトバンク,西武,ベルーナドーム,4,6,西武,試合終了,隅田,スチュワート・ジュニア,岩城,2026シーズンの収集済み全試合。
2026,2026-09-05,2026-04-21,2021038747,楽天,日本ハム,エスコンF,1,3,日本ハム,試合終了,達,荘司,柳川,2026シーズンの収集済み全試合。
2026,2026-09-05,2026-04-21,2021038746,ヤクルト,広島,マツダスタジアム,1,2,広島,試合終了,森下,吉村,中﨑,2026シーズンの収集済み全試合。
2026,2026-09-05,2026-04-21,2021038745,阪神,DeNA,横浜,9,16,DeNA,試合終了,レイノルズ,モレッタ,,2026シーズンの収集済み全試合。
2026,2026-09-05,2026-04-21,2021038744,中日,巨人,長野,1,2,巨人,試合終了,中川,金丸,マルティネス,2026シーズンの収集済み全試合。
2026,2026-09-05,2026-04-19,2021038743,オリックス,ソフトバンク,みずほPayPay,2,1,オリックス,試合終了,椋木,松本晴,マチャド,2026シーズンの収集済み全試合。
2026,2026-09-05,2026-04-19,2021038742,ロッテ,楽天,楽天モバイル,8,5,ロッテ,試合終了,高野脩,田中千,横山,2026シーズンの収集済み全試合。
2026,2026-09-05,2026-04-19,2021038741,西武,日本ハム,エスコンF,15,3,西武,試合終了,平良,有原,,2026シーズンの収集済み全試合。
2026,2026-09-05,2026-04-19,2021038740,DeNA,広島,マツダスタジアム,2,0,DeNA,試合終了,石田裕,床田,山﨑,2026シーズンの収集済み全試合。
2026,2026-09-05,2026-04-19,2021038739,中日,阪神,甲子園,5,7,阪神,試合終了,湯浅,髙橋宏,ドリス,2026シーズンの収集済み全試合。
2026,2026-09-05,2026-04-19,2021038738,巨人,ヤクルト,神宮,1,3,ヤクルト,試合終了,増居,井上,キハダ,2026シーズンの収集済み全試合。
2026,2026-09-05,2026-04-18,2021038737,オリックス,ソフトバンク,みずほPayPay,0,7,ソフトバンク,試合終了,上沢,九里,,2026シーズンの収集済み全試合。
2026,2026-09-05,2026-04-18,2021038736,ロッテ,楽天,楽天モバイル,1,9,楽天,試合終了,ウレーニャ,田中,,2026シーズンの収集済み全試合。
2026,2026-09-05,2026-04-18,2021038735,西武,日本ハム,エスコンF,3,5,日本ハム,試合終了,伊藤,武内,柳川,2026シーズンの収集済み全試合。
2026,2026-09-05,2026-04-18,2021038734,DeNA,広島,マツダスタジアム,7,2,DeNA,試合終了,東,ターノック,,2026シーズンの収集済み全試合。
2026,2026-09-05,2026-04-18,2021038733,中日,阪神,甲子園,3,4,阪神,試合終了,湯浅,杉浦,岩崎,2026シーズンの収集済み全試合。
2026,2026-09-05,2026-04-18,2021038732,巨人,ヤクルト,神宮,3,4,ヤクルト,試合終了,清水,マルティネス,,2026シーズンの収集済み全試合。
2026,2026-09-05,2026-04-17,2021038731,オリックス,ソフトバンク,みずほPayPay,13,4,オリックス,試合終了,髙島,徐,,2026シーズンの収集済み全試合。
2026,2026-09-05,2026-04-17,2021038730,ロッテ,楽天,楽天モバイル,0,1,楽天,試合終了,加治屋,坂本,,2026シーズンの収集済み全試合。
2026,2026-09-05,2026-04-17,2021038729,西武,日本ハム,エスコンF,5,3,西武,試合終了,渡邉,上原,岩城,2026シーズンの収集済み全試合。
2026,2026-09-05,2026-04-17,2021038728,DeNA,広島,マツダスタジアム,5,1,DeNA,試合終了,平良,島内,,2026シーズンの収集済み全試合。
2026,2026-09-05,2026-04-17,2021038727,中日,阪神,甲子園,1,2,阪神,試合終了,モレッタ,根尾,岩崎,2026シーズンの収集済み全試合。
2026,2026-09-05,2026-04-17,2021038726,巨人,ヤクルト,神宮,8,2,巨人,試合終了,ウィットリー,ウォルターズ,,2026シーズンの収集済み全試合。
2026,2026-09-05,2026-04-16,2021038725,楽天,ソフトバンク,北九州,0,6,ソフトバンク,試合終了,大津,藤原,,2026シーズンの収集済み全試合。
2026,2026-09-05,2026-04-16,2021038724,西武,オリックス,京セラD大阪,1,7,オリックス,試合終了,寺西,菅井,,2026シーズンの収集済み全試合。
2026,2026-09-05,2026-04-16,2021038723,日本ハム,ロッテ,ZOZOマリン,3,5,ロッテ,試合終了,八木,齋藤,横山,2026シーズンの収集済み全試合。
2026,2026-09-05,2026-04-16,2021038722,巨人,阪神,甲子園,4,3,巨人,試合終了,田中将,ルーカス,マルティネス,2026シーズンの収集済み全試合。
2026,2026-09-05,2026-04-16,2021038721,DeNA,ヤクルト,神宮,0,2,ヤクルト,試合終了,松本健,デュプランティエ,キハダ,2026シーズンの収集済み全試合。
2026,2026-09-05,2026-04-15,2021038720,楽天,ソフトバンク,みずほPayPay,3,2,楽天,試合終了,宋家豪,尾形,藤平,2026シーズンの収集済み全試合。
2026,2026-09-05,2026-04-15,2021038719,西武,オリックス,京セラD大阪,1,3,オリックス,試合終了,エスピノーザ,髙橋光成,椋木,2026シーズンの収集済み全試合。
2026,2026-09-05,2026-04-15,2021038718,日本ハム,ロッテ,ZOZOマリン,7,9,ロッテ,試合終了,八木,加藤貴,鈴木,2026シーズンの収集済み全試合。
2026,2026-09-05,2026-04-15,2021038716,広島,中日,バンテリンドーム,5,2,広島,試合終了,栗林,マラー,中﨑,2026シーズンの収集済み全試合。
2026,2026-09-05,2026-04-14,2021038715,楽天,ソフトバンク,みずほPayPay,3,2,楽天,試合終了,荘司,スチュワート・ジュニア,藤平,2026シーズンの収集済み全試合。
2026,2026-09-05,2026-04-14,2021038714,西武,オリックス,京セラD大阪,1,5,オリックス,試合終了,曽谷,隅田,,2026シーズンの収集済み全試合。
2026,2026-09-05,2026-04-14,2021038713,日本ハム,ロッテ,ZOZOマリン,5,1,日本ハム,試合終了,達,ジャクソン,,2026シーズンの収集済み全試合。
2026,2026-09-05,2026-04-14,2021038712,巨人,阪神,甲子園,4,3,巨人,試合終了,大勢,岩崎,マルティネス,2026シーズンの収集済み全試合。
2026,2026-09-05,2026-04-14,2021038711,広島,中日,豊橋,2,6,中日,試合終了,金丸,森下,松山,2026シーズンの収集済み全試合。
2026,2026-09-05,2026-04-14,2021038710,DeNA,ヤクルト,松山,3,5,ヤクルト,試合終了,田口,竹田,,2026シーズンの収集済み全試合。
2026,2026-09-05,2026-04-12,2021038709,ロッテ,西武,ベルーナドーム,1,2,西武,試合終了,羽田,ロング,,2026シーズンの収集済み全試合。
2026,2026-09-05,2026-04-12,2021038708,オリックス,楽天,楽天モバイル,0,4,楽天,試合終了,瀧中,ジェリー,,2026シーズンの収集済み全試合。
2026,2026-09-05,2026-04-12,2021038707,ソフトバンク,日本ハム,エスコンF,11,7,ソフトバンク,試合終了,上茶谷,有原,,2026シーズンの収集済み全試合。
2026,2026-09-05,2026-04-12,2021038706,阪神,中日,バンテリンドーム,3,0,阪神,試合終了,髙橋,髙橋宏,,2026シーズンの収集済み全試合。
2026,2026-09-05,2026-04-12,2021038705,広島,DeNA,横浜,5,6,DeNA,試合終了,中川虎,森浦,山﨑,2026シーズンの収集済み全試合。
2026,2026-09-05,2026-04-12,2021038704,ヤクルト,巨人,東京ドーム,2,0,ヤクルト,試合終了,高梨,井上,キハダ,2026シーズンの収集済み全試合。
2026,2026-09-05,2026-04-11,2021038703,ロッテ,西武,ベルーナドーム,2,5,西武,試合終了,武内,田中,岩城,2026シーズンの収集済み全試合。
2026,2026-09-05,2026-04-11,2021038702,オリックス,楽天,楽天モバイル,4,11,楽天,試合終了,早川,九里,,2026シーズンの収集済み全試合。
2026,2026-09-05,2026-04-11,2021038701,ソフトバンク,日本ハム,エスコンF,6,3,ソフトバンク,試合終了,上沢,伊藤,,2026シーズンの収集済み全試合。
2026,2026-09-05,2026-04-11,2021038700,阪神,中日,バンテリンドーム,9,3,阪神,試合終了,伊原,大野,,2026シーズンの収集済み全試合。
2026,2026-09-05,2026-04-11,2021038699,広島,DeNA,横浜,3,4,DeNA,試合終了,東,ターノック,山﨑,2026シーズンの収集済み全試合。
2026,2026-09-05,2026-04-11,2021038698,ヤクルト,巨人,東京ドーム,3,2,ヤクルト,試合終了,山野,マタ,キハダ,2026シーズンの収集済み全試合。
2026,2026-09-05,2026-04-10,2021038697,ロッテ,西武,県営大宮,6,3,ロッテ,試合終了,鈴木,篠原,横山,2026シーズンの収集済み全試合。
2026,2026-09-05,2026-04-10,2021038695,阪神,中日,バンテリンドーム,5,3,阪神,試合終了,湯浅,松山,岩崎,2026シーズンの収集済み全試合。
2026,2026-09-05,2026-04-10,2021038693,ヤクルト,巨人,東京ドーム,2,3,巨人,試合終了,竹丸,吉村,マルティネス,2026シーズンの収集済み全試合。
2026,2026-09-05,2026-04-09,2021038692,西武,ソフトバンク,みずほPayPay,0,2,ソフトバンク,試合終了,大津,E.ラミレス,杉山,2026シーズンの収集済み全試合。
2026,2026-09-05,2026-04-09,2021038691,ロッテ,オリックス,京セラD大阪,1,2,オリックス,試合終了,横山楓,高野脩,,2026シーズンの収集済み全試合。
2026,2026-09-05,2026-04-09,2021038690,日本ハム,楽天,楽天モバイル,4,2,日本ハム,試合終了,加藤貴,内,柳川,2026シーズンの収集済み全試合。
2026,2026-09-05,2026-04-09,2021038688,ヤクルト,阪神,甲子園,0,2,阪神,試合終了,茨木,奥川,桐敷,2026シーズンの収集済み全試合。
2026,2026-09-05,2026-04-08,2021038687,西武,ソフトバンク,みずほPayPay,2,1,西武,試合終了,髙橋光成,徐,岩城,2026シーズンの収集済み全試合。
2026,2026-09-05,2026-04-08,2021038686,ロッテ,オリックス,京セラD大阪,1,9,オリックス,試合終了,エスピノーザ,ジャクソン,,2026シーズンの収集済み全試合。
2026,2026-09-05,2026-04-08,2021038685,日本ハム,楽天,楽天モバイル,1,0,日本ハム,試合終了,北山,古謝,柳川,2026シーズンの収集済み全試合。
2026,2026-09-05,2026-04-08,2021038684,巨人,広島,マツダスタジアム,2,1,巨人,試合終了,赤星,中﨑,マルティネス,2026シーズンの収集済み全試合。
2026,2026-09-05,2026-04-08,2021038683,ヤクルト,阪神,甲子園,3,2,ヤクルト,試合終了,廣澤,早川,キハダ,2026シーズンの収集済み全試合。
2026,2026-09-05,2026-04-08,2021038682,中日,DeNA,横浜,6,4,中日,試合終了,根尾,坂本,松山,2026シーズンの収集済み全試合。
2026,2026-09-05,2026-04-07,2021038681,西武,ソフトバンク,みずほPayPay,8,6,西武,試合終了,隅田,大関,岩城,2026シーズンの収集済み全試合。
2026,2026-09-05,2026-04-07,2021038680,ロッテ,オリックス,京セラD大阪,1,3,オリックス,試合終了,ペルドモ,澤田,マチャド,2026シーズンの収集済み全試合。
2026,2026-09-05,2026-04-07,2021038679,日本ハム,楽天,楽天モバイル,0,3,楽天,試合終了,加治屋,細野,藤平,2026シーズンの収集済み全試合。
2026,2026-09-05,2026-04-07,2021038678,巨人,広島,マツダスタジアム,2,5,広島,試合終了,森下,ウィットリー,中﨑,2026シーズンの収集済み全試合。
2026,2026-09-05,2026-04-07,2021038677,ヤクルト,阪神,甲子園,3,9,阪神,試合終了,才木,小川,,2026シーズンの収集済み全試合。
2026,2026-09-05,2026-04-07,2021038676,中日,DeNA,横浜,3,5,DeNA,試合終了,橋本,金丸,,2026シーズンの収集済み全試合。
2026,2026-09-05,2026-04-05,2021038675,ソフトバンク,ロッテ,ZOZOマリン,4,3,ソフトバンク,試合終了,スチュワート・ジュニア,小島,松本裕,2026シーズンの収集済み全試合。
2026,2026-09-05,2026-04-05,2021038674,楽天,西武,ベルーナドーム,1,1,引分,試合終了,,,,2026シーズンの収集済み全試合。
2026,2026-09-05,2026-04-05,2021038673,オリックス,日本ハム,エスコンF,2,8,日本ハム,試合終了,有原,ペルドモ,,2026シーズンの収集済み全試合。
2026,2026-09-05,2026-04-05,2021038672,阪神,広島,マツダスタジアム,1,2,広島,試合終了,中﨑,桐敷,,2026シーズンの収集済み全試合。
2026,2026-09-05,2026-04-05,2021038671,中日,ヤクルト,神宮,5,7,ヤクルト,試合終了,廣澤,齋藤,キハダ,2026シーズンの収集済み全試合。
2026,2026-09-05,2026-04-05,2021038670,DeNA,巨人,東京ドーム,2,3,巨人,試合終了,井上,石田裕,マルティネス,2026シーズンの収集済み全試合。
2026,2026-09-05,2026-04-04,2021038669,ソフトバンク,ロッテ,ZOZOマリン,5,2,ソフトバンク,試合終了,松本晴,高野脩,杉山,2026シーズンの収集済み全試合。
2026,2026-09-05,2026-04-04,2021038668,楽天,西武,ベルーナドーム,2,1,楽天,試合終了,宋家豪,甲斐野,田中千,2026シーズンの収集済み全試合。
2026,2026-09-05,2026-04-04,2021038667,オリックス,日本ハム,エスコンF,3,6,日本ハム,試合終了,上原,山﨑,柳川,2026シーズンの収集済み全試合。
2026,2026-09-05,2026-04-04,2021038666,阪神,広島,マツダスタジアム,7,5,阪神,試合終了,モレッタ,辻,ドリス,2026シーズンの収集済み全試合。
2026,2026-09-05,2026-04-04,2021038665,中日,ヤクルト,神宮,6,11,ヤクルト,試合終了,山野,櫻井,,2026シーズンの収集済み全試合。
2026,2026-09-05,2026-04-04,2021038664,DeNA,巨人,東京ドーム,4,8,巨人,試合終了,赤星,吉野,,2026シーズンの収集済み全試合。
2026,2026-09-05,2026-04-03,2021038663,ソフトバンク,ロッテ,ZOZOマリン,2,3,ロッテ,試合終了,澤田,杉山,,2026シーズンの収集済み全試合。
2026,2026-09-05,2026-04-03,2021038662,楽天,西武,ベルーナドーム,6,3,楽天,試合終了,荘司,渡邉,藤平,2026シーズンの収集済み全試合。
2026,2026-09-05,2026-04-03,2021038661,オリックス,日本ハム,エスコンF,3,12,日本ハム,試合終了,伊藤,寺西,,2026シーズンの収集済み全試合。
2026,2026-09-05,2026-04-03,2021038660,阪神,広島,マツダスタジアム,4,2,阪神,試合終了,村上,床田,岩崎,2026シーズンの収集済み全試合。
2026,2026-09-05,2026-04-03,2021038659,中日,ヤクルト,神宮,1,0,中日,試合終了,柳,吉村,,2026シーズンの収集済み全試合。
2026,2026-09-05,2026-04-03,2021038658,DeNA,巨人,東京ドーム,3,1,DeNA,試合終了,東,竹丸,山﨑,2026シーズンの収集済み全試合。
2026,2026-09-05,2026-04-02,2021038657,オリックス,西武,ベルーナドーム,7,3,オリックス,試合終了,宮城,菅井,,2026シーズンの収集済み全試合。
2026,2026-09-05,2026-04-02,2021038656,ソフトバンク,楽天,楽天モバイル,4,5,楽天,試合終了,西垣,松本裕,藤平,2026シーズンの収集済み全試合。
2026,2026-09-05,2026-04-02,2021038655,ロッテ,日本ハム,エスコンF,1,7,日本ハム,試合終了,加藤貴,西野,,2026シーズンの収集済み全試合。
2026,2026-09-05,2026-04-02,2021038654,DeNA,阪神,京セラD大阪,3,4,阪神,試合終了,伊原,竹田,岩崎,2026シーズンの収集済み全試合。
2026,2026-09-05,2026-04-02,2021038653,巨人,中日,バンテリンドーム,1,2,中日,試合終了,大野,則本,,2026シーズンの収集済み全試合。
2026,2026-09-05,2026-04-02,2021038652,広島,ヤクルト,神宮,1,2,ヤクルト,試合終了,松本健,森浦,,2026シーズンの収集済み全試合。
2026,2026-09-05,2026-04-01,2021038651,オリックス,西武,ベルーナドーム,4,0,オリックス,試合終了,エスピノーザ,髙橋光成,,2026シーズンの収集済み全試合。
2026,2026-09-05,2026-04-01,2021038650,ソフトバンク,楽天,楽天モバイル,6,1,ソフトバンク,試合終了,徐,古謝,,2026シーズンの収集済み全試合。
2026,2026-09-05,2026-04-01,2021038649,ロッテ,日本ハム,エスコンF,4,2,ロッテ,試合終了,ジャクソン,北山,横山,2026シーズンの収集済み全試合。
2026,2026-09-05,2026-04-01,2021038648,DeNA,阪神,京セラD大阪,4,1,DeNA,試合終了,コックス,ルーカス,山﨑,2026シーズンの収集済み全試合。
2026,2026-09-05,2026-04-01,2021038647,巨人,中日,バンテリンドーム,6,5,巨人,試合終了,田中将,中西,大勢,2026シーズンの収集済み全試合。
2026,2026-09-05,2026-03-31,2021038645,オリックス,西武,ベルーナドーム,3,5,西武,試合終了,E.ラミレス,ペルドモ,岩城,2026シーズンの収集済み全試合。
2026,2026-09-05,2026-03-31,2021038644,ソフトバンク,楽天,楽天モバイル,4,2,ソフトバンク,試合終了,大関,前田健,杉山,2026シーズンの収集済み全試合。
2026,2026-09-05,2026-03-31,2021038643,ロッテ,日本ハム,エスコンF,0,9,日本ハム,試合終了,細野,木村,,2026シーズンの収集済み全試合。
2026,2026-09-05,2026-03-31,2021038642,DeNA,阪神,京セラD大阪,1,4,阪神,試合終了,才木,デュプランティエ,岩崎,2026シーズンの収集済み全試合。
2026,2026-09-05,2026-03-31,2021038641,巨人,中日,バンテリンドーム,5,2,巨人,試合終了,田中瑛,藤嶋,大勢,2026シーズンの収集済み全試合。
2026,2026-09-05,2026-03-31,2021038640,広島,ヤクルト,神宮,3,8,ヤクルト,試合終了,小川,森下,,2026シーズンの収集済み全試合。
2026,2026-09-05,2026-03-29,2021038639,日本ハム,ソフトバンク,みずほPayPay,4,8,ソフトバンク,試合終了,スチュワート・ジュニア,有原,,2026シーズンの収集済み全試合。
2026,2026-09-05,2026-03-29,2021038638,楽天,オリックス,京セラD大阪,4,5,オリックス,試合終了,山﨑,藤原,マチャド,2026シーズンの収集済み全試合。
2026,2026-09-05,2026-03-29,2021038637,西武,ロッテ,ZOZOマリン,4,0,西武,試合終了,平良,小島,,2026シーズンの収集済み全試合。
2026,2026-09-05,2026-03-29,2021038636,中日,広島,マツダスタジアム,0,1,広島,試合終了,栗林,髙橋宏,,2026シーズンの収集済み全試合。
2026,2026-09-05,2026-03-29,2021038635,ヤクルト,DeNA,横浜,5,3,ヤクルト,試合終了,荘司,石田裕,星,2026シーズンの収集済み全試合。
2026,2026-09-05,2026-03-29,2021038634,阪神,巨人,東京ドーム,12,6,阪神,試合終了,及川,船迫,,2026シーズンの収集済み全試合。
2026,2026-09-05,2026-03-28,2021038633,日本ハム,ソフトバンク,みずほPayPay,4,6,ソフトバンク,試合終了,松本晴,達,,2026シーズンの収集済み全試合。
2026,2026-09-05,2026-03-28,2021038632,楽天,オリックス,京セラD大阪,0,6,オリックス,試合終了,九里,瀧中,,2026シーズンの収集済み全試合。
2026,2026-09-05,2026-03-28,2021038631,西武,ロッテ,ZOZOマリン,0,11,ロッテ,試合終了,田中,武内,,2026シーズンの収集済み全試合。
2026,2026-09-05,2026-03-28,2021038630,中日,広島,マツダスタジアム,1,2,広島,試合終了,ハーン,牧野,森浦,2026シーズンの収集済み全試合。
2026,2026-09-05,2026-03-28,2021038629,ヤクルト,DeNA,横浜,5,2,ヤクルト,試合終了,山野,入江,キハダ,2026シーズンの収集済み全試合。
2026,2026-09-05,2026-03-28,2021038628,阪神,巨人,東京ドーム,2,0,阪神,試合終了,髙橋,ハワード,,2026シーズンの収集済み全試合。
2026,2026-09-05,2026-03-27,2021038627,日本ハム,ソフトバンク,みずほPayPay,5,6,ソフトバンク,試合終了,松本裕,古林,杉山,2026シーズンの収集済み全試合。
2026,2026-09-05,2026-03-27,2021038626,楽天,オリックス,京セラD大阪,10,0,楽天,試合終了,荘司,宮城,,2026シーズンの収集済み全試合。
2026,2026-09-05,2026-03-27,2021038625,西武,ロッテ,ZOZOマリン,1,3,ロッテ,試合終了,毛利,渡邉,横山,2026シーズンの収集済み全試合。
2026,2026-09-05,2026-03-27,2021038624,中日,広島,マツダスタジアム,5,6,広島,試合終了,森浦,勝野,,2026シーズンの収集済み全試合。
2026,2026-09-05,2026-03-27,2021038623,ヤクルト,DeNA,横浜,3,2,ヤクルト,試合終了,吉村,東,キハダ,2026シーズンの収集済み全試合。
2026,2026-09-05,2026-03-27,2021038622,阪神,巨人,東京ドーム,1,3,巨人,試合終了,竹丸,村上,田中瑛,2026シーズンの収集済み全試合。
