シーズン,集計基準日,選手名,球団,背番号,投手役割,登板数,投球回,打者数,勝,敗,セーブ,ホールド,防御率,FIP,WHIP,奪三振率,与四球率,W-Impact,直近5登板W-Impact,一軍登録日数,サンプル不足フラグ,データの説明
2026,2026-10-05,レイノルズ,DeNA,62,抑え,60,60.1,243,4,2,17,28,1.64,1.9,0.94,12.08,3.58,111.1,90.8,,いいえ,シーズン累計の投手成績。直近値は登板した直近5試合。
2026,2026-10-05,中川 虎大,DeNA,64,中継ぎ,52,47.2,191,6,6,0,22,2.45,3.0,1.13,10.95,3.78,119.2,88.3,168,いいえ,シーズン累計の投手成績。直近値は登板した直近5試合。
2026,2026-10-05,伊勢 大夢,DeNA,13,中継ぎ,51,46.2,197,2,4,0,24,3.09,3.09,1.31,8.68,3.28,114.4,109.7,166,いいえ,シーズン累計の投手成績。直近値は登板した直近5試合。
2026,2026-10-05,ルイーズ,DeNA,49,中継ぎ,44,40.1,170,1,2,0,14,3.12,3.01,1.21,6.69,2.9,110.5,109.7,,いいえ,シーズン累計の投手成績。直近値は登板した直近5試合。
2026,2026-10-05,坂本 裕哉,DeNA,20,中継ぎ,32,30.1,140,0,1,0,4,3.26,4.95,1.52,7.12,4.45,92.4,81.6,99,いいえ,シーズン累計の投手成績。直近値は登板した直近5試合。
2026,2026-10-05,浜地 真澄,DeNA,52,中継ぎ,31,30.2,115,1,0,1,20,1.17,2.52,0.82,5.87,1.76,116.3,104.6,87,いいえ,シーズン累計の投手成績。直近値は登板した直近5試合。
2026,2026-10-05,宮城 滝太,DeNA,65,中継ぎ,30,28.2,119,0,3,0,5,3.45,3.16,1.19,8.79,2.51,108.6,97.9,109,いいえ,シーズン累計の投手成績。直近値は登板した直近5試合。
2026,2026-10-05,吉野 光樹,DeNA,24,中継ぎ,29,28,117,1,1,0,4,2.57,2.92,1.21,9.0,3.21,111.6,111.6,130,いいえ,シーズン累計の投手成績。直近値は登板した直近5試合。
2026,2026-10-05,マルセリーノ,DeNA,98,中継ぎ,26,28.1,136,1,1,0,5,5.08,3.97,1.69,9.53,4.45,100.1,94.3,,いいえ,シーズン累計の投手成績。直近値は登板した直近5試合。
2026,2026-10-05,岩田 将貴,DeNA,68,中継ぎ,26,28,117,2,0,1,4,2.25,2.42,1.21,5.14,1.93,110.7,103.6,124,いいえ,シーズン累計の投手成績。直近値は登板した直近5試合。
2026,2026-10-05,若松 尚輝,DeNA,39,中継ぎ,26,37.2,163,0,1,0,2,3.35,3.26,1.35,7.88,4.3,106.9,110.4,136,いいえ,シーズン累計の投手成績。直近値は登板した直近5試合。
2026,2026-10-05,東 克樹,DeNA,11,先発,25,161.1,642,12,6,0,0,2.4,2.88,1.02,6.69,1.56,114.4,110.4,193,いいえ,シーズン累計の投手成績。直近値は登板した直近5試合。
2026,2026-10-05,山﨑 康晃,DeNA,19,抑え,23,20.2,92,0,3,14,2,6.1,4.31,1.45,9.58,4.35,85.0,87.8,99,いいえ,シーズン累計の投手成績。直近値は登板した直近5試合。
2026,2026-10-05,石田 裕太郎,DeNA,54,先発,20,120.2,492,5,8,0,0,2.91,2.52,1.15,8.73,2.16,118.6,112.4,151,いいえ,シーズン累計の投手成績。直近値は登板した直近5試合。
2026,2026-10-05,平良 拳太郎,DeNA,59,先発,19,95.1,400,5,8,0,0,3.4,2.51,1.14,9.53,1.7,114.6,117.6,108,いいえ,シーズン累計の投手成績。直近値は登板した直近5試合。
2026,2026-10-05,松本 凌人,DeNA,38,中継ぎ,13,11,46,0,0,0,4,3.27,3.36,1.09,11.45,5.73,104.9,88.4,43,いいえ,シーズン累計の投手成績。直近値は登板した直近5試合。
2026,2026-10-05,篠木 健太郎,DeNA,30,先発,13,71.2,308,5,2,0,0,4.65,3.03,1.38,7.16,3.01,103.2,99.7,99,いいえ,シーズン累計の投手成績。直近値は登板した直近5試合。
2026,2026-10-05,馬場 皐輔,DeNA,96,中継ぎ,11,11.1,45,3,1,0,1,3.18,2.02,1.24,9.53,3.97,109.7,107.0,46,いいえ,シーズン累計の投手成績。直近値は登板した直近5試合。
2026,2026-10-05,深沢 鳳介,DeNA,43,先発,10,54.2,234,5,1,0,0,2.96,3.51,1.34,6.09,2.96,99.0,99.6,19,いいえ,シーズン累計の投手成績。直近値は登板した直近5試合。
2026,2026-10-05,石田 健大,DeNA,14,中継ぎ,9,11.1,47,0,0,0,1,3.18,4.84,1.24,8.74,1.59,92.7,111.1,61,はい,シーズン累計の投手成績。直近値は登板した直近5試合。
2026,2026-10-05,片山 皓心,DeNA,47,先発,8,44.1,191,3,2,0,0,2.64,3.13,1.2,9.14,4.47,107.4,114.8,29,はい,シーズン累計の投手成績。直近値は登板した直近5試合。
2026,2026-10-05,竹田 祐,DeNA,12,先発,8,37,159,3,4,0,0,4.62,4.46,1.35,6.32,3.41,85.2,96.9,28,はい,シーズン累計の投手成績。直近値は登板した直近5試合。
2026,2026-10-05,入江 大生,DeNA,22,先発,7,30,144,0,3,0,0,6.9,4.94,1.73,9.3,4.5,85.7,92.4,22,はい,シーズン累計の投手成績。直近値は登板した直近5試合。
2026,2026-10-05,中川 颯,DeNA,53,中継ぎ,6,9.1,42,0,0,0,0,3.86,5.38,1.71,3.86,1.93,87.1,91.8,52,はい,シーズン累計の投手成績。直近値は登板した直近5試合。
2026,2026-10-05,堀岡 隼人,DeNA,92,中継ぎ,6,8,37,0,0,0,0,7.88,4.19,1.62,7.88,4.5,91.5,95.9,35,はい,シーズン累計の投手成績。直近値は登板した直近5試合。
2026,2026-10-05,橋本 達弥,DeNA,35,中継ぎ,6,6.2,30,1,0,0,0,1.35,3.71,1.65,12.15,10.8,100.6,107.3,27,はい,シーズン累計の投手成績。直近値は登板した直近5試合。
2026,2026-10-05,島田 舜也,DeNA,15,先発,5,24.2,107,1,1,0,0,4.38,2.65,1.38,6.93,2.55,99.3,104.0,20,はい,シーズン累計の投手成績。直近値は登板した直近5試合。
2026,2026-10-05,佐々木 千隼,DeNA,41,中継ぎ,4,4,18,0,0,0,0,0.0,3.06,1.0,9.0,4.5,101.2,108.0,11,はい,シーズン累計の投手成績。直近値は登板した直近5試合。
2026,2026-10-05,藤浪 晋太郎,DeNA,27,先発,3,10,57,0,1,0,0,6.3,4.91,2.6,10.8,12.6,86.8,87.2,3,はい,シーズン累計の投手成績。直近値は登板した直近5試合。
2026,2026-10-05,山﨑 颯一郎,オリックス,21,中継ぎ,52,53,210,4,4,0,25,2.21,2.54,0.96,9.51,2.55,121.5,123.3,193,いいえ,シーズン累計の投手成績。直近値は登板した直近5試合。
2026,2026-10-05,マチャド,オリックス,42,抑え,51,52.1,200,3,1,35,7,1.2,2.67,0.84,8.08,1.2,105.2,94.8,,いいえ,シーズン累計の投手成績。直近値は登板した直近5試合。
2026,2026-10-05,椋木 蓮,オリックス,15,中継ぎ,49,47,182,2,4,1,33,1.91,2.62,0.89,6.32,1.72,116.9,95.6,174,いいえ,シーズン累計の投手成績。直近値は登板した直近5試合。
2026,2026-10-05,入山 海斗,オリックス,68,中継ぎ,39,35,146,1,0,0,4,3.09,4.26,1.03,5.66,3.6,96.6,97.6,137,いいえ,シーズン累計の投手成績。直近値は登板した直近5試合。
2026,2026-10-05,片山 楽生,オリックス,49,中継ぎ,30,43,181,2,1,0,1,3.77,4.14,1.28,5.02,2.72,93.6,100.1,137,いいえ,シーズン累計の投手成績。直近値は登板した直近5試合。
2026,2026-10-05,九里 亜蓮,オリックス,22,先発,27,163.2,688,9,12,0,0,3.19,3.44,1.24,8.25,3.57,107.4,99.6,191,いいえ,シーズン累計の投手成績。直近値は登板した直近5試合。
2026,2026-10-05,寺西 成騎,オリックス,13,中継ぎ,27,54,240,4,3,0,9,4.17,2.94,1.43,7.5,3.0,107.7,93.0,105,いいえ,シーズン累計の投手成績。直近値は登板した直近5試合。
2026,2026-10-05,権田 琉成,オリックス,98,中継ぎ,27,35.2,150,1,0,0,1,3.79,4.0,1.23,6.81,2.78,97.8,94.7,117,いいえ,シーズン累計の投手成績。直近値は登板した直近5試合。
2026,2026-10-05,吉田 輝星,オリックス,23,中継ぎ,26,21.1,91,2,2,0,8,4.22,3.75,1.36,8.86,2.95,103.7,104.4,91,いいえ,シーズン累計の投手成績。直近値は登板した直近5試合。
2026,2026-10-05,エスピノーザ,オリックス,00,先発,23,149.1,588,13,6,0,0,2.71,2.63,1.01,8.2,1.99,116.7,105.3,,いいえ,シーズン累計の投手成績。直近値は登板した直近5試合。
2026,2026-10-05,岩嵜 翔,オリックス,40,中継ぎ,23,20.2,95,0,3,0,2,6.97,5.58,1.65,5.66,6.1,82.3,94.1,76,いいえ,シーズン累計の投手成績。直近値は登板した直近5試合。
2026,2026-10-05,髙島 泰都,オリックス,96,先発,23,99.1,462,7,6,0,1,4.98,4.22,1.67,6.7,3.08,90.8,78.0,153,いいえ,シーズン累計の投手成績。直近値は登板した直近5試合。
2026,2026-10-05,ジェリー,オリックス,69,先発,21,112,480,3,10,0,0,3.38,2.79,1.3,7.23,2.33,110.0,106.3,,いいえ,シーズン累計の投手成績。直近値は登板した直近5試合。
2026,2026-10-05,博志,オリックス,66,中継ぎ,21,35,136,3,0,0,0,2.31,3.6,1.17,5.4,3.6,101.8,92.4,83,いいえ,シーズン累計の投手成績。直近値は登板した直近5試合。
2026,2026-10-05,山岡 泰輔,オリックス,19,中継ぎ,20,18.2,86,0,1,1,0,6.27,1.81,1.45,11.09,2.41,111.7,112.5,80,いいえ,シーズン累計の投手成績。直近値は登板した直近5試合。
2026,2026-10-05,富山 凌雅,オリックス,28,中継ぎ,19,17.2,78,0,1,0,2,3.06,1.81,1.36,8.15,2.55,113.1,117.4,59,いいえ,シーズン累計の投手成績。直近値は登板した直近5試合。
2026,2026-10-05,田嶋 大樹,オリックス,29,先発,18,62.2,273,2,5,0,1,5.89,4.81,1.4,6.32,2.3,81.6,116.4,80,いいえ,シーズン累計の投手成績。直近値は登板した直近5試合。
2026,2026-10-05,山田 修義,オリックス,57,中継ぎ,15,8.1,38,0,0,0,2,1.08,3.49,1.68,9.72,8.64,106.0,99.9,46,いいえ,シーズン累計の投手成績。直近値は登板した直近5試合。
2026,2026-10-05,才木 海翔,オリックス,95,中継ぎ,15,11.1,44,0,0,0,3,3.18,4.27,1.15,5.56,4.76,98.7,103.1,49,いいえ,シーズン累計の投手成績。直近値は登板した直近5試合。
2026,2026-10-05,曽谷 龍平,オリックス,17,先発,14,78.1,330,5,8,0,0,4.14,3.2,1.2,8.39,1.72,104.7,101.8,93,いいえ,シーズン累計の投手成績。直近値は登板した直近5試合。
2026,2026-10-05,東山 玲士,オリックス,54,中継ぎ,13,12.2,50,0,0,0,2,2.13,2.3,0.87,8.53,3.55,110.1,116.4,48,いいえ,シーズン累計の投手成績。直近値は登板した直近5試合。
2026,2026-10-05,阿部 翔太,オリックス,20,中継ぎ,13,10.2,61,0,0,0,0,10.12,7.74,2.53,6.75,6.75,74.8,78.6,27,いいえ,シーズン累計の投手成績。直近値は登板した直近5試合。
2026,2026-10-05,川瀬 堅斗,オリックス,94,中継ぎ,12,14,68,0,0,0,2,6.43,6.34,2.0,5.14,5.79,80.6,87.9,34,いいえ,シーズン累計の投手成績。直近値は登板した直近5試合。
2026,2026-10-05,ペルドモ,オリックス,59,中継ぎ,10,14.2,75,1,3,0,3,9.2,4.88,2.11,6.75,4.91,85.7,90.3,,いいえ,シーズン累計の投手成績。直近値は登板した直近5試合。
2026,2026-10-05,古田島 成龍,オリックス,35,中継ぎ,10,9,42,0,0,0,3,6.0,5.77,1.89,7.0,4.0,89.0,101.3,36,いいえ,シーズン累計の投手成績。直近値は登板した直近5試合。
2026,2026-10-05,宮國 凌空,オリックス,65,中継ぎ,8,13,63,0,1,0,0,9.0,2.69,2.08,5.54,3.46,95.8,106.0,40,はい,シーズン累計の投手成績。直近値は登板した直近5試合。
2026,2026-10-05,佐藤 一磨,オリックス,93,中継ぎ,7,9,49,0,1,0,0,9.0,11.88,2.44,5.0,9.0,65.7,68.1,41,はい,シーズン累計の投手成績。直近値は登板した直近5試合。
2026,2026-10-05,東松 快征,オリックス,48,中継ぎ,7,15,67,1,1,0,0,5.4,6.3,1.6,8.4,8.4,83.6,87.9,34,はい,シーズン累計の投手成績。直近値は登板した直近5試合。
2026,2026-10-05,横山 楓,オリックス,52,中継ぎ,7,6,27,1,1,0,1,3.0,0.6,1.33,16.5,3.0,113.9,117.8,29,はい,シーズン累計の投手成績。直近値は登板した直近5試合。
2026,2026-10-05,宮城 大弥,オリックス,18,先発,3,13.1,63,1,1,0,0,4.05,1.87,1.72,11.47,2.02,107.1,111.6,15,はい,シーズン累計の投手成績。直近値は登板した直近5試合。
2026,2026-10-05,山口 廉王,オリックス,47,先発,3,11.2,60,0,0,0,0,6.94,9.2,2.4,6.17,10.03,69.6,77.1,13,はい,シーズン累計の投手成績。直近値は登板した直近5試合。
2026,2026-10-05,平野 佳寿,オリックス,16,中継ぎ,3,2.1,10,0,0,0,1,3.86,6.63,1.29,7.71,0.0,96.4,99.8,22,はい,シーズン累計の投手成績。直近値は登板した直近5試合。
2026,2026-10-05,松本 裕樹,ソフトバンク,66,中継ぎ,58,56.2,226,4,5,4,32,2.22,2.52,1.02,8.42,1.27,122.8,91.7,192,いいえ,シーズン累計の投手成績。直近値は登板した直近5試合。
2026,2026-10-05,杉山 一樹,ソフトバンク,40,抑え,54,52,217,1,2,34,2,3.29,1.73,1.17,13.5,3.63,111.9,98.1,169,いいえ,シーズン累計の投手成績。直近値は登板した直近5試合。
2026,2026-10-05,津森 宥紀,ソフトバンク,11,中継ぎ,50,47,184,2,0,1,20,1.53,2.64,0.87,8.23,2.87,120.8,98.6,170,いいえ,シーズン累計の投手成績。直近値は登板した直近5試合。
2026,2026-10-05,オスナ,ソフトバンク,54,中継ぎ,46,45.1,176,2,2,0,23,2.58,2.62,0.95,8.14,1.79,119.2,110.4,,いいえ,シーズン累計の投手成績。直近値は登板した直近5試合。
2026,2026-10-05,ヘルナンデス,ソフトバンク,63,中継ぎ,45,42.2,171,1,2,0,18,1.48,2.65,0.98,10.97,3.38,124.3,105.7,,いいえ,シーズン累計の投手成績。直近値は登板した直近5試合。
2026,2026-10-05,鈴木 豪太,ソフトバンク,26,中継ぎ,39,46.1,177,3,1,0,5,1.75,2.58,0.82,7.58,1.75,117.0,113.2,183,いいえ,シーズン累計の投手成績。直近値は登板した直近5試合。
2026,2026-10-05,木村 光,ソフトバンク,68,中継ぎ,38,36,150,3,0,0,10,2.75,5.19,1.19,6.5,3.5,94.4,76.9,141,いいえ,シーズン累計の投手成績。直近値は登板した直近5試合。
2026,2026-10-05,上茶谷 大河,ソフトバンク,64,中継ぎ,35,88,360,8,2,1,10,3.17,4.14,1.16,8.08,2.45,103.9,91.9,182,いいえ,シーズン累計の投手成績。直近値は登板した直近5試合。
2026,2026-10-05,伊藤 優輔,ソフトバンク,42,中継ぎ,33,36,156,1,0,0,1,2.0,3.27,1.53,7.25,5.0,109.7,111.4,156,いいえ,シーズン累計の投手成績。直近値は登板した直近5試合。
2026,2026-10-05,尾形 崇斗,ソフトバンク,39,先発,27,98.2,410,6,5,0,0,3.28,3.44,1.14,9.67,3.65,110.3,98.2,166,いいえ,シーズン累計の投手成績。直近値は登板した直近5試合。
2026,2026-10-05,上沢 直之,ソフトバンク,10,先発,22,135.1,557,10,4,0,0,2.39,2.91,1.12,8.58,2.0,117.7,119.3,140,いいえ,シーズン累計の投手成績。直近値は登板した直近5試合。
2026,2026-10-05,大津 亮介,ソフトバンク,19,先発,22,144.1,576,12,5,0,0,2.68,3.52,1.06,7.05,1.68,106.9,100.7,161,いいえ,シーズン累計の投手成績。直近値は登板した直近5試合。
2026,2026-10-05,松本 晴,ソフトバンク,49,先発,22,125.1,509,12,3,0,0,2.66,3.22,1.14,9.05,2.87,111.9,101.6,133,いいえ,シーズン累計の投手成績。直近値は登板した直近5試合。
2026,2026-10-05,前田 悠伍,ソフトバンク,41,先発,18,104,425,12,1,0,0,1.99,2.86,1.09,7.44,2.34,112.5,118.7,116,いいえ,シーズン累計の投手成績。直近値は登板した直近5試合。
2026,2026-10-05,スチュワート・ジュニア,ソフトバンク,2,先発,14,63.2,296,6,5,0,0,5.23,4.01,1.68,8.06,4.38,96.6,102.0,,いいえ,シーズン累計の投手成績。直近値は登板した直近5試合。
2026,2026-10-05,大関 友久,ソフトバンク,47,先発,10,57.1,257,3,4,0,0,5.34,5.11,1.55,5.65,3.14,81.1,74.5,56,いいえ,シーズン累計の投手成績。直近値は登板した直近5試合。
2026,2026-10-05,小林 樹斗,ソフトバンク,95,中継ぎ,10,14.2,56,0,0,0,1,3.07,3.93,0.95,8.59,1.23,102.4,120.5,59,いいえ,シーズン累計の投手成績。直近値は登板した直近5試合。
2026,2026-10-05,モイネロ,ソフトバンク,35,先発,7,47.1,175,6,1,0,0,0.76,2.98,0.7,6.46,2.09,114.2,110.5,,はい,シーズン累計の投手成績。直近値は登板した直近5試合。
2026,2026-10-05,中村 稔弥,ソフトバンク,30,中継ぎ,7,10,38,0,0,0,0,2.7,2.77,0.7,7.2,0.0,106.2,108.0,61,はい,シーズン累計の投手成績。直近値は登板した直近5試合。
2026,2026-10-05,徐 若熙,ソフトバンク,18,先発,7,31.2,140,2,3,0,0,4.83,4.19,1.58,7.96,3.13,96.8,92.0,30,はい,シーズン累計の投手成績。直近値は登板した直近5試合。
2026,2026-10-05,大竹 風雅,ソフトバンク,59,中継ぎ,6,7,31,0,0,0,0,0.0,2.48,1.43,9.0,5.14,107.5,115.3,49,はい,シーズン累計の投手成績。直近値は登板した直近5試合。
2026,2026-10-05,岩井 俊介,ソフトバンク,27,中継ぎ,5,6,26,0,0,0,0,0.0,4.27,1.5,9.0,7.5,102.7,107.2,30,はい,シーズン累計の投手成績。直近値は登板した直近5試合。
2026,2026-10-05,前田 純,ソフトバンク,51,先発,4,20.2,82,1,1,0,0,3.48,1.42,1.21,8.71,1.74,110.4,111.1,12,はい,シーズン累計の投手成績。直近値は登板した直近5試合。
2026,2026-10-05,大山 凌,ソフトバンク,53,中継ぎ,4,3.1,17,0,0,0,0,10.8,6.67,2.1,8.1,5.4,90.5,94.4,17,はい,シーズン累計の投手成績。直近値は登板した直近5試合。
2026,2026-10-05,大野 稼頭央,ソフトバンク,60,中継ぎ,4,8,41,0,0,0,0,5.62,5.77,1.88,5.62,5.62,88.0,84.1,26,はい,シーズン累計の投手成績。直近値は登板した直近5試合。
2026,2026-10-05,大江 竜聖,ソフトバンク,29,中継ぎ,3,3,12,0,0,0,0,0.0,1.77,1.0,9.0,0.0,104.5,107.5,11,はい,シーズン累計の投手成績。直近値は登板した直近5試合。
2026,2026-10-05,星 知弥,ヤクルト,24,中継ぎ,49,46,195,1,4,1,31,2.74,3.46,1.33,5.87,3.33,109.0,108.0,174,いいえ,シーズン累計の投手成績。直近値は登板した直近5試合。
2026,2026-10-05,清水 昇,ヤクルト,17,中継ぎ,49,43,179,2,4,5,19,3.56,3.04,1.23,8.58,1.67,114.3,78.1,193,いいえ,シーズン累計の投手成績。直近値は登板した直近5試合。
2026,2026-10-05,キハダ,ヤクルト,11,抑え,41,37.1,179,2,7,21,2,3.86,3.83,1.61,13.26,6.75,95.1,83.5,,いいえ,シーズン累計の投手成績。直近値は登板した直近5試合。
2026,2026-10-05,廣澤 優,ヤクルト,70,中継ぎ,41,39.2,164,3,2,0,8,2.95,3.36,1.11,6.58,3.86,107.2,90.4,176,いいえ,シーズン累計の投手成績。直近値は登板した直近5試合。
2026,2026-10-05,丸山 翔大,ヤクルト,68,中継ぎ,40,43.2,179,0,2,0,7,3.71,2.99,1.08,9.48,2.68,114.4,105.7,178,いいえ,シーズン累計の投手成績。直近値は登板した直近5試合。
2026,2026-10-05,リランソ,ヤクルト,62,中継ぎ,39,36.2,152,2,3,0,10,1.23,2.86,1.06,9.82,4.91,119.4,114.2,,いいえ,シーズン累計の投手成績。直近値は登板した直近5試合。
2026,2026-10-05,阪口 皓亮,ヤクルト,66,中継ぎ,33,29.1,123,0,1,0,4,3.38,3.46,1.19,7.06,3.68,104.9,81.0,131,いいえ,シーズン累計の投手成績。直近値は登板した直近5試合。
2026,2026-10-05,荘司 宏太,ヤクルト,30,中継ぎ,25,26.2,124,3,0,0,3,4.72,3.15,1.69,12.49,6.07,110.9,109.9,113,いいえ,シーズン累計の投手成績。直近値は登板した直近5試合。
2026,2026-10-05,山野 太一,ヤクルト,26,先発,24,155.1,624,12,4,0,0,2.38,2.82,0.98,8.4,1.8,118.6,111.0,167,いいえ,シーズン累計の投手成績。直近値は登板した直近5試合。
2026,2026-10-05,奥川 恭伸,ヤクルト,18,先発,23,156,614,7,11,0,0,2.88,3.29,1.04,6.87,1.96,109.3,104.4,165,いいえ,シーズン累計の投手成績。直近値は登板した直近5試合。
2026,2026-10-05,ウォルターズ,ヤクルト,58,抑え,22,43.1,194,3,4,5,4,4.36,4.19,1.41,8.31,4.36,83.6,90.2,,いいえ,シーズン累計の投手成績。直近値は登板した直近5試合。
2026,2026-10-05,松本 健吾,ヤクルト,28,先発,22,103.1,441,6,5,0,0,4.18,3.28,1.34,7.58,2.35,104.9,98.3,153,いいえ,シーズン累計の投手成績。直近値は登板した直近5試合。
2026,2026-10-05,石原 勇輝,ヤクルト,35,中継ぎ,21,18.1,80,0,1,0,2,3.93,3.46,1.15,8.35,3.44,102.9,107.1,65,いいえ,シーズン累計の投手成績。直近値は登板した直近5試合。
2026,2026-10-05,吉村 貢司郎,ヤクルト,21,先発,20,110.1,464,4,12,0,0,4.98,4.58,1.21,7.1,2.28,90.1,82.6,145,いいえ,シーズン累計の投手成績。直近値は登板した直近5試合。
2026,2026-10-05,高橋 奎二,ヤクルト,47,先発,17,91.2,405,5,7,0,0,4.52,3.84,1.44,8.74,3.34,99.8,100.3,129,いいえ,シーズン累計の投手成績。直近値は登板した直近5試合。
2026,2026-10-05,高梨 裕稔,ヤクルト,40,先発,15,86.2,364,6,3,0,0,2.6,3.36,1.19,8.1,2.49,107.6,104.6,93,いいえ,シーズン累計の投手成績。直近値は登板した直近5試合。
2026,2026-10-05,大西 広樹,ヤクルト,44,中継ぎ,14,10.2,58,0,0,0,3,11.81,6.56,2.44,4.22,5.06,77.8,99.1,63,いいえ,シーズン累計の投手成績。直近値は登板した直近5試合。
2026,2026-10-05,田口 麗斗,ヤクルト,34,中継ぎ,14,14.1,71,1,0,0,1,3.14,4.76,1.74,6.91,3.77,94.5,90.8,61,いいえ,シーズン累計の投手成績。直近値は登板した直近5試合。
2026,2026-10-05,小澤 怜史,ヤクルト,45,中継ぎ,11,18.1,76,0,0,0,0,3.93,3.79,1.2,10.31,2.95,102.5,94.9,76,いいえ,シーズン累計の投手成績。直近値は登板した直近5試合。
2026,2026-10-05,木澤 尚文,ヤクルト,20,中継ぎ,11,9.2,43,0,0,0,3,2.79,4.88,1.66,4.66,7.45,94.7,90.5,53,いいえ,シーズン累計の投手成績。直近値は登板した直近5試合。
2026,2026-10-05,小川 泰弘,ヤクルト,29,先発,8,41,183,1,5,0,0,5.49,4.86,1.44,5.93,3.73,83.1,88.7,32,はい,シーズン累計の投手成績。直近値は登板した直近5試合。
2026,2026-10-05,増居 翔太,ヤクルト,43,先発,7,33,128,1,1,0,1,3.0,4.29,0.94,5.73,3.55,94.7,91.0,28,はい,シーズン累計の投手成績。直近値は登板した直近5試合。
2026,2026-10-05,拓也,ヤクルト,41,中継ぎ,7,6.2,36,0,0,0,0,13.5,6.71,2.4,8.1,5.4,81.0,78.2,28,はい,シーズン累計の投手成績。直近値は登板した直近5試合。
2026,2026-10-05,下川 隼佑,ヤクルト,69,中継ぎ,3,7.1,35,0,1,0,0,6.14,3.49,1.91,6.14,4.91,92.8,99.8,9,はい,シーズン累計の投手成績。直近値は登板した直近5試合。
2026,2026-10-05,中村 優斗,ヤクルト,15,中継ぎ,3,4,17,0,0,0,1,4.5,1.06,1.25,11.25,2.25,102.8,109.6,18,はい,シーズン累計の投手成績。直近値は登板した直近5試合。
2026,2026-10-05,横山 陸人,ロッテ,15,抑え,54,52.1,223,3,3,34,7,2.41,3.36,1.18,6.02,3.44,94.2,89.2,193,いいえ,シーズン累計の投手成績。直近値は登板した直近5試合。
2026,2026-10-05,鈴木 昭汰,ロッテ,47,中継ぎ,54,51.2,205,6,3,1,32,2.44,3.2,1.06,7.14,2.09,112.8,102.9,193,いいえ,シーズン累計の投手成績。直近値は登板した直近5試合。
2026,2026-10-05,八木 彬,ロッテ,33,中継ぎ,45,59,229,9,1,0,11,2.14,3.23,0.95,6.56,1.98,110.5,86.7,179,いいえ,シーズン累計の投手成績。直近値は登板した直近5試合。
2026,2026-10-05,澤田 圭佑,ロッテ,54,中継ぎ,42,41.1,173,2,1,0,11,4.14,3.71,1.14,8.27,1.52,104.8,104.9,189,いいえ,シーズン累計の投手成績。直近値は登板した直近5試合。
2026,2026-10-05,中森 俊介,ロッテ,56,中継ぎ,40,39.1,158,7,1,1,17,2.29,3.08,1.02,8.01,2.29,113.1,106.6,154,いいえ,シーズン累計の投手成績。直近値は登板した直近5試合。
2026,2026-10-05,小野 郁,ロッテ,37,中継ぎ,40,43.1,170,2,3,0,6,2.28,3.21,0.97,8.1,2.49,111.3,103.7,162,いいえ,シーズン累計の投手成績。直近値は登板した直近5試合。
2026,2026-10-05,益田 直也,ロッテ,52,中継ぎ,39,39,157,1,0,2,4,3.0,4.23,1.08,5.77,2.77,97.7,111.7,193,いいえ,シーズン累計の投手成績。直近値は登板した直近5試合。
2026,2026-10-05,高野 脩汰,ロッテ,34,中継ぎ,32,66,276,4,4,0,4,2.86,3.62,1.17,9.14,2.59,107.6,111.3,158,いいえ,シーズン累計の投手成績。直近値は登板した直近5試合。
2026,2026-10-05,坂本 光士郎,ロッテ,36,中継ぎ,29,35,150,2,1,0,1,3.86,2.57,1.29,10.29,4.11,114.8,111.0,139,いいえ,シーズン累計の投手成績。直近値は登板した直近5試合。
2026,2026-10-05,ロング,ロッテ,73,先発,26,68.2,307,1,7,0,7,4.98,4.68,1.57,6.16,4.06,87.8,81.7,,いいえ,シーズン累計の投手成績。直近値は登板した直近5試合。
2026,2026-10-05,ジャクソン,ロッテ,42,先発,25,150.2,625,9,9,0,0,3.46,3.58,1.19,8.36,3.46,104.7,96.7,,いいえ,シーズン累計の投手成績。直近値は登板した直近5試合。
2026,2026-10-05,小島 和哉,ロッテ,14,先発,19,110.1,473,5,9,0,0,3.67,3.93,1.29,7.18,3.02,97.8,104.3,128,いいえ,シーズン累計の投手成績。直近値は登板した直近5試合。
2026,2026-10-05,毛利 海大,ロッテ,13,先発,17,80.1,357,3,6,0,0,5.27,4.01,1.51,5.27,3.25,88.7,91.7,87,いいえ,シーズン累計の投手成績。直近値は登板した直近5試合。
2026,2026-10-05,廣池 康志郎,ロッテ,64,先発,16,85.1,368,2,6,0,0,4.32,3.98,1.3,6.01,2.32,95.1,86.7,114,いいえ,シーズン累計の投手成績。直近値は登板した直近5試合。
2026,2026-10-05,田中 晴也,ロッテ,35,先発,16,88.1,379,2,5,0,0,4.08,3.13,1.27,8.56,2.95,109.1,120.2,119,いいえ,シーズン累計の投手成績。直近値は登板した直近5試合。
2026,2026-10-05,宮﨑 颯,ロッテ,66,中継ぎ,11,12,54,0,0,0,0,6.0,5.35,1.25,6.0,3.0,89.8,99.0,66,いいえ,シーズン累計の投手成績。直近値は登板した直近5試合。
2026,2026-10-05,河村 説人,ロッテ,58,先発,9,49,209,1,4,0,0,4.59,4.85,1.37,4.04,2.2,83.0,85.4,42,はい,シーズン累計の投手成績。直近値は登板した直近5試合。
2026,2026-10-05,カスティーヨ,ロッテ,11,中継ぎ,7,5.2,24,0,1,0,0,1.59,2.59,0.88,3.18,1.59,102.8,105.4,,はい,シーズン累計の投手成績。直近値は登板した直近5試合。
2026,2026-10-05,石川 柊太,ロッテ,21,中継ぎ,6,15.1,74,0,1,0,0,7.63,6.42,1.83,5.87,4.11,83.4,83.7,58,はい,シーズン累計の投手成績。直近値は登板した直近5試合。
2026,2026-10-05,西野 勇士,ロッテ,29,先発,6,34.2,144,1,2,0,0,4.41,4.21,1.27,4.67,1.82,88.6,93.3,33,はい,シーズン累計の投手成績。直近値は登板した直近5試合。
2026,2026-10-05,髙橋 快秀,ロッテ,93,中継ぎ,6,7,29,0,0,0,1,6.43,4.77,1.29,5.14,3.86,93.3,97.6,23,はい,シーズン累計の投手成績。直近値は登板した直近5試合。
2026,2026-10-05,ルケーシー,ロッテ,48,先発,5,29,115,1,2,0,0,3.1,2.49,0.97,8.38,3.1,109.4,111.0,,はい,シーズン累計の投手成績。直近値は登板した直近5試合。
2026,2026-10-05,廣畑 敦也,ロッテ,30,中継ぎ,4,8,42,0,0,0,0,9.0,8.39,1.88,3.38,2.25,75.4,68.8,30,はい,シーズン累計の投手成績。直近値は登板した直近5試合。
2026,2026-10-05,吉川 悠斗,ロッテ,91,先発,3,14,66,1,2,0,0,7.71,4.77,1.79,7.07,5.14,84.0,87.0,10,はい,シーズン累計の投手成績。直近値は登板した直近5試合。
2026,2026-10-05,木村 優人,ロッテ,53,先発,3,16,68,0,1,0,0,5.62,5.14,1.31,6.19,3.94,87.1,85.9,17,はい,シーズン累計の投手成績。直近値は登板した直近5試合。
2026,2026-10-05,齋藤 綱記,中日,59,中継ぎ,53,43,177,4,3,0,13,2.93,3.21,1.07,10.05,2.93,113.4,122.3,183,いいえ,シーズン累計の投手成績。直近値は登板した直近5試合。
2026,2026-10-05,吉田 聖弥,中日,47,中継ぎ,52,48,203,1,4,0,27,2.44,3.06,1.21,9.38,5.81,116.7,114.0,176,いいえ,シーズン累計の投手成績。直近値は登板した直近5試合。
2026,2026-10-05,松山 晋也,中日,90,抑え,45,42.1,176,1,4,31,4,1.7,2.34,1.06,9.99,2.76,106.6,95.8,181,いいえ,シーズン累計の投手成績。直近値は登板した直近5試合。
2026,2026-10-05,橋本 侑樹,中日,13,中継ぎ,45,39.1,169,4,4,0,18,4.58,3.06,1.25,9.61,2.75,111.5,94.3,143,いいえ,シーズン累計の投手成績。直近値は登板した直近5試合。
2026,2026-10-05,藤嶋 健人,中日,54,中継ぎ,45,39.2,170,3,2,0,7,3.86,4.75,1.36,5.45,4.31,88.7,81.2,160,いいえ,シーズン累計の投手成績。直近値は登板した直近5試合。
2026,2026-10-05,金丸 夢斗,中日,21,先発,25,160.2,663,5,12,0,0,2.91,2.98,1.2,8.18,1.9,114.0,108.3,188,いいえ,シーズン累計の投手成績。直近値は登板した直近5試合。
2026,2026-10-05,アブレウ,中日,28,中継ぎ,24,24,114,1,1,0,2,4.12,3.06,1.67,12.0,6.38,109.6,102.1,,いいえ,シーズン累計の投手成績。直近値は登板した直近5試合。
2026,2026-10-05,柳 裕也,中日,17,先発,24,150,614,7,5,0,0,2.34,2.96,1.17,7.32,2.28,112.6,114.4,174,いいえ,シーズン累計の投手成績。直近値は登板した直近5試合。
2026,2026-10-05,草加 勝,中日,14,中継ぎ,24,24.1,108,0,1,0,1,2.59,3.39,1.36,7.77,3.33,104.1,109.6,123,いいえ,シーズン累計の投手成績。直近値は登板した直近5試合。
2026,2026-10-05,牧野 憲伸,中日,68,中継ぎ,23,17.1,77,0,3,0,2,4.15,5.52,1.5,5.71,5.19,86.0,88.1,83,いいえ,シーズン累計の投手成績。直近値は登板した直近5試合。
2026,2026-10-05,大野 雄大,中日,22,先発,22,143,571,10,7,0,0,2.45,4.03,1.04,6.04,2.45,96.4,78.6,147,いいえ,シーズン累計の投手成績。直近値は登板した直近5試合。
2026,2026-10-05,伊藤 茉央,中日,32,中継ぎ,20,16.2,71,1,1,0,0,3.78,3.83,1.26,4.86,1.62,96.0,89.7,98,いいえ,シーズン累計の投手成績。直近値は登板した直近5試合。
2026,2026-10-05,髙橋 宏斗,中日,19,先発,19,123.2,496,5,7,0,0,2.62,2.02,1.08,9.82,2.69,125.4,127.4,121,いいえ,シーズン累計の投手成績。直近値は登板した直近5試合。
2026,2026-10-05,マラー,中日,93,先発,18,111.1,454,6,8,0,0,2.91,3.22,1.11,7.19,2.02,107.3,104.0,,いいえ,シーズン累計の投手成績。直近値は登板した直近5試合。
2026,2026-10-05,メヒア,中日,91,中継ぎ,18,17,74,0,1,0,4,3.18,3.1,1.35,6.88,2.12,103.3,105.0,,いいえ,シーズン累計の投手成績。直近値は登板した直近5試合。
2026,2026-10-05,杉浦 稔大,中日,33,中継ぎ,18,17.2,79,1,2,0,5,3.57,3.32,1.53,8.66,4.58,104.3,113.8,67,いいえ,シーズン累計の投手成績。直近値は登板した直近5試合。
2026,2026-10-05,森 博人,中日,62,中継ぎ,15,13,49,1,0,0,5,0.0,1.12,0.85,13.85,3.46,124.5,121.6,47,いいえ,シーズン累計の投手成績。直近値は登板した直近5試合。
2026,2026-10-05,櫻井 頼之介,中日,16,先発,14,57.2,256,2,5,0,2,5.31,3.94,1.47,8.74,3.12,95.2,85.0,65,いいえ,シーズン累計の投手成績。直近値は登板した直近5試合。
2026,2026-10-05,涌井 秀章,中日,20,先発,12,64.1,268,4,3,0,0,3.92,3.57,1.26,6.44,0.98,97.2,89.2,65,いいえ,シーズン累計の投手成績。直近値は登板した直近5試合。
2026,2026-10-05,根尾 昂,中日,30,中継ぎ,9,9,40,1,1,0,0,5.0,5.59,1.33,13.0,3.0,90.3,73.7,37,はい,シーズン累計の投手成績。直近値は登板した直近5試合。
2026,2026-10-05,中西 聖輝,中日,11,先発,8,38,177,2,4,0,0,6.39,3.89,1.55,9.47,4.74,95.1,92.2,35,はい,シーズン累計の投手成績。直近値は登板した直近5試合。
2026,2026-10-05,勝野 昌慶,中日,41,中継ぎ,7,5.2,33,0,2,0,0,9.53,5.63,2.29,14.29,11.12,89.0,91.6,19,はい,シーズン累計の投手成績。直近値は登板した直近5試合。
2026,2026-10-05,清水 達也,中日,50,中継ぎ,6,5.1,35,0,0,0,0,11.81,6.56,3.75,6.75,8.44,81.7,95.9,16,はい,シーズン累計の投手成績。直近値は登板した直近5試合。
2026,2026-10-05,仲地 礼亜,中日,26,中継ぎ,5,11,52,0,0,0,0,9.0,3.36,1.82,9.0,4.09,93.6,98.7,34,はい,シーズン累計の投手成績。直近値は登板した直近5試合。
2026,2026-10-05,三浦 瑞樹,中日,69,中継ぎ,4,5.2,25,0,0,0,0,1.59,2.28,1.59,9.53,4.76,103.0,110.8,26,はい,シーズン累計の投手成績。直近値は登板した直近5試合。
2026,2026-10-05,近藤 廉,中日,70,中継ぎ,4,3.1,18,0,0,0,0,16.2,3.71,2.7,8.1,8.1,90.9,95.0,42,はい,シーズン累計の投手成績。直近値は登板した直近5試合。
2026,2026-10-05,宮内 春輝,中日,53,中継ぎ,3,3,11,0,0,0,0,0.0,1.14,0.67,12.0,0.0,104.2,110.4,15,はい,シーズン累計の投手成績。直近値は登板した直近5試合。
2026,2026-10-05,松葉 貴大,中日,38,先発,3,16,71,0,1,0,0,5.62,4.44,1.38,5.06,2.81,86.4,86.7,3,はい,シーズン累計の投手成績。直近値は登板した直近5試合。
2026,2026-10-05,福 敬登,中日,34,中継ぎ,3,2.1,9,0,0,0,0,3.86,7.95,1.29,7.71,3.86,89.6,93.2,13,はい,シーズン累計の投手成績。直近値は登板した直近5試合。
2026,2026-10-05,篠﨑 国忠,中日,52,中継ぎ,3,2.2,12,0,0,0,0,3.38,1.69,1.5,10.12,3.38,99.4,105.2,26,はい,シーズン累計の投手成績。直近値は登板した直近5試合。
2026,2026-10-05,田中 瑛斗,巨人,45,中継ぎ,60,52.1,212,3,3,2,41,1.55,2.87,1.13,5.16,2.92,114.3,110.5,193,いいえ,シーズン累計の投手成績。直近値は登板した直近5試合。
2026,2026-10-05,マルティネス,巨人,92,抑え,56,52.1,194,5,3,42,3,1.38,1.91,0.78,9.63,2.06,111.5,103.0,,いいえ,シーズン累計の投手成績。直近値は登板した直近5試合。
2026,2026-10-05,中川 皓太,巨人,41,中継ぎ,49,36.2,147,3,1,0,22,2.7,2.37,0.95,9.33,1.47,119.9,111.3,182,いいえ,シーズン累計の投手成績。直近値は登板した直近5試合。
2026,2026-10-05,船迫 大雅,巨人,58,中継ぎ,48,33.1,133,4,1,0,16,2.43,3.5,1.08,6.48,3.51,105.2,110.6,193,いいえ,シーズン累計の投手成績。直近値は登板した直近5試合。
2026,2026-10-05,赤星 優志,巨人,31,中継ぎ,41,52,222,6,4,0,5,2.94,3.31,1.25,6.06,2.6,103.3,93.5,171,いいえ,シーズン累計の投手成績。直近値は登板した直近5試合。
2026,2026-10-05,堀田 賢慎,巨人,91,中継ぎ,39,38,151,1,2,0,10,1.18,2.89,1.0,6.16,3.32,111.5,99.1,155,いいえ,シーズン累計の投手成績。直近値は登板した直近5試合。
2026,2026-10-05,大勢,巨人,15,中継ぎ,32,29.1,110,1,1,3,22,2.15,2.16,0.72,10.12,1.84,122.4,110.1,103,いいえ,シーズン累計の投手成績。直近値は登板した直近5試合。
2026,2026-10-05,田和 廉,巨人,30,中継ぎ,32,28.1,120,0,0,0,3,1.91,3.8,1.2,5.72,4.13,99.7,90.2,107,いいえ,シーズン累計の投手成績。直近値は登板した直近5試合。
2026,2026-10-05,森田 駿哉,巨人,47,中継ぎ,31,38.2,160,0,0,0,12,2.56,3.25,1.11,7.45,2.56,108.2,118.2,112,いいえ,シーズン累計の投手成績。直近値は登板した直近5試合。
2026,2026-10-05,井上 温大,巨人,97,先発,23,147,572,10,8,0,0,2.02,2.27,0.98,8.94,1.84,123.7,126.7,148,いいえ,シーズン累計の投手成績。直近値は登板した直近5試合。
2026,2026-10-05,竹丸 和幸,巨人,21,先発,22,126.2,535,11,9,0,0,3.27,3.02,1.27,10.09,2.84,111.3,112.1,136,いいえ,シーズン累計の投手成績。直近値は登板した直近5試合。
2026,2026-10-05,高梨 雄平,巨人,53,中継ぎ,18,10,50,1,0,0,5,2.7,4.61,2.0,11.7,5.4,99.5,92.5,79,いいえ,シーズン累計の投手成績。直近値は登板した直近5試合。
2026,2026-10-05,則本 昂大,巨人,43,先発,16,59.1,260,3,4,0,0,4.85,4.48,1.55,6.37,3.03,86.1,113.6,87,いいえ,シーズン累計の投手成績。直近値は登板した直近5試合。
2026,2026-10-05,泉 圭輔,巨人,63,中継ぎ,16,14.2,61,0,0,0,0,2.45,4.17,1.36,5.52,2.45,94.2,97.2,78,いいえ,シーズン累計の投手成績。直近値は登板した直近5試合。
2026,2026-10-05,ウィットリー,巨人,26,先発,14,81.2,325,3,4,0,0,2.31,2.77,1.03,10.69,3.97,116.1,128.5,,いいえ,シーズン累計の投手成績。直近値は登板した直近5試合。
2026,2026-10-05,戸郷 翔征,巨人,20,先発,14,80,330,5,3,0,0,2.48,3.46,1.02,9.22,2.7,105.2,94.3,94,いいえ,シーズン累計の投手成績。直近値は登板した直近5試合。
2026,2026-10-05,北浦 竜次,巨人,56,中継ぎ,13,12.1,55,0,0,0,2,8.03,5.65,1.54,5.84,2.92,82.4,89.2,48,いいえ,シーズン累計の投手成績。直近値は登板した直近5試合。
2026,2026-10-05,田中 将大,巨人,11,先発,13,68.1,295,4,4,0,0,3.42,2.96,1.42,6.45,3.03,102.8,101.8,70,いいえ,シーズン累計の投手成績。直近値は登板した直近5試合。
2026,2026-10-05,西舘 勇陽,巨人,17,先発,13,54,230,2,4,0,0,2.83,4.01,1.22,10.5,4.17,100.3,111.7,72,いいえ,シーズン累計の投手成績。直近値は登板した直近5試合。
2026,2026-10-05,ルシアーノ,巨人,48,中継ぎ,12,12,51,0,1,0,6,5.25,5.06,1.42,7.5,5.25,91.7,83.1,,いいえ,シーズン累計の投手成績。直近値は登板した直近5試合。
2026,2026-10-05,代木 大和,巨人,25,中継ぎ,12,26.2,110,1,0,0,1,2.36,3.37,1.05,7.42,3.04,100.7,109.4,63,いいえ,シーズン累計の投手成績。直近値は登板した直近5試合。
2026,2026-10-05,小笠原 慎之介,巨人,98,先発,11,66.1,263,5,4,0,0,2.31,2.69,0.98,7.33,1.63,109.6,103.1,78,いいえ,シーズン累計の投手成績。直近値は登板した直近5試合。
2026,2026-10-05,平内 龍太,巨人,66,中継ぎ,8,8.2,33,0,0,0,1,0.0,2.58,0.81,4.15,1.04,104.8,112.3,56,はい,シーズン累計の投手成績。直近値は登板した直近5試合。
2026,2026-10-05,ハワード,巨人,28,先発,7,37.1,153,3,3,0,0,1.93,2.3,1.15,10.12,3.13,114.8,114.9,,はい,シーズン累計の投手成績。直近値は登板した直近5試合。
2026,2026-10-05,マタ,巨人,42,先発,7,34,147,2,1,0,0,2.65,2.87,1.26,10.06,5.56,108.9,108.8,,はい,シーズン累計の投手成績。直近値は登板した直近5試合。
2026,2026-10-05,石川 達也,巨人,65,中継ぎ,7,7.1,38,0,0,0,0,14.73,6.63,2.59,6.14,4.91,74.0,89.2,18,はい,シーズン累計の投手成績。直近値は登板した直近5試合。
2026,2026-10-05,又木 鉄平,巨人,46,中継ぎ,5,15,72,1,1,0,0,4.8,3.41,2.0,5.4,4.2,94.8,102.3,31,はい,シーズン累計の投手成績。直近値は登板した直近5試合。
2026,2026-10-05,宮原 駿介,巨人,57,中継ぎ,5,4.1,20,1,0,0,0,2.08,3.5,2.08,6.23,6.23,97.1,102.0,24,はい,シーズン累計の投手成績。直近値は登板した直近5試合。
2026,2026-10-05,山﨑 伊織,巨人,19,先発,5,29.1,131,1,1,0,0,4.91,4.07,1.5,6.75,3.99,91.1,94.8,29,はい,シーズン累計の投手成績。直近値は登板した直近5試合。
2026,2026-10-05,森浦 大輔,広島,13,抑え,60,58.2,237,5,2,25,12,2.45,1.91,1.04,12.43,2.45,110.5,115.9,193,いいえ,シーズン累計の投手成績。直近値は登板した直近5試合。
2026,2026-10-05,遠藤 淳志,広島,66,中継ぎ,59,58.2,235,5,2,0,22,2.3,2.93,1.02,9.36,2.45,117.7,122.3,170,いいえ,シーズン累計の投手成績。直近値は登板した直近5試合。
2026,2026-10-05,髙 太一,広島,22,中継ぎ,52,48,198,3,2,0,22,2.06,2.5,1.15,9.19,3.0,121.4,107.9,170,いいえ,シーズン累計の投手成績。直近値は登板した直近5試合。
2026,2026-10-05,ハーン,広島,68,中継ぎ,37,35.1,145,2,2,1,26,1.53,1.28,0.99,11.46,2.55,135.6,109.6,,いいえ,シーズン累計の投手成績。直近値は登板した直近5試合。
2026,2026-10-05,辻 大雅,広島,98,中継ぎ,36,32.2,142,2,2,0,6,4.68,4.25,1.44,9.37,5.51,98.0,114.9,118,いいえ,シーズン累計の投手成績。直近値は登板した直近5試合。
2026,2026-10-05,鈴木 健矢,広島,41,中継ぎ,34,66.1,270,3,2,0,2,2.58,3.97,1.13,4.34,2.17,95.4,87.0,182,いいえ,シーズン累計の投手成績。直近値は登板した直近5試合。
2026,2026-10-05,塹江 敦哉,広島,36,中継ぎ,28,31.1,127,1,2,0,0,3.45,2.62,1.15,9.19,3.73,110.8,95.8,105,いいえ,シーズン累計の投手成績。直近値は登板した直近5試合。
2026,2026-10-05,中﨑 翔太,広島,21,抑え,27,25.1,108,1,4,6,6,3.2,3.84,1.26,7.46,4.62,83.1,107.9,103,いいえ,シーズン累計の投手成績。直近値は登板した直近5試合。
2026,2026-10-05,岡本 駿,広島,53,先発,26,101.2,428,7,7,0,4,4.25,3.36,1.28,7.35,3.01,100.9,86.2,142,いいえ,シーズン累計の投手成績。直近値は登板した直近5試合。
2026,2026-10-05,床田 寛樹,広島,19,先発,23,143.1,598,8,6,0,0,2.76,3.7,1.23,5.27,2.26,98.0,92.6,152,いいえ,シーズン累計の投手成績。直近値は登板した直近5試合。
2026,2026-10-05,森下 暢仁,広島,18,先発,23,137.2,583,7,11,0,0,3.6,3.78,1.25,7.32,3.33,99.3,104.1,160,いいえ,シーズン累計の投手成績。直近値は登板した直近5試合。
2026,2026-10-05,ターノック,広島,42,中継ぎ,22,55.1,240,0,6,0,7,3.74,2.29,1.28,8.95,3.42,118.7,110.5,,いいえ,シーズン累計の投手成績。直近値は登板した直近5試合。
2026,2026-10-05,栗林 良吏,広島,20,先発,18,117.1,459,7,6,0,0,2.68,2.39,0.93,7.67,1.38,117.3,103.0,133,いいえ,シーズン累計の投手成績。直近値は登板した直近5試合。
2026,2026-10-05,森 翔平,広島,16,先発,18,93,381,3,6,0,0,3.58,3.85,1.19,7.55,2.61,97.0,88.3,117,いいえ,シーズン累計の投手成績。直近値は登板した直近5試合。
2026,2026-10-05,益田 武尚,広島,26,中継ぎ,16,17.2,85,0,0,0,0,5.09,2.81,1.81,6.11,3.06,100.0,103.9,90,いいえ,シーズン累計の投手成績。直近値は登板した直近5試合。
2026,2026-10-05,大瀬良 大地,広島,14,中継ぎ,15,19.2,84,2,2,0,4,5.03,2.5,1.37,9.15,3.2,108.9,114.9,38,いいえ,シーズン累計の投手成績。直近値は登板した直近5試合。
2026,2026-10-05,菊地 ハルン,広島,67,中継ぎ,15,13,61,0,1,0,3,6.92,4.43,1.69,9.0,4.15,92.5,107.6,57,いいえ,シーズン累計の投手成績。直近値は登板した直近5試合。
2026,2026-10-05,玉村 昇悟,広島,65,先発,14,73,294,1,6,0,0,2.96,3.39,1.08,6.53,1.85,100.0,97.3,102,いいえ,シーズン累計の投手成績。直近値は登板した直近5試合。
2026,2026-10-05,島内 颯太郎,広島,43,中継ぎ,12,11,51,0,1,0,1,4.09,3.81,1.55,9.0,7.36,98.1,108.5,41,いいえ,シーズン累計の投手成績。直近値は登板した直近5試合。
2026,2026-10-05,赤木 晴哉,広島,38,中継ぎ,12,14.1,68,0,0,0,0,5.65,2.67,1.67,4.4,2.51,97.4,101.0,77,いいえ,シーズン累計の投手成績。直近値は登板した直近5試合。
2026,2026-10-05,黒原 拓未,広島,24,中継ぎ,10,9.1,52,0,0,0,1,9.64,2.17,2.68,8.68,3.86,98.6,103.9,47,いいえ,シーズン累計の投手成績。直近値は登板した直近5試合。
2026,2026-10-05,齊藤 汰直,広島,11,中継ぎ,10,9.2,49,0,1,0,1,9.31,4.36,2.28,4.66,3.72,86.1,87.5,39,いいえ,シーズン累計の投手成績。直近値は登板した直近5試合。
2026,2026-10-05,常廣 羽也斗,広島,17,中継ぎ,7,8,39,0,0,0,0,4.5,3.94,2.0,6.75,7.88,95.0,101.5,33,はい,シーズン累計の投手成績。直近値は登板した直近5試合。
2026,2026-10-05,斉藤 優汰,広島,47,先発,7,33.2,148,2,3,0,0,4.54,4.06,1.4,6.95,3.48,88.8,87.9,37,はい,シーズン累計の投手成績。直近値は登板した直近5試合。
2026,2026-10-05,アドゥワ 誠,広島,48,先発,6,17.2,86,0,2,0,0,6.62,4.45,1.75,8.66,3.06,87.1,94.9,30,はい,シーズン累計の投手成績。直近値は登板した直近5試合。
2026,2026-10-05,杉田 健,広島,50,中継ぎ,5,5.2,21,0,0,0,0,1.59,2.81,0.71,9.53,6.35,101.5,108.8,22,はい,シーズン累計の投手成績。直近値は登板した直近5試合。
2026,2026-10-05,工藤 泰己,広島,35,中継ぎ,3,7.2,32,0,0,0,0,3.52,2.42,1.3,7.04,3.52,100.3,106.6,25,はい,シーズン累計の投手成績。直近値は登板した直近5試合。
2026,2026-10-05,柳川 大晟,日本ハム,47,抑え,53,52,201,4,1,30,5,1.56,2.31,0.9,10.04,3.81,106.5,107.0,183,いいえ,シーズン累計の投手成績。直近値は登板した直近5試合。
2026,2026-10-05,島本 浩也,日本ハム,40,中継ぎ,46,38,162,2,3,2,22,2.61,3.85,1.29,5.45,3.55,104.3,99.3,182,いいえ,シーズン累計の投手成績。直近値は登板した直近5試合。
2026,2026-10-05,堀 瑞輝,日本ハム,34,中継ぎ,43,34.2,142,4,1,1,19,2.6,1.62,1.1,13.76,2.34,132.8,125.9,152,いいえ,シーズン累計の投手成績。直近値は登板した直近5試合。
2026,2026-10-05,上原 健太,日本ハム,20,中継ぎ,42,38,160,2,3,0,11,4.03,4.72,1.24,7.34,3.32,98.2,108.3,163,いいえ,シーズン累計の投手成績。直近値は登板した直近5試合。
2026,2026-10-05,田中 正義,日本ハム,26,中継ぎ,40,38,157,1,4,1,18,4.26,2.8,1.11,8.76,2.37,113.5,91.3,155,いいえ,シーズン累計の投手成績。直近値は登板した直近5試合。
2026,2026-10-05,福島 蓮,日本ハム,45,中継ぎ,27,80.1,333,6,4,1,5,3.14,2.91,1.16,8.85,2.69,115.3,122.8,123,いいえ,シーズン累計の投手成績。直近値は登板した直近5試合。
2026,2026-10-05,達 孝太,日本ハム,16,先発,27,124.2,506,5,8,2,5,2.96,2.84,0.99,9.1,2.09,118.0,117.6,150,いいえ,シーズン累計の投手成績。直近値は登板した直近5試合。
2026,2026-10-05,伊藤 大海,日本ハム,17,先発,26,172.2,731,10,10,0,0,3.18,2.79,1.26,8.29,1.77,116.0,112.6,,いいえ,シーズン累計の投手成績。直近値は登板した直近5試合。
2026,2026-10-05,北山 亘基,日本ハム,15,先発,24,147.2,590,13,3,0,0,2.56,2.91,1.02,8.47,2.13,114.9,99.5,165,いいえ,シーズン累計の投手成績。直近値は登板した直近5試合。
2026,2026-10-05,孫 易磊,日本ハム,96,中継ぎ,22,30.2,123,2,1,0,8,2.64,2.64,1.14,8.22,3.82,115.4,112.6,89,いいえ,シーズン累計の投手成績。直近値は登板した直近5試合。
2026,2026-10-05,加藤 貴之,日本ハム,14,先発,20,115,457,12,3,0,0,2.9,3.55,1.02,4.62,1.02,100.1,100.7,120,いいえ,シーズン累計の投手成績。直近値は登板した直近5試合。
2026,2026-10-05,山﨑 福也,日本ハム,18,先発,17,60.2,243,5,1,0,0,2.67,4.32,1.19,4.45,2.67,92.8,99.3,64,いいえ,シーズン累計の投手成績。直近値は登板した直近5試合。
2026,2026-10-05,有原 航平,日本ハム,74,先発,17,103.1,438,7,9,0,0,4.44,3.7,1.34,5.84,2.09,98.4,92.7,89,いいえ,シーズン累計の投手成績。直近値は登板した直近5試合。
2026,2026-10-05,齋藤 友貴哉,日本ハム,48,中継ぎ,17,14.2,71,0,1,0,2,9.2,5.22,2.11,6.14,6.14,87.0,96.4,59,いいえ,シーズン累計の投手成績。直近値は登板した直近5試合。
2026,2026-10-05,金村 尚真,日本ハム,24,中継ぎ,16,24.2,115,0,0,0,0,5.47,5.04,1.74,7.66,4.01,92.4,72.1,80,いいえ,シーズン累計の投手成績。直近値は登板した直近5試合。
2026,2026-10-05,山本 拓実,日本ハム,67,中継ぎ,15,14.2,62,1,0,1,2,4.91,4.27,1.23,8.59,4.3,98.8,94.0,69,いいえ,シーズン累計の投手成績。直近値は登板した直近5試合。
2026,2026-10-05,生田目 翼,日本ハム,13,中継ぎ,14,14,57,0,0,0,0,4.5,3.84,1.21,6.43,1.93,99.1,113.4,71,いいえ,シーズン累計の投手成績。直近値は登板した直近5試合。
2026,2026-10-05,玉井 大翔,日本ハム,19,中継ぎ,12,9.2,37,1,0,0,1,2.79,5.46,1.03,2.79,0.93,89.8,91.6,44,いいえ,シーズン累計の投手成績。直近値は登板した直近5試合。
2026,2026-10-05,福谷 浩司,日本ハム,41,中継ぎ,12,12.2,54,0,1,0,1,4.26,6.64,1.42,4.26,2.13,84.7,72.5,63,いいえ,シーズン累計の投手成績。直近値は登板した直近5試合。
2026,2026-10-05,細野 晴希,日本ハム,29,先発,12,73.2,306,3,5,0,0,3.42,2.81,1.07,9.9,2.69,113.9,117.7,50,いいえ,シーズン累計の投手成績。直近値は登板した直近5試合。
2026,2026-10-05,宮西 尚生,日本ハム,25,中継ぎ,8,7.2,38,0,0,0,0,4.7,3.16,2.09,7.04,5.87,99.0,105.1,40,はい,シーズン累計の投手成績。直近値は登板した直近5試合。
2026,2026-10-05,柴田 獅子,日本ハム,31,中継ぎ,8,13.1,59,0,1,0,2,2.02,4.2,1.35,9.45,3.38,104.1,104.3,31,はい,シーズン累計の投手成績。直近値は登板した直近5試合。
2026,2026-10-05,池田 隆英,日本ハム,52,中継ぎ,8,7.2,36,0,0,0,0,8.22,5.38,1.7,10.57,4.7,94.8,96.2,35,はい,シーズン累計の投手成績。直近値は登板した直近5試合。
2026,2026-10-05,古林 睿煬,日本ハム,37,中継ぎ,7,12,61,0,1,0,1,7.5,4.94,2.08,11.25,7.5,95.7,99.2,23,はい,シーズン累計の投手成績。直近値は登板した直近5試合。
2026,2026-10-05,大川 慈英,日本ハム,27,中継ぎ,7,8.1,42,0,0,0,3,6.48,6.49,1.68,5.4,5.4,90.3,94.6,18,はい,シーズン累計の投手成績。直近値は登板した直近5試合。
2026,2026-10-05,畔柳 亨丞,日本ハム,46,中継ぎ,7,8,35,0,0,0,2,3.38,3.02,1.38,9.0,5.62,104.8,108.4,30,はい,シーズン累計の投手成績。直近値は登板した直近5試合。
2026,2026-10-05,河野 竜生,日本ハム,28,中継ぎ,6,4.2,23,0,0,0,0,3.86,5.77,1.71,7.71,3.86,95.6,99.0,31,はい,シーズン累計の投手成績。直近値は登板した直近5試合。
2026,2026-10-05,菊地 大稀,日本ハム,55,中継ぎ,6,6.1,28,0,0,1,0,4.26,3.88,1.42,8.53,2.84,98.1,101.6,30,はい,シーズン累計の投手成績。直近値は登板した直近5試合。
2026,2026-10-05,ラオ,日本ハム,30,中継ぎ,3,5,21,0,0,0,0,3.6,4.37,1.0,7.2,0.0,97.7,99.3,,はい,シーズン累計の投手成績。直近値は登板した直近5試合。
2026,2026-10-05,藤平 尚真,楽天,46,抑え,47,44.1,174,0,2,29,8,2.03,1.66,0.97,10.35,1.83,109.5,120.4,193,いいえ,シーズン累計の投手成績。直近値は登板した直近5試合。
2026,2026-10-05,加治屋 蓮,楽天,41,中継ぎ,45,42.1,183,2,2,0,16,3.19,3.5,1.32,8.29,2.76,108.5,95.2,193,いいえ,シーズン累計の投手成績。直近値は登板した直近5試合。
2026,2026-10-05,西垣 雅矢,楽天,49,中継ぎ,41,35,158,3,4,0,10,4.89,4.28,1.54,10.54,4.37,101.5,110.3,139,いいえ,シーズン累計の投手成績。直近値は登板した直近5試合。
2026,2026-10-05,九谷 瑠,楽天,45,中継ぎ,38,40.2,164,2,1,0,15,1.99,2.65,1.01,9.07,3.32,118.5,121.6,153,いいえ,シーズン累計の投手成績。直近値は登板した直近5試合。
2026,2026-10-05,柴田 大地,楽天,71,中継ぎ,32,23.1,111,2,1,1,4,6.56,5.3,1.89,8.87,8.1,91.0,98.8,143,いいえ,シーズン累計の投手成績。直近値は登板した直近5試合。
2026,2026-10-05,鈴木 翔天,楽天,56,中継ぎ,29,25.1,117,0,3,0,14,6.04,3.84,1.62,9.59,4.62,102.3,102.2,100,いいえ,シーズン累計の投手成績。直近値は登板した直近5試合。
2026,2026-10-05,泰 勝利,楽天,59,中継ぎ,26,24.2,109,2,3,0,10,3.28,3.62,1.34,11.31,6.57,109.7,113.3,116,いいえ,シーズン累計の投手成績。直近値は登板した直近5試合。
2026,2026-10-05,内 星龍,楽天,69,中継ぎ,25,31.1,134,0,2,0,4,6.32,4.17,1.28,7.18,4.02,93.1,93.3,100,いいえ,シーズン累計の投手成績。直近値は登板した直近5試合。
2026,2026-10-05,荘司 康誠,楽天,19,先発,25,159,647,9,9,0,0,3.45,3.03,1.16,9.68,2.15,113.4,126.3,173,いいえ,シーズン累計の投手成績。直近値は登板した直近5試合。
2026,2026-10-05,津留﨑 大成,楽天,52,中継ぎ,24,26.2,111,0,0,0,0,3.38,3.52,1.12,8.1,4.05,103.3,95.8,114,いいえ,シーズン累計の投手成績。直近値は登板した直近5試合。
2026,2026-10-05,早川 隆久,楽天,21,先発,22,147,587,7,9,0,0,2.88,3.14,1.03,8.08,2.14,112.4,98.1,145,いいえ,シーズン累計の投手成績。直近値は登板した直近5試合。
2026,2026-10-05,古謝 樹,楽天,17,先発,20,119.1,496,3,11,0,0,3.17,3.04,1.16,8.75,2.34,113.5,117.6,112,いいえ,シーズン累計の投手成績。直近値は登板した直近5試合。
2026,2026-10-05,瀧中 瞭太,楽天,57,先発,20,110,476,6,9,0,0,4.17,4.18,1.37,4.83,2.62,88.6,81.2,94,いいえ,シーズン累計の投手成績。直近値は登板した直近5試合。
2026,2026-10-05,田中 千晴,楽天,29,中継ぎ,19,19.2,90,1,2,1,4,3.2,2.62,1.58,11.9,5.03,113.4,110.5,57,いいえ,シーズン累計の投手成績。直近値は登板した直近5試合。
2026,2026-10-05,宋 家豪,楽天,43,中継ぎ,18,14.2,71,2,0,0,2,3.07,4.27,2.18,4.91,2.45,95.6,97.2,73,いいえ,シーズン累計の投手成績。直近値は登板した直近5試合。
2026,2026-10-05,マルテ,楽天,23,中継ぎ,17,16.2,66,0,2,0,5,4.86,3.61,0.84,10.8,1.62,105.0,96.7,,いいえ,シーズン累計の投手成績。直近値は登板した直近5試合。
2026,2026-10-05,ウレーニャ,楽天,22,先発,16,60.2,271,3,4,0,1,4.01,3.79,1.48,6.68,3.41,96.6,120.8,,いいえ,シーズン累計の投手成績。直近値は登板した直近5試合。
2026,2026-10-05,中込 陽翔,楽天,26,中継ぎ,16,13.1,69,1,2,0,1,7.42,6.97,1.72,5.4,4.72,80.4,94.3,70,いいえ,シーズン累計の投手成績。直近値は登板した直近5試合。
2026,2026-10-05,藤原 聡大,楽天,13,中継ぎ,15,28.1,129,0,2,0,0,4.76,3.9,1.62,7.31,2.86,96.4,113.4,68,いいえ,シーズン累計の投手成績。直近値は登板した直近5試合。
2026,2026-10-05,前田 健太,楽天,18,先発,14,80.1,316,5,4,0,0,2.24,2.7,1.03,7.17,2.02,111.9,118.6,57,いいえ,シーズン累計の投手成績。直近値は登板した直近5試合。
2026,2026-10-05,岸 孝之,楽天,11,先発,11,66,272,5,5,0,0,2.73,3.41,1.17,6.82,2.18,100.6,107.0,37,いいえ,シーズン累計の投手成績。直近値は登板した直近5試合。
2026,2026-10-05,藤井 聖,楽天,47,先発,9,44.2,189,2,3,0,0,3.43,3.4,1.25,5.44,1.61,98.5,98.6,56,はい,シーズン累計の投手成績。直近値は登板した直近5試合。
2026,2026-10-05,西口 直人,楽天,62,中継ぎ,9,8,35,0,1,0,1,4.5,2.77,1.12,12.38,1.12,105.0,99.3,41,はい,シーズン累計の投手成績。直近値は登板した直近5試合。
2026,2026-10-05,伊藤 樹,楽天,20,先発,6,30,134,2,1,0,0,4.2,3.97,1.53,8.1,3.9,95.2,98.3,32,はい,シーズン累計の投手成績。直近値は登板した直近5試合。
2026,2026-10-05,渡辺 翔太,楽天,31,中継ぎ,6,6,31,0,0,0,0,10.5,4.1,2.33,3.0,4.5,89.7,90.4,37,はい,シーズン累計の投手成績。直近値は登板した直近5試合。
2026,2026-10-05,コントレラス,楽天,15,中継ぎ,5,13,62,0,1,0,0,6.92,7.77,1.92,3.46,6.92,70.9,67.7,,はい,シーズン累計の投手成績。直近値は登板した直近5試合。
2026,2026-10-05,日當 直喜,楽天,54,中継ぎ,5,6,28,0,0,0,0,3.0,4.6,1.67,6.0,3.0,95.3,99.8,37,はい,シーズン累計の投手成績。直近値は登板した直近5試合。
2026,2026-10-05,江原 雅裕,楽天,40,中継ぎ,4,6,29,0,0,0,0,7.5,2.1,2.17,12.0,6.0,99.4,105.0,25,はい,シーズン累計の投手成績。直近値は登板した直近5試合。
2026,2026-10-05,甲斐野 央,西武,34,抑え,55,52.2,211,2,2,23,20,1.88,3.07,1.22,9.4,4.96,94.3,112.7,193,いいえ,シーズン累計の投手成績。直近値は登板した直近5試合。
2026,2026-10-05,篠原 響,西武,52,中継ぎ,45,43.2,181,2,3,1,31,2.27,2.4,1.15,9.89,3.5,122.9,107.6,182,いいえ,シーズン累計の投手成績。直近値は登板した直近5試合。
2026,2026-10-05,佐藤 隼輔,西武,19,中継ぎ,36,31.1,135,4,1,1,9,4.31,2.32,1.28,9.19,2.01,113.9,104.6,129,いいえ,シーズン累計の投手成績。直近値は登板した直近5試合。
2026,2026-10-05,岩城 颯空,西武,20,抑え,31,30.2,130,2,1,18,2,3.52,5.18,1.34,9.1,4.4,78.3,106.6,114,いいえ,シーズン累計の投手成績。直近値は登板した直近5試合。
2026,2026-10-05,豆田 泰志,西武,70,中継ぎ,31,40.2,163,2,0,2,4,1.55,2.28,1.11,8.63,3.32,119.1,111.6,165,いいえ,シーズン累計の投手成績。直近値は登板した直近5試合。
2026,2026-10-05,黒田 将矢,西武,57,中継ぎ,29,24.1,111,2,0,0,6,4.07,3.88,1.56,7.03,4.44,99.2,84.3,129,いいえ,シーズン累計の投手成績。直近値は登板した直近5試合。
2026,2026-10-05,ウィンゲンター,西武,45,中継ぎ,25,23,94,0,1,0,24,1.57,2.29,1.13,10.57,3.91,122.7,103.2,,いいえ,シーズン累計の投手成績。直近値は登板した直近5試合。
2026,2026-10-05,浜屋 将太,西武,90,中継ぎ,25,21.2,99,0,1,0,4,2.49,3.79,1.75,7.48,6.23,102.9,96.7,117,いいえ,シーズン累計の投手成績。直近値は登板した直近5試合。
2026,2026-10-05,隅田 知一郎,西武,16,先発,24,166.1,639,10,8,0,0,2.27,2.25,0.95,8.01,1.14,121.1,119.4,178,いいえ,シーズン累計の投手成績。直近値は登板した直近5試合。
2026,2026-10-05,中村 祐太,西武,58,中継ぎ,23,28.2,106,1,1,0,2,1.88,2.91,0.66,10.36,1.26,113.5,117.5,100,いいえ,シーズン累計の投手成績。直近値は登板した直近5試合。
2026,2026-10-05,平良 海馬,西武,61,先発,23,146,568,12,5,0,0,1.36,2.26,0.96,8.69,2.77,124.4,129.4,153,いいえ,シーズン累計の投手成績。直近値は登板した直近5試合。
2026,2026-10-05,森脇 亮介,西武,28,中継ぎ,23,21,89,2,2,0,7,3.0,2.87,1.19,6.86,3.0,107.7,102.6,95,いいえ,シーズン累計の投手成績。直近値は登板した直近5試合。
2026,2026-10-05,武内 夏暉,西武,21,先発,22,139,550,11,8,0,0,3.37,3.0,1.11,6.73,1.68,108.3,101.1,166,いいえ,シーズン累計の投手成績。直近値は登板した直近5試合。
2026,2026-10-05,髙橋 光成,西武,13,先発,21,132.1,526,9,6,0,0,2.58,3.36,1.07,7.21,3.13,106.8,100.5,157,いいえ,シーズン累計の投手成績。直近値は登板した直近5試合。
2026,2026-10-05,渡邉 勇太朗,西武,12,先発,20,127,523,5,7,0,0,3.61,3.18,1.2,7.02,2.83,105.6,95.9,121,いいえ,シーズン累計の投手成績。直近値は登板した直近5試合。
2026,2026-10-05,黒木 優太,西武,54,中継ぎ,16,15.1,58,1,1,0,3,2.35,2.31,0.78,9.39,2.35,112.2,103.5,59,いいえ,シーズン累計の投手成績。直近値は登板した直近5試合。
2026,2026-10-05,上田 大河,西武,11,中継ぎ,14,19.1,84,2,1,0,1,3.72,4.06,1.29,7.45,2.79,99.5,90.6,81,いいえ,シーズン累計の投手成績。直近値は登板した直近5試合。
2026,2026-10-05,E.ラミレス,西武,56,中継ぎ,10,11,48,3,1,0,1,4.91,6.68,1.18,5.73,4.09,83.2,99.0,,いいえ,シーズン累計の投手成績。直近値は登板した直近5試合。
2026,2026-10-05,山田 陽翔,西武,36,中継ぎ,10,10.1,49,0,0,0,1,2.61,2.87,1.65,8.71,5.23,104.3,108.2,32,いいえ,シーズン累計の投手成績。直近値は登板した直近5試合。
2026,2026-10-05,菅井 信也,西武,71,先発,10,53,220,2,3,0,0,2.72,3.43,1.17,5.43,2.72,99.0,105.9,65,いいえ,シーズン累計の投手成績。直近値は登板した直近5試合。
2026,2026-10-05,佐藤 爽,西武,75,先発,9,47,193,2,1,0,0,3.64,4.05,1.21,6.32,2.68,90.8,89.1,62,はい,シーズン累計の投手成績。直近値は登板した直近5試合。
2026,2026-10-05,松本 航,西武,17,中継ぎ,9,10.1,46,0,0,1,0,6.97,3.45,1.35,12.19,2.61,102.3,101.6,41,はい,シーズン累計の投手成績。直近値は登板した直近5試合。
2026,2026-10-05,糸川 亮太,西武,23,中継ぎ,9,11.2,50,0,1,0,2,6.17,6.97,1.37,4.63,2.31,79.8,96.2,39,はい,シーズン累計の投手成績。直近値は登板した直近5試合。
2026,2026-10-05,ワイナンス,西武,30,先発,8,43.1,187,2,4,0,0,5.19,4.2,1.36,8.52,3.95,93.5,99.0,,はい,シーズン累計の投手成績。直近値は登板した直近5試合。
2026,2026-10-05,羽田 慎之介,西武,43,中継ぎ,8,8.1,45,1,1,0,1,7.56,4.69,2.4,10.8,10.8,93.9,98.8,32,はい,シーズン累計の投手成績。直近値は登板した直近5試合。
2026,2026-10-05,冨士 大和,西武,67,中継ぎ,3,4.2,29,0,0,0,0,13.5,7.27,3.21,9.64,11.57,83.5,90.7,8,はい,シーズン累計の投手成績。直近値は登板した直近5試合。
2026,2026-10-05,工藤 泰成,阪神,49,抑え,55,58.2,231,3,0,11,13,0.92,0.95,0.97,11.81,2.15,116.4,126.8,183,いいえ,シーズン累計の投手成績。直近値は登板した直近5試合。
2026,2026-10-05,ドリス,阪神,98,抑え,52,48,202,2,4,19,19,1.88,1.98,1.25,10.88,3.94,105.4,102.2,,いいえ,シーズン累計の投手成績。直近値は登板した直近5試合。
2026,2026-10-05,岩崎 優,阪神,13,抑え,46,43,174,3,3,11,16,2.72,2.74,1.21,7.74,2.93,91.7,108.3,193,いいえ,シーズン累計の投手成績。直近値は登板した直近5試合。
2026,2026-10-05,及川 雅貴,阪神,37,中継ぎ,44,41.1,175,2,1,0,9,3.92,4.09,1.28,5.88,2.61,91.6,102.5,154,いいえ,シーズン累計の投手成績。直近値は登板した直近5試合。
2026,2026-10-05,木下 里都,阪神,54,中継ぎ,44,50.1,212,4,2,0,15,1.61,2.49,1.27,9.12,3.4,120.1,117.4,149,いいえ,シーズン累計の投手成績。直近値は登板した直近5試合。
2026,2026-10-05,村上 頌樹,阪神,41,先発,27,180.1,708,10,9,0,0,1.85,2.75,0.97,7.74,1.75,115.1,110.5,192,いいえ,シーズン累計の投手成績。直近値は登板した直近5試合。
2026,2026-10-05,才木 浩人,阪神,35,先発,25,154,619,10,5,0,0,2.51,2.26,1.0,10.23,1.75,122.4,113.2,173,いいえ,シーズン累計の投手成績。直近値は登板した直近5試合。
2026,2026-10-05,湯浅 京己,阪神,65,中継ぎ,25,24.1,96,3,0,0,2,3.33,3.47,1.27,7.4,3.7,99.2,95.0,94,いいえ,シーズン累計の投手成績。直近値は登板した直近5試合。
2026,2026-10-05,桐敷 拓馬,阪神,47,中継ぎ,23,20,94,1,2,1,7,5.4,4.56,1.4,5.4,2.7,86.5,106.5,102,いいえ,シーズン累計の投手成績。直近値は登板した直近5試合。
2026,2026-10-05,髙橋 遥人,阪神,29,先発,23,159,615,16,3,0,0,1.87,2.02,0.88,8.49,0.96,126.5,122.6,153,いいえ,シーズン累計の投手成績。直近値は登板した直近5試合。
2026,2026-10-05,セベリーノ,阪神,97,中継ぎ,19,19.1,75,1,0,0,1,2.79,2.6,0.98,8.84,2.79,108.2,113.4,,いいえ,シーズン累計の投手成績。直近値は登板した直近5試合。
2026,2026-10-05,モレッタ,阪神,99,中継ぎ,19,16,70,2,2,0,5,6.19,4.19,1.31,12.38,3.94,95.5,111.2,,いいえ,シーズン累計の投手成績。直近値は登板した直近5試合。
2026,2026-10-05,大竹 耕太郎,阪神,21,先発,17,95.2,379,6,9,0,0,2.82,3.11,1.11,5.17,1.51,99.7,102.7,115,いいえ,シーズン累計の投手成績。直近値は登板した直近5試合。
2026,2026-10-05,神宮 僚介,阪神,95,中継ぎ,16,17.2,71,0,0,0,2,2.55,2.75,0.85,10.7,2.04,108.8,108.6,81,いいえ,シーズン累計の投手成績。直近値は登板した直近5試合。
2026,2026-10-05,石黒 佑弥,阪神,63,中継ぎ,13,17.2,80,0,0,0,0,4.58,3.43,1.42,10.7,3.57,99.3,101.9,92,いいえ,シーズン累計の投手成績。直近値は登板した直近5試合。
2026,2026-10-05,畠 世周,阪神,36,中継ぎ,11,10.2,39,0,1,0,3,2.53,3.84,0.84,5.91,2.53,97.1,112.1,40,いいえ,シーズン累計の投手成績。直近値は登板した直近5試合。
2026,2026-10-05,門別 啓人,阪神,30,中継ぎ,11,19,86,1,1,0,1,4.74,4.13,1.47,5.21,2.84,89.8,100.9,64,いいえ,シーズン累計の投手成績。直近値は登板した直近5試合。
2026,2026-10-05,伊藤 将司,阪神,27,先発,10,48,198,2,2,0,0,2.81,3.81,1.17,6.75,2.25,93.2,92.3,96,いいえ,シーズン累計の投手成績。直近値は登板した直近5試合。
2026,2026-10-05,岡留 英貴,阪神,64,中継ぎ,10,10,36,0,0,0,3,0.9,1.91,0.8,12.6,1.8,113.8,109.3,40,いいえ,シーズン累計の投手成績。直近値は登板した直近5試合。
2026,2026-10-05,石井 大智,阪神,69,中継ぎ,10,9.2,42,1,2,0,1,4.66,6.02,1.55,9.31,3.72,85.1,103.6,30,いいえ,シーズン累計の投手成績。直近値は登板した直近5試合。
2026,2026-10-05,早川 太貴,阪神,51,中継ぎ,9,13.2,70,0,2,0,1,9.22,5.22,1.98,9.88,4.61,85.7,82.2,41,はい,シーズン累計の投手成績。直近値は登板した直近5試合。
2026,2026-10-05,津田 淳哉,阪神,66,中継ぎ,9,10.1,45,0,0,0,0,4.35,4.26,1.55,6.97,4.35,91.1,90.8,55,はい,シーズン累計の投手成績。直近値は登板した直近5試合。
2026,2026-10-05,下村 海翔,阪神,19,先発,8,35,156,1,2,0,0,4.37,3.21,1.37,8.49,1.03,96.8,99.7,28,はい,シーズン累計の投手成績。直近値は登板した直近5試合。
2026,2026-10-05,伊原 陵人,阪神,18,先発,8,36,158,4,2,0,0,3.25,3.87,1.33,8.5,3.75,92.1,103.3,47,はい,シーズン累計の投手成績。直近値は登板した直近5試合。
2026,2026-10-05,西 勇輝,阪神,16,先発,8,38.1,164,3,4,0,0,3.29,4.27,1.3,5.17,2.82,88.6,92.6,44,はい,シーズン累計の投手成績。直近値は登板した直近5試合。
2026,2026-10-05,ルーカス,阪神,42,先発,6,25.2,111,1,2,0,0,4.21,3.43,1.4,8.77,3.16,92.5,103.3,,はい,シーズン累計の投手成績。直近値は登板した直近5試合。
2026,2026-10-05,椎葉 剛,阪神,26,中継ぎ,4,7,34,0,0,0,0,6.43,9.38,1.86,5.14,6.43,69.8,78.4,36,はい,シーズン累計の投手成績。直近値は登板した直近5試合。
2026,2026-10-05,今朝丸 裕喜,阪神,28,中継ぎ,3,8,36,0,1,0,0,5.62,4.81,1.5,3.38,2.25,84.3,90.6,28,はい,シーズン累計の投手成績。直近値は登板した直近5試合。
2026,2026-10-05,茨木 秀俊,阪神,48,先発,3,12.2,63,1,0,0,0,6.39,5.18,2.05,7.11,5.68,82.8,87.4,15,はい,シーズン累計の投手成績。直近値は登板した直近5試合。
