シーズン,集計基準日,選手名,球団,背番号,守備位置,一軍登録状況,一軍登録日数,直近登録日,直近抹消日,データの説明
2026,2026-08-06,三森 大貴,DeNA,26,内,登録中,132,2026-08-04,,NPB出場選手登録の取得済み日を集計。未取得日は登録日数に含めない。
2026,2026-08-06,中川 虎大,DeNA,64,投,登録中,107,2026-08-04,2026-07-18,NPB出場選手登録の取得済み日を集計。未取得日は登録日数に含めない。
2026,2026-08-06,京田 陽太,DeNA,9,内,登録中,85,2026-08-04,2026-06-14,NPB出場選手登録の取得済み日を集計。未取得日は登録日数に含めない。
2026,2026-08-06,伊勢 大夢,DeNA,13,投,登録中,105,2026-08-04,2026-05-04,NPB出場選手登録の取得済み日を集計。未取得日は登録日数に含めない。
2026,2026-08-06,佐野 恵太,DeNA,7,外,登録中,132,2026-08-04,,NPB出場選手登録の取得済み日を集計。未取得日は登録日数に含めない。
2026,2026-08-06,勝又 温史,DeNA,28,外,登録中,116,2026-08-04,,NPB出場選手登録の取得済み日を集計。未取得日は登録日数に含めない。
2026,2026-08-06,古市 尊,DeNA,60,捕,登録中,44,2026-08-04,2026-06-05,NPB出場選手登録の取得済み日を集計。未取得日は登録日数に含めない。
2026,2026-08-06,吉野 光樹,DeNA,24,投,登録中,69,2026-08-04,2026-05-31,NPB出場選手登録の取得済み日を集計。未取得日は登録日数に含めない。
2026,2026-08-06,宮下 朝陽,DeNA,34,内,登録中,76,2026-08-04,2026-05-24,NPB出場選手登録の取得済み日を集計。未取得日は登録日数に含めない。
2026,2026-08-06,宮﨑 敏郎,DeNA,51,内,登録中,132,2026-08-04,,NPB出場選手登録の取得済み日を集計。未取得日は登録日数に含めない。
2026,2026-08-06,尾形 崇斗,DeNA,36,投,登録中,105,2026-08-04,2026-05-12,NPB出場選手登録の取得済み日を集計。未取得日は登録日数に含めない。
2026,2026-08-06,平良 拳太郎,DeNA,59,投,登録中,71,2026-08-04,2026-07-21,NPB出場選手登録の取得済み日を集計。未取得日は登録日数に含めない。
2026,2026-08-06,度会 隆輝,DeNA,4,外,登録中,132,2026-08-04,,NPB出場選手登録の取得済み日を集計。未取得日は登録日数に含めない。
2026,2026-08-06,戸柱 恭孝,DeNA,10,捕,登録中,132,2026-08-04,,NPB出場選手登録の取得済み日を集計。未取得日は登録日数に含めない。
2026,2026-08-06,東 克樹,DeNA,11,投,登録中,132,2026-08-04,,NPB出場選手登録の取得済み日を集計。未取得日は登録日数に含めない。
2026,2026-08-06,松尾 汐恩,DeNA,5,捕,登録中,132,2026-08-04,,NPB出場選手登録の取得済み日を集計。未取得日は登録日数に含めない。
2026,2026-08-06,松本 凌人,DeNA,38,投,登録中,33,2026-08-04,,NPB出場選手登録の取得済み日を集計。未取得日は登録日数に含めない。
2026,2026-08-06,林 琢真,DeNA,00,内,登録中,72,2026-08-04,2026-05-16,NPB出場選手登録の取得済み日を集計。未取得日は登録日数に含めない。
2026,2026-08-06,柴田 竜拓,DeNA,31,内,登録中,108,2026-08-04,,NPB出場選手登録の取得済み日を集計。未取得日は登録日数に含めない。
2026,2026-08-06,浜地 真澄,DeNA,52,投,登録中,26,2026-08-04,,NPB出場選手登録の取得済み日を集計。未取得日は登録日数に含めない。
2026,2026-08-06,牧 秀悟,DeNA,2,内,登録中,91,2026-08-04,2026-07-31,NPB出場選手登録の取得済み日を集計。未取得日は登録日数に含めない。
2026,2026-08-06,神里 和毅,DeNA,8,外,登録中,132,2026-08-04,,NPB出場選手登録の取得済み日を集計。未取得日は登録日数に含めない。
2026,2026-08-06,筒香 嘉智,DeNA,25,内,登録中,109,2026-08-04,2026-04-19,NPB出場選手登録の取得済み日を集計。未取得日は登録日数に含めない。
2026,2026-08-06,篠木 健太郎,DeNA,30,投,登録中,87,2026-08-04,2026-05-17,NPB出場選手登録の取得済み日を集計。未取得日は登録日数に含めない。
2026,2026-08-06,若松 尚輝,DeNA,39,投,登録中,89,2026-08-04,,NPB出場選手登録の取得済み日を集計。未取得日は登録日数に含めない。
2026,2026-08-06,関根 大気,DeNA,63,外,登録中,4,2026-08-04,,NPB出場選手登録の取得済み日を集計。未取得日は登録日数に含めない。
2026,2026-08-06,Ｈ．マルセリーノ,DeNA,98,投,登録中,95,2026-08-04,2026-05-07,NPB出場選手登録の取得済み日を集計。未取得日は登録日数に含めない。
2026,2026-08-06,Ｊ．エンカーナシオン,DeNA,69,外,登録中,34,2026-08-04,,NPB出場選手登録の取得済み日を集計。未取得日は登録日数に含めない。
2026,2026-08-06,Ｊ．ルイーズ,DeNA,49,投,登録中,87,2026-08-04,2026-07-11,NPB出場選手登録の取得済み日を集計。未取得日は登録日数に含めない。
2026,2026-08-06,Ｓ．レイノルズ,DeNA,62,投,登録中,132,2026-08-04,,NPB出場選手登録の取得済み日を集計。未取得日は登録日数に含めない。
2026,2026-08-06,中川 颯,DeNA,53,投,登録外,52,2026-08-01,2026-08-02,NPB出場選手登録の取得済み日を集計。未取得日は登録日数に含めない。
2026,2026-08-06,九鬼 隆平,DeNA,95,捕,登録外,52,2026-07-04,2026-07-05,NPB出場選手登録の取得済み日を集計。未取得日は登録日数に含めない。
2026,2026-08-06,井上 朋也,DeNA,40,内,登録外,9,2026-06-03,2026-06-04,NPB出場選手登録の取得済み日を集計。未取得日は登録日数に含めない。
2026,2026-08-06,入江 大生,DeNA,22,投,登録外,22,2026-06-23,2026-06-24,NPB出場選手登録の取得済み日を集計。未取得日は登録日数に含めない。
2026,2026-08-06,加藤 響,DeNA,37,内,登録外,3,2026-06-21,2026-06-22,NPB出場選手登録の取得済み日を集計。未取得日は登録日数に含めない。
2026,2026-08-06,坂本 裕哉,DeNA,20,投,登録外,87,2026-06-20,2026-06-21,NPB出場選手登録の取得済み日を集計。未取得日は登録日数に含めない。
2026,2026-08-06,堀岡 隼人,DeNA,92,投,登録外,35,2026-06-05,2026-06-06,NPB出場選手登録の取得済み日を集計。未取得日は登録日数に含めない。
2026,2026-08-06,宮城 滝太,DeNA,65,投,登録外,109,2026-08-01,2026-08-02,NPB出場選手登録の取得済み日を集計。未取得日は登録日数に含めない。
2026,2026-08-06,小田 康一郎,DeNA,3,内,登録外,8,2026-06-14,2026-06-15,NPB出場選手登録の取得済み日を集計。未取得日は登録日数に含めない。
2026,2026-08-06,山﨑 康晃,DeNA,19,投,登録外,99,2026-07-02,2026-07-03,NPB出場選手登録の取得済み日を集計。未取得日は登録日数に含めない。
2026,2026-08-06,岩田 将貴,DeNA,68,投,登録外,86,2026-08-01,2026-08-02,NPB出場選手登録の取得済み日を集計。未取得日は登録日数に含めない。
2026,2026-08-06,島田 舜也,DeNA,15,投,登録外,18,2026-05-29,2026-05-30,NPB出場選手登録の取得済み日を集計。未取得日は登録日数に含めない。
2026,2026-08-06,庄司 陽斗,DeNA,93,投,登録外,1,2026-06-06,2026-06-07,NPB出場選手登録の取得済み日を集計。未取得日は登録日数に含めない。
2026,2026-08-06,成瀬 脩人,DeNA,48,内,登録外,36,2026-05-30,2026-05-31,NPB出場選手登録の取得済み日を集計。未取得日は登録日数に含めない。
2026,2026-08-06,梶原 昂希,DeNA,58,外,登録外,55,2026-07-31,2026-08-01,NPB出場選手登録の取得済み日を集計。未取得日は登録日数に含めない。
2026,2026-08-06,橋本 達弥,DeNA,35,投,登録外,27,2026-04-21,2026-04-22,NPB出場選手登録の取得済み日を集計。未取得日は登録日数に含めない。
2026,2026-08-06,武田 陸玖,DeNA,33,投,登録外,1,2026-05-30,2026-05-31,NPB出場選手登録の取得済み日を集計。未取得日は登録日数に含めない。
2026,2026-08-06,深沢 鳳介,DeNA,43,投,登録外,14,2026-08-02,2026-08-03,NPB出場選手登録の取得済み日を集計。未取得日は登録日数に含めない。
2026,2026-08-06,片山 皓心,DeNA,47,投,登録外,2,2026-07-19,2026-07-20,NPB出場選手登録の取得済み日を集計。未取得日は登録日数に含めない。
2026,2026-08-06,益子 京右,DeNA,32,捕,登録外,4,2026-07-10,2026-07-11,NPB出場選手登録の取得済み日を集計。未取得日は登録日数に含めない。
2026,2026-08-06,石上 泰輝,DeNA,44,内,登録外,74,2026-07-14,2026-07-15,NPB出場選手登録の取得済み日を集計。未取得日は登録日数に含めない。
2026,2026-08-06,石田 健大,DeNA,14,投,登録外,11,2026-05-12,2026-05-13,NPB出場選手登録の取得済み日を集計。未取得日は登録日数に含めない。
2026,2026-08-06,石田 裕太郎,DeNA,54,投,登録外,108,2026-07-14,2026-07-15,NPB出場選手登録の取得済み日を集計。未取得日は登録日数に含めない。
2026,2026-08-06,竹田 祐,DeNA,12,投,登録外,12,2026-05-19,2026-05-20,NPB出場選手登録の取得済み日を集計。未取得日は登録日数に含めない。
2026,2026-08-06,藤浪 晋太郎,DeNA,27,投,登録外,2,2026-07-22,2026-07-23,NPB出場選手登録の取得済み日を集計。未取得日は登録日数に含めない。
2026,2026-08-06,蝦名 達夫,DeNA,61,外,登録外,123,2026-07-26,2026-07-27,NPB出場選手登録の取得済み日を集計。未取得日は登録日数に含めない。
2026,2026-08-06,高見澤 郁魅,DeNA,66,内,登録外,1,2026-07-31,2026-08-01,NPB出場選手登録の取得済み日を集計。未取得日は登録日数に含めない。
2026,2026-08-06,Ａ．コックス,DeNA,42,投,登録外,8,2026-04-08,2026-04-09,NPB出場選手登録の取得済み日を集計。未取得日は登録日数に含めない。
2026,2026-08-06,Ｃ．ヒュンメル,DeNA,99,外,登録外,97,2026-06-30,2026-07-01,NPB出場選手登録の取得済み日を集計。未取得日は登録日数に含めない。
2026,2026-08-06,Ｄ．ビシエド,DeNA,66,内,登録外,54,2026-05-24,2026-05-25,NPB出場選手登録の取得済み日を集計。未取得日は登録日数に含めない。
2026,2026-08-06,Ｊ．デュプランティエ,DeNA,0,投,登録外,11,2026-04-19,2026-04-20,NPB出場選手登録の取得済み日を集計。未取得日は登録日数に含めない。
2026,2026-08-06,Ｏ．ビド,DeNA,42,投,登録外,1,2026-07-25,2026-07-26,NPB出場選手登録の取得済み日を集計。未取得日は登録日数に含めない。
2026,2026-08-06,中川 圭太,オリックス,67,内,登録中,132,2026-08-04,,NPB出場選手登録の取得済み日を集計。未取得日は登録日数に含めない。
2026,2026-08-06,九里 亜蓮,オリックス,22,投,登録中,130,2026-08-04,,NPB出場選手登録の取得済み日を集計。未取得日は登録日数に含めない。
2026,2026-08-06,入山 海斗,オリックス,68,投,登録中,98,2026-08-04,2026-06-28,NPB出場選手登録の取得済み日を集計。未取得日は登録日数に含めない。
2026,2026-08-06,吉田 輝星,オリックス,23,投,登録中,86,2026-08-04,2026-07-02,NPB出場選手登録の取得済み日を集計。未取得日は登録日数に含めない。
2026,2026-08-06,太田 椋,オリックス,1,内,登録中,121,2026-08-04,2026-05-22,NPB出場選手登録の取得済み日を集計。未取得日は登録日数に含めない。
2026,2026-08-06,宗 佑磨,オリックス,6,内,登録中,132,2026-08-04,,NPB出場選手登録の取得済み日を集計。未取得日は登録日数に含めない。
2026,2026-08-06,宜保 翔,オリックス,53,内,登録中,82,2026-08-04,2026-06-29,NPB出場選手登録の取得済み日を集計。未取得日は登録日数に含めない。
2026,2026-08-06,寺西 成騎,オリックス,13,投,登録中,94,2026-08-04,2026-06-28,NPB出場選手登録の取得済み日を集計。未取得日は登録日数に含めない。
2026,2026-08-06,山中 稜真,オリックス,50,捕,登録中,78,2026-08-04,,NPB出場選手登録の取得済み日を集計。未取得日は登録日数に含めない。
2026,2026-08-06,山岡 泰輔,オリックス,19,投,登録中,19,2026-08-04,2026-05-25,NPB出場選手登録の取得済み日を集計。未取得日は登録日数に含めない。
2026,2026-08-06,山田 修義,オリックス,57,投,登録中,43,2026-08-04,2026-05-10,NPB出場選手登録の取得済み日を集計。未取得日は登録日数に含めない。
2026,2026-08-06,山﨑 颯一郎,オリックス,21,投,登録中,132,2026-08-04,,NPB出場選手登録の取得済み日を集計。未取得日は登録日数に含めない。
2026,2026-08-06,平沼 翔太,オリックス,61,外,登録中,103,2026-08-04,,NPB出場選手登録の取得済み日を集計。未取得日は登録日数に含めない。
2026,2026-08-06,杉澤 龍,オリックス,33,外,登録中,76,2026-08-04,2026-04-15,NPB出場選手登録の取得済み日を集計。未取得日は登録日数に含めない。
2026,2026-08-06,来田 涼斗,オリックス,38,外,登録中,112,2026-08-04,,NPB出場選手登録の取得済み日を集計。未取得日は登録日数に含めない。
2026,2026-08-06,森 友哉,オリックス,4,捕,登録中,107,2026-08-04,2026-06-02,NPB出場選手登録の取得済み日を集計。未取得日は登録日数に含めない。
2026,2026-08-06,椋木 蓮,オリックス,15,投,登録中,132,2026-08-04,,NPB出場選手登録の取得済み日を集計。未取得日は登録日数に含めない。
2026,2026-08-06,渡部 遼人,オリックス,0,外,登録中,110,2026-08-04,2026-06-05,NPB出場選手登録の取得済み日を集計。未取得日は登録日数に含めない。
2026,2026-08-06,片山 楽生,オリックス,49,投,登録中,94,2026-08-04,2026-07-03,NPB出場選手登録の取得済み日を集計。未取得日は登録日数に含めない。
2026,2026-08-06,石川 亮,オリックス,37,捕,登録中,62,2026-08-04,2026-06-29,NPB出場選手登録の取得済み日を集計。未取得日は登録日数に含めない。
2026,2026-08-06,福永 奨,オリックス,32,捕,登録中,121,2026-08-04,2026-05-22,NPB出場選手登録の取得済み日を集計。未取得日は登録日数に含めない。
2026,2026-08-06,紅林 弘太郎,オリックス,24,内,登録中,132,2026-08-04,,NPB出場選手登録の取得済み日を集計。未取得日は登録日数に含めない。
2026,2026-08-06,若月 健矢,オリックス,2,捕,登録中,132,2026-08-04,,NPB出場選手登録の取得済み日を集計。未取得日は登録日数に含めない。
2026,2026-08-06,西川 龍馬,オリックス,7,外,登録中,132,2026-08-04,,NPB出場選手登録の取得済み日を集計。未取得日は登録日数に含めない。
2026,2026-08-06,野口 智哉,オリックス,9,内,登録中,112,2026-08-04,2026-06-10,NPB出場選手登録の取得済み日を集計。未取得日は登録日数に含めない。
2026,2026-08-06,阿部 翔太,オリックス,20,投,登録中,15,2026-08-04,2026-07-20,NPB出場選手登録の取得済み日を集計。未取得日は登録日数に含めない。
2026,2026-08-06,Ａ．マチャド,オリックス,42,投,登録中,132,2026-08-04,,NPB出場選手登録の取得済み日を集計。未取得日は登録日数に含めない。
2026,2026-08-06,Ｓ．ジェリー,オリックス,69,投,登録中,112,2026-08-04,2026-07-08,NPB出場選手登録の取得済み日を集計。未取得日は登録日数に含めない。
2026,2026-08-06,佐藤 一磨,オリックス,93,投,登録外,29,2026-07-05,2026-07-06,NPB出場選手登録の取得済み日を集計。未取得日は登録日数に含めない。
2026,2026-08-06,内藤 鵬,オリックス,25,内,登録外,9,2026-05-31,2026-06-01,NPB出場選手登録の取得済み日を集計。未取得日は登録日数に含めない。
2026,2026-08-06,博志,オリックス,66,投,登録外,69,2026-07-22,2026-07-23,NPB出場選手登録の取得済み日を集計。未取得日は登録日数に含めない。
2026,2026-08-06,古田島 成龍,オリックス,35,投,登録外,22,2026-04-16,2026-04-17,NPB出場選手登録の取得済み日を集計。未取得日は登録日数に含めない。
2026,2026-08-06,堀 柊那,オリックス,62,捕,登録外,8,2026-07-08,2026-07-09,NPB出場選手登録の取得済み日を集計。未取得日は登録日数に含めない。
2026,2026-08-06,大城 滉二,オリックス,10,内,登録外,28,2026-04-22,2026-04-23,NPB出場選手登録の取得済み日を集計。未取得日は登録日数に含めない。
2026,2026-08-06,宮國 凌空,オリックス,65,投,登録外,40,2026-08-02,2026-08-03,NPB出場選手登録の取得済み日を集計。未取得日は登録日数に含めない。
2026,2026-08-06,宮城 大弥,オリックス,18,投,登録外,15,2026-04-09,2026-04-10,NPB出場選手登録の取得済み日を集計。未取得日は登録日数に含めない。
2026,2026-08-06,山口 廉王,オリックス,47,投,登録外,1,2026-07-23,2026-07-24,NPB出場選手登録の取得済み日を集計。未取得日は登録日数に含めない。
2026,2026-08-06,岩嵜 翔,オリックス,40,投,登録外,45,2026-07-16,2026-07-17,NPB出場選手登録の取得済み日を集計。未取得日は登録日数に含めない。
2026,2026-08-06,川瀬 堅斗,オリックス,94,投,登録外,28,2026-07-25,2026-07-26,NPB出場選手登録の取得済み日を集計。未取得日は登録日数に含めない。
2026,2026-08-06,平野 佳寿,オリックス,16,投,登録外,21,2026-04-15,2026-04-16,NPB出場選手登録の取得済み日を集計。未取得日は登録日数に含めない。
2026,2026-08-06,廣岡 大志,オリックス,30,内,登録外,23,2026-04-17,2026-04-18,NPB出場選手登録の取得済み日を集計。未取得日は登録日数に含めない。
2026,2026-08-06,才木 海翔,オリックス,95,投,登録外,33,2026-07-30,2026-07-31,NPB出場選手登録の取得済み日を集計。未取得日は登録日数に含めない。
2026,2026-08-06,曽谷 龍平,オリックス,17,投,登録外,62,2026-06-10,2026-06-11,NPB出場選手登録の取得済み日を集計。未取得日は登録日数に含めない。
2026,2026-08-06,杉本 裕太郎,オリックス,99,外,登録外,31,2026-06-25,2026-06-26,NPB出場選手登録の取得済み日を集計。未取得日は登録日数に含めない。
2026,2026-08-06,東松 快征,オリックス,48,投,登録外,21,2026-04-15,2026-04-16,NPB出場選手登録の取得済み日を集計。未取得日は登録日数に含めない。
2026,2026-08-06,権田 琉成,オリックス,98,投,登録外,75,2026-07-16,2026-07-17,NPB出場選手登録の取得済み日を集計。未取得日は登録日数に含めない。
2026,2026-08-06,横山 楓,オリックス,52,投,登録外,29,2026-04-23,2026-04-24,NPB出場選手登録の取得済み日を集計。未取得日は登録日数に含めない。
2026,2026-08-06,横山 聖哉,オリックス,34,内,登録外,29,2026-06-25,2026-06-26,NPB出場選手登録の取得済み日を集計。未取得日は登録日数に含めない。
2026,2026-08-06,池田 陵真,オリックス,39,外,登録外,8,2026-06-19,2026-06-20,NPB出場選手登録の取得済み日を集計。未取得日は登録日数に含めない。
2026,2026-08-06,田嶋 大樹,オリックス,29,投,登録外,53,2026-07-22,2026-07-23,NPB出場選手登録の取得済み日を集計。未取得日は登録日数に含めない。
2026,2026-08-06,窪田 洋祐,オリックス,58,外,登録外,7,2026-06-11,2026-06-12,NPB出場選手登録の取得済み日を集計。未取得日は登録日数に含めない。
2026,2026-08-06,西野 真弘,オリックス,5,内,登録外,99,2026-07-02,2026-07-03,NPB出場選手登録の取得済み日を集計。未取得日は登録日数に含めない。
2026,2026-08-06,髙島 泰都,オリックス,96,投,登録外,101,2026-08-02,2026-08-03,NPB出場選手登録の取得済み日を集計。未取得日は登録日数に含めない。
2026,2026-08-06,髙谷 舟,オリックス,43,投,登録外,3,2026-04-03,2026-04-04,NPB出場選手登録の取得済み日を集計。未取得日は登録日数に含めない。
2026,2026-08-06,麦谷 祐介,オリックス,8,外,登録外,54,2026-05-18,2026-05-19,NPB出場選手登録の取得済み日を集計。未取得日は登録日数に含めない。
2026,2026-08-06,齋藤 響介,オリックス,26,投,登録外,3,2026-07-22,2026-07-23,NPB出場選手登録の取得済み日を集計。未取得日は登録日数に含めない。
2026,2026-08-06,Ａ．エスピノーザ,オリックス,00,投,登録外,112,2026-07-21,2026-07-22,NPB出場選手登録の取得済み日を集計。未取得日は登録日数に含めない。
2026,2026-08-06,Ｂ．シーモア,オリックス,45,内,登録外,69,2026-07-08,2026-07-09,NPB出場選手登録の取得済み日を集計。未取得日は登録日数に含めない。
2026,2026-08-06,Ｌ．ペルドモ,オリックス,59,投,登録外,33,2026-06-20,2026-06-21,NPB出場選手登録の取得済み日を集計。未取得日は登録日数に含めない。
2026,2026-08-06,上沢 直之,ソフトバンク,10,投,登録中,82,2026-08-04,2026-07-22,NPB出場選手登録の取得済み日を集計。未取得日は登録日数に含めない。
2026,2026-08-06,上茶谷 大河,ソフトバンク,64,投,登録中,132,2026-08-04,,NPB出場選手登録の取得済み日を集計。未取得日は登録日数に含めない。
2026,2026-08-06,中村 稔弥,ソフトバンク,30,投,登録中,59,2026-08-04,,NPB出場選手登録の取得済み日を集計。未取得日は登録日数に含めない。
2026,2026-08-06,今宮 健太,ソフトバンク,6,内,登録中,132,2026-08-04,,NPB出場選手登録の取得済み日を集計。未取得日は登録日数に含めない。
2026,2026-08-06,伊藤 優輔,ソフトバンク,42,投,登録中,95,2026-08-04,2026-07-19,NPB出場選手登録の取得済み日を集計。未取得日は登録日数に含めない。
2026,2026-08-06,前田 悠伍,ソフトバンク,41,投,登録中,79,2026-08-04,2026-07-09,NPB出場選手登録の取得済み日を集計。未取得日は登録日数に含めない。
2026,2026-08-06,周東 佑京,ソフトバンク,23,外,登録中,132,2026-08-04,,NPB出場選手登録の取得済み日を集計。未取得日は登録日数に含めない。
2026,2026-08-06,山本 祐大,ソフトバンク,39,捕,登録中,85,2026-08-04,2026-06-06,NPB出場選手登録の取得済み日を集計。未取得日は登録日数に含めない。
2026,2026-08-06,川村 友斗,ソフトバンク,61,外,登録中,132,2026-08-04,,NPB出場選手登録の取得済み日を集計。未取得日は登録日数に含めない。
2026,2026-08-06,川瀬 晃,ソフトバンク,0,内,登録中,118,2026-08-04,2026-05-26,NPB出場選手登録の取得済み日を集計。未取得日は登録日数に含めない。
2026,2026-08-06,庄子 雄大,ソフトバンク,25,内,登録中,132,2026-08-04,,NPB出場選手登録の取得済み日を集計。未取得日は登録日数に含めない。
2026,2026-08-06,木村 光,ソフトバンク,68,投,登録中,93,2026-08-04,2026-06-22,NPB出場選手登録の取得済み日を集計。未取得日は登録日数に含めない。
2026,2026-08-06,杉山 一樹,ソフトバンク,40,投,登録中,108,2026-08-04,2026-04-12,NPB出場選手登録の取得済み日を集計。未取得日は登録日数に含めない。
2026,2026-08-06,松本 晴,ソフトバンク,49,投,登録中,83,2026-08-04,2026-07-13,NPB出場選手登録の取得済み日を集計。未取得日は登録日数に含めない。
2026,2026-08-06,松本 裕樹,ソフトバンク,66,投,登録中,132,2026-08-04,,NPB出場選手登録の取得済み日を集計。未取得日は登録日数に含めない。
2026,2026-08-06,柳田 悠岐,ソフトバンク,9,外,登録中,132,2026-08-04,,NPB出場選手登録の取得済み日を集計。未取得日は登録日数に含めない。
2026,2026-08-06,柳町 達,ソフトバンク,32,外,登録中,103,2026-08-04,2026-05-12,NPB出場選手登録の取得済み日を集計。未取得日は登録日数に含めない。
2026,2026-08-06,栗原 陵矢,ソフトバンク,24,内,登録中,132,2026-08-04,,NPB出場選手登録の取得済み日を集計。未取得日は登録日数に含めない。
2026,2026-08-06,正木 智也,ソフトバンク,31,外,登録中,82,2026-08-04,,NPB出場選手登録の取得済み日を集計。未取得日は登録日数に含めない。
2026,2026-08-06,津森 宥紀,ソフトバンク,11,投,登録中,109,2026-08-04,,NPB出場選手登録の取得済み日を集計。未取得日は登録日数に含めない。
2026,2026-08-06,海野 隆司,ソフトバンク,62,捕,登録中,132,2026-08-04,,NPB出場選手登録の取得済み日を集計。未取得日は登録日数に含めない。
2026,2026-08-06,渡邉 陸,ソフトバンク,00,捕,登録中,83,2026-08-04,2026-05-13,NPB出場選手登録の取得済み日を集計。未取得日は登録日数に含めない。
2026,2026-08-06,牧原 大成,ソフトバンク,8,内,登録中,132,2026-08-04,,NPB出場選手登録の取得済み日を集計。未取得日は登録日数に含めない。
2026,2026-08-06,谷川原 健太,ソフトバンク,45,捕,登録中,132,2026-08-04,,NPB出場選手登録の取得済み日を集計。未取得日は登録日数に含めない。
2026,2026-08-06,近藤 健介,ソフトバンク,3,外,登録中,130,2026-08-04,2026-05-17,NPB出場選手登録の取得済み日を集計。未取得日は登録日数に含めない。
2026,2026-08-06,野村 勇,ソフトバンク,99,内,登録中,122,2026-08-04,2026-07-09,NPB出場選手登録の取得済み日を集計。未取得日は登録日数に含めない。
2026,2026-08-06,鈴木 豪太,ソフトバンク,26,投,登録中,122,2026-08-04,2026-04-26,NPB出場選手登録の取得済み日を集計。未取得日は登録日数に含めない。
2026,2026-08-06,Ｄ．ヘルナンデス,ソフトバンク,63,投,登録中,98,2026-08-04,2026-06-10,NPB出場選手登録の取得済み日を集計。未取得日は登録日数に含めない。
2026,2026-08-06,Ｊ．ダウンズ,ソフトバンク,4,内,登録中,31,2026-08-04,,NPB出場選手登録の取得済み日を集計。未取得日は登録日数に含めない。
2026,2026-08-06,Ｒ．オスナ,ソフトバンク,54,投,登録中,113,2026-08-04,,NPB出場選手登録の取得済み日を集計。未取得日は登録日数に含めない。
2026,2026-08-06,イヒネ イツア,ソフトバンク,36,内,登録外,32,2026-04-26,2026-04-27,NPB出場選手登録の取得済み日を集計。未取得日は登録日数に含めない。
2026,2026-08-06,中村 晃,ソフトバンク,7,内,登録外,75,2026-06-08,2026-06-09,NPB出場選手登録の取得済み日を集計。未取得日は登録日数に含めない。
2026,2026-08-06,前田 純,ソフトバンク,51,投,登録外,12,2026-06-25,2026-06-26,NPB出場選手登録の取得済み日を集計。未取得日は登録日数に含めない。
2026,2026-08-06,北斗,ソフトバンク,43,投,登録外,1,2026-07-04,2026-07-05,NPB出場選手登録の取得済み日を集計。未取得日は登録日数に含めない。
2026,2026-08-06,大山 凌,ソフトバンク,53,投,登録外,5,2026-05-26,2026-05-27,NPB出場選手登録の取得済み日を集計。未取得日は登録日数に含めない。
2026,2026-08-06,大江 竜聖,ソフトバンク,29,投,登録外,11,2026-05-23,2026-05-24,NPB出場選手登録の取得済み日を集計。未取得日は登録日数に含めない。
2026,2026-08-06,大津 亮介,ソフトバンク,19,投,登録外,115,2026-07-25,2026-07-26,NPB出場選手登録の取得済み日を集計。未取得日は登録日数に含めない。
2026,2026-08-06,大竹 風雅,ソフトバンク,59,投,登録外,37,2026-07-26,2026-07-27,NPB出場選手登録の取得済み日を集計。未取得日は登録日数に含めない。
2026,2026-08-06,大野 稼頭央,ソフトバンク,60,投,登録外,26,2026-05-20,2026-05-21,NPB出場選手登録の取得済み日を集計。未取得日は登録日数に含めない。
2026,2026-08-06,大関 友久,ソフトバンク,47,投,登録外,56,2026-07-20,2026-07-21,NPB出場選手登録の取得済み日を集計。未取得日は登録日数に含めない。
2026,2026-08-06,山川 穂高,ソフトバンク,5,内,登録外,67,2026-05-31,2026-06-01,NPB出場選手登録の取得済み日を集計。未取得日は登録日数に含めない。
2026,2026-08-06,山本 恵大,ソフトバンク,77,外,登録外,30,2026-07-28,2026-07-29,NPB出場選手登録の取得済み日を集計。未取得日は登録日数に含めない。
2026,2026-08-06,岩井 俊介,ソフトバンク,27,投,登録外,30,2026-07-22,2026-07-23,NPB出場選手登録の取得済み日を集計。未取得日は登録日数に含めない。
2026,2026-08-06,廣瀨 隆太,ソフトバンク,33,内,登録外,62,2026-07-18,2026-07-19,NPB出場選手登録の取得済み日を集計。未取得日は登録日数に含めない。
2026,2026-08-06,徐 若熙,ソフトバンク,18,投,登録外,26,2026-06-07,2026-06-08,NPB出場選手登録の取得済み日を集計。未取得日は登録日数に含めない。
2026,2026-08-06,木村 大成,ソフトバンク,58,投,登録外,2,2026-05-30,2026-05-31,NPB出場選手登録の取得済み日を集計。未取得日は登録日数に含めない。
2026,2026-08-06,石塚 綜一郎,ソフトバンク,55,捕,登録外,5,2026-06-23,2026-06-24,NPB出場選手登録の取得済み日を集計。未取得日は登録日数に含めない。
2026,2026-08-06,稲川 竜汰,ソフトバンク,13,投,登録外,7,2026-04-01,2026-04-02,NPB出場選手登録の取得済み日を集計。未取得日は登録日数に含めない。
2026,2026-08-06,笹川 吉康,ソフトバンク,44,外,登録外,16,2026-05-13,2026-05-14,NPB出場選手登録の取得済み日を集計。未取得日は登録日数に含めない。
2026,2026-08-06,緒方 理貢,ソフトバンク,57,外,登録外,7,2026-07-16,2026-07-17,NPB出場選手登録の取得済み日を集計。未取得日は登録日数に含めない。
2026,2026-08-06,藤原 大翔,ソフトバンク,22,投,登録外,8,2026-05-20,2026-05-21,NPB出場選手登録の取得済み日を集計。未取得日は登録日数に含めない。
2026,2026-08-06,髙橋 隆慶,ソフトバンク,56,内,登録外,20,2026-06-17,2026-06-18,NPB出場選手登録の取得済み日を集計。未取得日は登録日数に含めない。
2026,2026-08-06,Ａ．アルメンタ,ソフトバンク,34,投,登録外,2,2026-06-14,2026-06-15,NPB出場選手登録の取得済み日を集計。未取得日は登録日数に含めない。
2026,2026-08-06,Ｃ．スチュワート・ジュニア,ソフトバンク,2,投,登録外,73,2026-07-24,2026-07-25,NPB出場選手登録の取得済み日を集計。未取得日は登録日数に含めない。
2026,2026-08-06,モンテル,ヤクルト,90,外,登録中,74,2026-08-04,,NPB出場選手登録の取得済み日を集計。未取得日は登録日数に含めない。
2026,2026-08-06,丸山 翔大,ヤクルト,68,投,登録中,117,2026-08-04,,NPB出場選手登録の取得済み日を集計。未取得日は登録日数に含めない。
2026,2026-08-06,内山 壮真,ヤクルト,3,内,登録中,84,2026-08-04,2026-06-20,NPB出場選手登録の取得済み日を集計。未取得日は登録日数に含めない。
2026,2026-08-06,古賀 優大,ヤクルト,2,捕,登録中,132,2026-08-04,,NPB出場選手登録の取得済み日を集計。未取得日は登録日数に含めない。
2026,2026-08-06,吉村 貢司郎,ヤクルト,21,投,登録中,102,2026-08-04,2026-05-13,NPB出場選手登録の取得済み日を集計。未取得日は登録日数に含めない。
2026,2026-08-06,塩見 泰隆,ヤクルト,9,外,登録中,68,2026-08-04,,NPB出場選手登録の取得済み日を集計。未取得日は登録日数に含めない。
2026,2026-08-06,増田 珠,ヤクルト,63,外,登録中,132,2026-08-04,,NPB出場選手登録の取得済み日を集計。未取得日は登録日数に含めない。
2026,2026-08-06,奥川 恭伸,ヤクルト,18,投,登録中,114,2026-08-04,2026-05-05,NPB出場選手登録の取得済み日を集計。未取得日は登録日数に含めない。
2026,2026-08-06,宮本 丈,ヤクルト,10,内,登録中,64,2026-08-04,2026-05-13,NPB出場選手登録の取得済み日を集計。未取得日は登録日数に含めない。
2026,2026-08-06,山野辺 翔,ヤクルト,37,内,登録中,50,2026-08-04,2026-05-29,NPB出場選手登録の取得済み日を集計。未取得日は登録日数に含めない。
2026,2026-08-06,岩田 幸宏,ヤクルト,64,外,登録中,132,2026-08-04,,NPB出場選手登録の取得済み日を集計。未取得日は登録日数に含めない。
2026,2026-08-06,廣澤 優,ヤクルト,70,投,登録中,132,2026-08-04,,NPB出場選手登録の取得済み日を集計。未取得日は登録日数に含めない。
2026,2026-08-06,星 知弥,ヤクルト,24,投,登録中,113,2026-08-04,2026-07-12,NPB出場選手登録の取得済み日を集計。未取得日は登録日数に含めない。
2026,2026-08-06,松本 直樹,ヤクルト,32,捕,登録中,32,2026-08-04,2026-06-29,NPB出場選手登録の取得済み日を集計。未取得日は登録日数に含めない。
2026,2026-08-06,武岡 龍世,ヤクルト,60,内,登録中,122,2026-08-04,2026-07-06,NPB出場選手登録の取得済み日を集計。未取得日は登録日数に含めない。
2026,2026-08-06,清水 昇,ヤクルト,17,投,登録中,132,2026-08-04,,NPB出場選手登録の取得済み日を集計。未取得日は登録日数に含めない。
2026,2026-08-06,澤井 廉,ヤクルト,42,外,登録中,28,2026-08-04,2026-05-29,NPB出場選手登録の取得済み日を集計。未取得日は登録日数に含めない。
2026,2026-08-06,田口 麗斗,ヤクルト,34,投,登録中,44,2026-08-04,2026-05-04,NPB出場選手登録の取得済み日を集計。未取得日は登録日数に含めない。
2026,2026-08-06,石井 巧,ヤクルト,38,内,登録中,67,2026-08-04,2026-06-01,NPB出場選手登録の取得済み日を集計。未取得日は登録日数に含めない。
2026,2026-08-06,荘司 宏太,ヤクルト,30,投,登録中,91,2026-08-04,2026-06-11,NPB出場選手登録の取得済み日を集計。未取得日は登録日数に含めない。
2026,2026-08-06,西村 瑠伊斗,ヤクルト,36,外,登録中,3,2026-08-04,,NPB出場選手登録の取得済み日を集計。未取得日は登録日数に含めない。
2026,2026-08-06,赤羽 由紘,ヤクルト,00,内,登録中,106,2026-08-04,2026-05-07,NPB出場選手登録の取得済み日を集計。未取得日は登録日数に含めない。
2026,2026-08-06,鈴木 叶,ヤクルト,65,捕,登録中,79,2026-08-04,2026-06-08,NPB出場選手登録の取得済み日を集計。未取得日は登録日数に含めない。
2026,2026-08-06,長岡 秀樹,ヤクルト,7,内,登録中,117,2026-08-04,2026-04-30,NPB出場選手登録の取得済み日を集計。未取得日は登録日数に含めない。
2026,2026-08-06,阪口 皓亮,ヤクルト,66,投,登録中,84,2026-08-04,,NPB出場選手登録の取得済み日を集計。未取得日は登録日数に含めない。
2026,2026-08-06,高橋 奎二,ヤクルト,47,投,登録中,68,2026-08-04,2026-06-11,NPB出場選手登録の取得済み日を集計。未取得日は登録日数に含めない。
2026,2026-08-06,Ｄ．サンタナ,ヤクルト,25,外,登録中,132,2026-08-04,,NPB出場選手登録の取得済み日を集計。未取得日は登録日数に含めない。
2026,2026-08-06,Ｊ．キハダ,ヤクルト,11,投,登録中,132,2026-08-04,,NPB出場選手登録の取得済み日を集計。未取得日は登録日数に含めない。
2026,2026-08-06,Ｊ．リランソ,ヤクルト,62,投,登録中,92,2026-08-04,2026-04-23,NPB出場選手登録の取得済み日を集計。未取得日は登録日数に含めない。
2026,2026-08-06,Ｎ．ウォルターズ,ヤクルト,58,投,登録中,7,2026-08-04,2026-07-21,NPB出場選手登録の取得済み日を集計。未取得日は登録日数に含めない。
2026,2026-08-06,モイセエフ ニキータ,ヤクルト,31,外,登録外,15,2026-07-26,2026-07-27,NPB出場選手登録の取得済み日を集計。未取得日は登録日数に含めない。
2026,2026-08-06,下川 隼佑,ヤクルト,69,投,登録外,9,2026-07-26,2026-07-27,NPB出場選手登録の取得済み日を集計。未取得日は登録日数に含めない。
2026,2026-08-06,並木 秀尊,ヤクルト,0,外,登録外,33,2026-05-16,2026-05-17,NPB出場選手登録の取得済み日を集計。未取得日は登録日数に含めない。
2026,2026-08-06,中村 悠平,ヤクルト,27,捕,登録外,111,2026-07-22,2026-07-23,NPB出場選手登録の取得済み日を集計。未取得日は登録日数に含めない。
2026,2026-08-06,丸山 和郁,ヤクルト,4,外,登録外,73,2026-08-01,2026-08-02,NPB出場選手登録の取得済み日を集計。未取得日は登録日数に含めない。
2026,2026-08-06,伊藤 琉偉,ヤクルト,67,内,登録外,113,2026-07-16,2026-07-17,NPB出場選手登録の取得済み日を集計。未取得日は登録日数に含めない。
2026,2026-08-06,北村 恵吾,ヤクルト,50,内,登録外,29,2026-05-10,2026-05-11,NPB出場選手登録の取得済み日を集計。未取得日は登録日数に含めない。
2026,2026-08-06,増居 翔太,ヤクルト,43,投,登録外,9,2026-07-16,2026-07-17,NPB出場選手登録の取得済み日を集計。未取得日は登録日数に含めない。
2026,2026-08-06,大西 広樹,ヤクルト,44,投,登録外,37,2026-07-21,2026-07-22,NPB出場選手登録の取得済み日を集計。未取得日は登録日数に含めない。
2026,2026-08-06,大道 温貴,ヤクルト,46,投,登録外,13,2026-05-31,2026-06-01,NPB出場選手登録の取得済み日を集計。未取得日は登録日数に含めない。
2026,2026-08-06,小川 泰弘,ヤクルト,29,投,登録外,31,2026-06-04,2026-06-05,NPB出場選手登録の取得済み日を集計。未取得日は登録日数に含めない。
2026,2026-08-06,小澤 怜史,ヤクルト,45,投,登録外,76,2026-07-18,2026-07-19,NPB出場選手登録の取得済み日を集計。未取得日は登録日数に含めない。
2026,2026-08-06,山野 太一,ヤクルト,26,投,登録外,108,2026-07-21,2026-07-22,NPB出場選手登録の取得済み日を集計。未取得日は登録日数に含めない。
2026,2026-08-06,拓也,ヤクルト,41,投,登録外,28,2026-06-13,2026-06-14,NPB出場選手登録の取得済み日を集計。未取得日は登録日数に含めない。
2026,2026-08-06,木澤 尚文,ヤクルト,20,投,登録外,53,2026-05-17,2026-05-18,NPB出場選手登録の取得済み日を集計。未取得日は登録日数に含めない。
2026,2026-08-06,松下 歩叶,ヤクルト,6,内,登録外,48,2026-07-15,2026-07-16,NPB出場選手登録の取得済み日を集計。未取得日は登録日数に含めない。
2026,2026-08-06,松本 健吾,ヤクルト,28,投,登録外,108,2026-07-18,2026-07-19,NPB出場選手登録の取得済み日を集計。未取得日は登録日数に含めない。
2026,2026-08-06,柿沼 友哉,ヤクルト,48,捕,登録外,8,2026-04-02,2026-04-03,NPB出場選手登録の取得済み日を集計。未取得日は登録日数に含めない。
2026,2026-08-06,橋本 星哉,ヤクルト,52,捕,登録外,32,2026-04-26,2026-04-27,NPB出場選手登録の取得済み日を集計。未取得日は登録日数に含めない。
2026,2026-08-06,田中 陽翔,ヤクルト,54,内,登録外,49,2026-05-13,2026-05-14,NPB出場選手登録の取得済み日を集計。未取得日は登録日数に含めない。
2026,2026-08-06,矢野 泰二郎,ヤクルト,57,捕,登録外,27,2026-07-26,2026-07-27,NPB出場選手登録の取得済み日を集計。未取得日は登録日数に含めない。
2026,2026-08-06,石原 勇輝,ヤクルト,35,投,登録外,14,2026-07-26,2026-07-27,NPB出場選手登録の取得済み日を集計。未取得日は登録日数に含めない。
2026,2026-08-06,茂木 栄五郎,ヤクルト,8,内,登録外,57,2026-06-23,2026-06-24,NPB出場選手登録の取得済み日を集計。未取得日は登録日数に含めない。
2026,2026-08-06,西舘 昂汰,ヤクルト,14,投,登録外,1,2026-07-25,2026-07-26,NPB出場選手登録の取得済み日を集計。未取得日は登録日数に含めない。
2026,2026-08-06,長谷川 宙輝,ヤクルト,53,投,登録外,1,2026-07-17,2026-07-18,NPB出場選手登録の取得済み日を集計。未取得日は登録日数に含めない。
2026,2026-08-06,飯田 琉斗,ヤクルト,61,投,登録外,22,2026-06-28,2026-06-29,NPB出場選手登録の取得済み日を集計。未取得日は登録日数に含めない。
2026,2026-08-06,高梨 裕稔,ヤクルト,40,投,登録外,63,2026-06-06,2026-06-07,NPB出場選手登録の取得済み日を集計。未取得日は登録日数に含めない。
2026,2026-08-06,Ｊ．オスナ,ヤクルト,13,内,登録外,88,2026-07-05,2026-07-06,NPB出場選手登録の取得済み日を集計。未取得日は登録日数に含めない。
2026,2026-08-06,Ｌ．セデーニョ,ヤクルト,98,内,登録外,13,2026-07-19,2026-07-20,NPB出場選手登録の取得済み日を集計。未取得日は登録日数に含めない。
2026,2026-08-06,上田 希由翔,ロッテ,10,内,登録中,92,2026-08-04,2026-05-28,NPB出場選手登録の取得済み日を集計。未取得日は登録日数に含めない。
2026,2026-08-06,中森 俊介,ロッテ,56,投,登録中,93,2026-08-04,,NPB出場選手登録の取得済み日を集計。未取得日は登録日数に含めない。
2026,2026-08-06,佐藤 都志也,ロッテ,32,捕,登録中,132,2026-08-04,,NPB出場選手登録の取得済み日を集計。未取得日は登録日数に含めない。
2026,2026-08-06,八木 彬,ロッテ,33,投,登録中,118,2026-08-04,,NPB出場選手登録の取得済み日を集計。未取得日は登録日数に含めない。
2026,2026-08-06,友杉 篤輝,ロッテ,4,内,登録中,119,2026-08-04,2026-07-22,NPB出場選手登録の取得済み日を集計。未取得日は登録日数に含めない。
2026,2026-08-06,坂本 光士郎,ロッテ,36,投,登録中,95,2026-08-04,2026-04-22,NPB出場選手登録の取得済み日を集計。未取得日は登録日数に含めない。
2026,2026-08-06,安田 尚憲,ロッテ,5,内,登録中,67,2026-08-04,,NPB出場選手登録の取得済み日を集計。未取得日は登録日数に含めない。
2026,2026-08-06,小島 和哉,ロッテ,14,投,登録中,80,2026-08-04,2026-07-23,NPB出場選手登録の取得済み日を集計。未取得日は登録日数に含めない。
2026,2026-08-06,小川 龍成,ロッテ,57,内,登録中,132,2026-08-04,,NPB出場選手登録の取得済み日を集計。未取得日は登録日数に含めない。
2026,2026-08-06,小野 郁,ロッテ,37,投,登録中,101,2026-08-04,,NPB出場選手登録の取得済み日を集計。未取得日は登録日数に含めない。
2026,2026-08-06,山口 航輝,ロッテ,51,外,登録中,109,2026-08-04,2026-04-19,NPB出場選手登録の取得済み日を集計。未取得日は登録日数に含めない。
2026,2026-08-06,山本 大斗,ロッテ,61,外,登録中,89,2026-08-04,2026-06-29,NPB出場選手登録の取得済み日を集計。未取得日は登録日数に含めない。
2026,2026-08-06,山﨑 剛,ロッテ,38,内,登録中,35,2026-08-04,2026-06-14,NPB出場選手登録の取得済み日を集計。未取得日は登録日数に含めない。
2026,2026-08-06,廣池 康志郎,ロッテ,64,投,登録中,111,2026-08-04,2026-05-18,NPB出場選手登録の取得済み日を集計。未取得日は登録日数に含めない。
2026,2026-08-06,愛斗,ロッテ,50,外,登録中,72,2026-08-04,2026-05-07,NPB出場選手登録の取得済み日を集計。未取得日は登録日数に含めない。
2026,2026-08-06,松川 虎生,ロッテ,2,捕,登録中,132,2026-08-04,,NPB出場選手登録の取得済み日を集計。未取得日は登録日数に含めない。
2026,2026-08-06,横山 陸人,ロッテ,15,投,登録中,132,2026-08-04,,NPB出場選手登録の取得済み日を集計。未取得日は登録日数に含めない。
2026,2026-08-06,毛利 海大,ロッテ,13,投,登録中,76,2026-08-04,2026-06-11,NPB出場選手登録の取得済み日を集計。未取得日は登録日数に含めない。
2026,2026-08-06,池田 来翔,ロッテ,00,内,登録中,112,2026-08-04,2026-04-05,NPB出場選手登録の取得済み日を集計。未取得日は登録日数に含めない。
2026,2026-08-06,澤田 圭佑,ロッテ,54,投,登録中,132,2026-08-04,,NPB出場選手登録の取得済み日を集計。未取得日は登録日数に含めない。
2026,2026-08-06,益田 直也,ロッテ,52,投,登録中,132,2026-08-04,,NPB出場選手登録の取得済み日を集計。未取得日は登録日数に含めない。
2026,2026-08-06,石垣 勝海,ロッテ,43,内,登録中,19,2026-08-04,2026-04-10,NPB出場選手登録の取得済み日を集計。未取得日は登録日数に含めない。
2026,2026-08-06,石川 慎吾,ロッテ,23,外,登録中,41,2026-08-04,2026-05-12,NPB出場選手登録の取得済み日を集計。未取得日は登録日数に含めない。
2026,2026-08-06,石川 柊太,ロッテ,21,投,登録中,20,2026-08-04,,NPB出場選手登録の取得済み日を集計。未取得日は登録日数に含めない。
2026,2026-08-06,藤原 恭大,ロッテ,1,外,登録中,82,2026-08-04,2026-05-11,NPB出場選手登録の取得済み日を集計。未取得日は登録日数に含めない。
2026,2026-08-06,西川 史礁,ロッテ,6,外,登録中,132,2026-08-04,,NPB出場選手登録の取得済み日を集計。未取得日は登録日数に含めない。
2026,2026-08-06,鈴木 昭汰,ロッテ,47,投,登録中,132,2026-08-04,,NPB出場選手登録の取得済み日を集計。未取得日は登録日数に含めない。
2026,2026-08-06,Ａ．ジャクソン,ロッテ,42,投,登録中,126,2026-08-04,,NPB出場選手登録の取得済み日を集計。未取得日は登録日数に含めない。
2026,2026-08-06,Ｎ．ソト,ロッテ,99,内,登録中,132,2026-08-04,,NPB出場選手登録の取得済み日を集計。未取得日は登録日数に含めない。
2026,2026-08-06,井上 広大,ロッテ,39,外,登録外,80,2026-08-02,2026-08-03,NPB出場選手登録の取得済み日を集計。未取得日は登録日数に含めない。
2026,2026-08-06,和田 康士朗,ロッテ,63,外,登録外,115,2026-07-18,2026-07-19,NPB出場選手登録の取得済み日を集計。未取得日は登録日数に含めない。
2026,2026-08-06,唐川 侑己,ロッテ,19,投,登録外,1,2026-05-30,2026-05-31,NPB出場選手登録の取得済み日を集計。未取得日は登録日数に含めない。
2026,2026-08-06,大聖,ロッテ,60,投,登録外,6,2026-07-15,2026-07-16,NPB出場選手登録の取得済み日を集計。未取得日は登録日数に含めない。
2026,2026-08-06,宮崎 竜成,ロッテ,44,内,登録外,105,2026-07-08,2026-07-09,NPB出場選手登録の取得済み日を集計。未取得日は登録日数に含めない。
2026,2026-08-06,宮﨑 颯,ロッテ,66,投,登録外,20,2026-04-14,2026-04-15,NPB出場選手登録の取得済み日を集計。未取得日は登録日数に含めない。
2026,2026-08-06,寺地 隆成,ロッテ,65,捕,登録外,110,2026-08-02,2026-08-03,NPB出場選手登録の取得済み日を集計。未取得日は登録日数に含めない。
2026,2026-08-06,岡 大海,ロッテ,25,外,登録外,42,2026-05-29,2026-05-30,NPB出場選手登録の取得済み日を集計。未取得日は登録日数に含めない。
2026,2026-08-06,廣畑 敦也,ロッテ,30,投,登録外,30,2026-06-13,2026-06-14,NPB出場選手登録の取得済み日を集計。未取得日は登録日数に含めない。
2026,2026-08-06,木村 優人,ロッテ,53,投,登録外,17,2026-04-16,2026-04-17,NPB出場選手登録の取得済み日を集計。未取得日は登録日数に含めない。
2026,2026-08-06,東妻 勇輔,ロッテ,24,投,登録外,7,2026-05-01,2026-05-02,NPB出場選手登録の取得済み日を集計。未取得日は登録日数に含めない。
2026,2026-08-06,櫻井 ユウヤ,ロッテ,55,内,登録外,4,2026-06-03,2026-06-04,NPB出場選手登録の取得済み日を集計。未取得日は登録日数に含めない。
2026,2026-08-06,河村 説人,ロッテ,58,投,登録外,40,2026-07-31,2026-08-01,NPB出場選手登録の取得済み日を集計。未取得日は登録日数に含めない。
2026,2026-08-06,田中 晴也,ロッテ,35,投,登録外,68,2026-06-13,2026-06-14,NPB出場選手登録の取得済み日を集計。未取得日は登録日数に含めない。
2026,2026-08-06,田村 龍弘,ロッテ,27,捕,登録外,15,2026-05-03,2026-05-04,NPB出場選手登録の取得済み日を集計。未取得日は登録日数に含めない。
2026,2026-08-06,種市 篤暉,ロッテ,16,投,登録外,9,2026-04-25,2026-04-26,NPB出場選手登録の取得済み日を集計。未取得日は登録日数に含めない。
2026,2026-08-06,菊地 吏玖,ロッテ,28,投,登録外,7,2026-04-22,2026-04-23,NPB出場選手登録の取得済み日を集計。未取得日は登録日数に含めない。
2026,2026-08-06,藤岡 裕大,ロッテ,7,内,登録外,15,2026-04-22,2026-04-23,NPB出場選手登録の取得済み日を集計。未取得日は登録日数に含めない。
2026,2026-08-06,西野 勇士,ロッテ,29,投,登録外,33,2026-05-23,2026-05-24,NPB出場選手登録の取得済み日を集計。未取得日は登録日数に含めない。
2026,2026-08-06,角中 勝也,ロッテ,3,外,登録外,18,2026-07-20,2026-07-21,NPB出場選手登録の取得済み日を集計。未取得日は登録日数に含めない。
2026,2026-08-06,高野 脩汰,ロッテ,34,投,登録外,105,2026-07-08,2026-07-09,NPB出場選手登録の取得済み日を集計。未取得日は登録日数に含めない。
2026,2026-08-06,髙部 瑛斗,ロッテ,0,外,登録外,61,2026-06-11,2026-06-12,NPB出場選手登録の取得済み日を集計。未取得日は登録日数に含めない。
2026,2026-08-06,Ｇ．ポランコ,ロッテ,22,外,登録外,89,2026-07-01,2026-07-02,NPB出場選手登録の取得済み日を集計。未取得日は登録日数に含めない。
2026,2026-08-06,Ｊ．カスティーヨ,ロッテ,11,投,登録外,25,2026-07-15,2026-07-16,NPB出場選手登録の取得済み日を集計。未取得日は登録日数に含めない。
2026,2026-08-06,Ｓ．ロング,ロッテ,73,投,登録外,105,2026-08-01,2026-08-02,NPB出場選手登録の取得済み日を集計。未取得日は登録日数に含めない。
2026,2026-08-06,三浦 瑞樹,中日,69,投,登録中,14,2026-08-04,,NPB出場選手登録の取得済み日を集計。未取得日は登録日数に含めない。
2026,2026-08-06,伊藤 茉央,中日,32,投,登録中,84,2026-08-04,,NPB出場選手登録の取得済み日を集計。未取得日は登録日数に含めない。
2026,2026-08-06,加藤 匠馬,中日,49,捕,登録中,112,2026-08-04,2026-07-15,NPB出場選手登録の取得済み日を集計。未取得日は登録日数に含めない。
2026,2026-08-06,吉田 聖弥,中日,47,投,登録中,115,2026-08-04,,NPB出場選手登録の取得済み日を集計。未取得日は登録日数に含めない。
2026,2026-08-06,土田 龍空,中日,45,内,登録中,103,2026-08-04,,NPB出場選手登録の取得済み日を集計。未取得日は登録日数に含めない。
2026,2026-08-06,大野 雄大,中日,22,投,登録中,96,2026-08-04,2026-07-19,NPB出場選手登録の取得済み日を集計。未取得日は登録日数に含めない。
2026,2026-08-06,尾田 剛樹,中日,00,外,登録中,106,2026-08-04,2026-06-07,NPB出場選手登録の取得済み日を集計。未取得日は登録日数に含めない。
2026,2026-08-06,岡林 勇希,中日,1,外,登録中,70,2026-08-04,2026-04-04,NPB出場選手登録の取得済み日を集計。未取得日は登録日数に含めない。
2026,2026-08-06,木下 拓哉,中日,35,捕,登録中,92,2026-08-04,2026-06-05,NPB出場選手登録の取得済み日を集計。未取得日は登録日数に含めない。
2026,2026-08-06,村松 開人,中日,5,内,登録中,132,2026-08-04,,NPB出場選手登録の取得済み日を集計。未取得日は登録日数に含めない。
2026,2026-08-06,松山 晋也,中日,90,投,登録中,120,2026-08-04,,NPB出場選手登録の取得済み日を集計。未取得日は登録日数に含めない。
2026,2026-08-06,板山 祐太郎,中日,63,内,登録中,132,2026-08-04,,NPB出場選手登録の取得済み日を集計。未取得日は登録日数に含めない。
2026,2026-08-06,柳 裕也,中日,17,投,登録中,132,2026-08-04,,NPB出場選手登録の取得済み日を集計。未取得日は登録日数に含めない。
2026,2026-08-06,樋口 正修,中日,97,内,登録中,30,2026-08-04,2026-04-11,NPB出場選手登録の取得済み日を集計。未取得日は登録日数に含めない。
2026,2026-08-06,橋本 侑樹,中日,13,投,登録中,82,2026-08-04,2026-04-06,NPB出場選手登録の取得済み日を集計。未取得日は登録日数に含めない。
2026,2026-08-06,石伊 雄太,中日,9,捕,登録中,119,2026-08-04,2026-04-01,NPB出場選手登録の取得済み日を集計。未取得日は登録日数に含めない。
2026,2026-08-06,石川 昂弥,中日,25,内,登録中,90,2026-08-04,2026-04-01,NPB出場選手登録の取得済み日を集計。未取得日は登録日数に含めない。
2026,2026-08-06,福永 裕基,中日,7,内,登録中,110,2026-08-04,2026-05-13,NPB出場選手登録の取得済み日を集計。未取得日は登録日数に含めない。
2026,2026-08-06,細川 成也,中日,55,外,登録中,132,2026-08-04,,NPB出場選手登録の取得済み日を集計。未取得日は登録日数に含めない。
2026,2026-08-06,草加 勝,中日,14,投,登録中,62,2026-08-04,,NPB出場選手登録の取得済み日を集計。未取得日は登録日数に含めない。
2026,2026-08-06,藤嶋 健人,中日,54,投,登録中,132,2026-08-04,,NPB出場選手登録の取得済み日を集計。未取得日は登録日数に含めない。
2026,2026-08-06,金丸 夢斗,中日,21,投,登録中,127,2026-08-04,,NPB出場選手登録の取得済み日を集計。未取得日は登録日数に含めない。
2026,2026-08-06,阿部 寿樹,中日,48,内,登録中,132,2026-08-04,,NPB出場選手登録の取得済み日を集計。未取得日は登録日数に含めない。
2026,2026-08-06,高橋 周平,中日,3,内,登録中,125,2026-08-04,,NPB出場選手登録の取得済み日を集計。未取得日は登録日数に含めない。
2026,2026-08-06,髙橋 宏斗,中日,19,投,登録中,60,2026-08-04,2026-07-21,NPB出場選手登録の取得済み日を集計。未取得日は登録日数に含めない。
2026,2026-08-06,齋藤 綱記,中日,59,投,登録中,122,2026-08-04,,NPB出場選手登録の取得済み日を集計。未取得日は登録日数に含めない。
2026,2026-08-06,Ａ．アブレウ,中日,28,投,登録中,49,2026-08-04,2026-03-28,NPB出場選手登録の取得済み日を集計。未取得日は登録日数に含めない。
2026,2026-08-06,Ｊ．ボスラー,中日,24,外,登録中,88,2026-08-04,2026-06-05,NPB出場選手登録の取得済み日を集計。未取得日は登録日数に含めない。
2026,2026-08-06,Ｋ．マラー,中日,93,投,登録中,71,2026-08-04,2026-07-15,NPB出場選手登録の取得済み日を集計。未取得日は登録日数に含めない。
2026,2026-08-06,Ｍ．サノー,中日,23,内,登録中,79,2026-08-04,2026-04-15,NPB出場選手登録の取得済み日を集計。未取得日は登録日数に含めない。
2026,2026-08-06,ブライト 健太,中日,42,外,登録外,9,2026-04-21,2026-04-22,NPB出場選手登録の取得済み日を集計。未取得日は登録日数に含めない。
2026,2026-08-06,中西 聖輝,中日,11,投,登録外,34,2026-07-22,2026-07-23,NPB出場選手登録の取得済み日を集計。未取得日は登録日数に含めない。
2026,2026-08-06,仲地 礼亜,中日,26,投,登録外,31,2026-05-10,2026-05-11,NPB出場選手登録の取得済み日を集計。未取得日は登録日数に含めない。
2026,2026-08-06,勝野 昌慶,中日,41,投,登録外,19,2026-06-06,2026-06-07,NPB出場選手登録の取得済み日を集計。未取得日は登録日数に含めない。
2026,2026-08-06,味谷 大誠,中日,43,捕,登録外,46,2026-07-07,2026-07-08,NPB出場選手登録の取得済み日を集計。未取得日は登録日数に含めない。
2026,2026-08-06,大島 洋平,中日,8,外,登録外,44,2026-05-24,2026-05-25,NPB出場選手登録の取得済み日を集計。未取得日は登録日数に含めない。
2026,2026-08-06,山本 泰寛,中日,60,内,登録外,84,2026-07-09,2026-07-10,NPB出場選手登録の取得済み日を集計。未取得日は登録日数に含めない。
2026,2026-08-06,川越 誠司,中日,44,外,登録外,8,2026-04-26,2026-04-27,NPB出場選手登録の取得済み日を集計。未取得日は登録日数に含めない。
2026,2026-08-06,杉浦 稔大,中日,33,投,登録外,33,2026-05-20,2026-05-21,NPB出場選手登録の取得済み日を集計。未取得日は登録日数に含めない。
2026,2026-08-06,松葉 貴大,中日,38,投,登録外,3,2026-07-21,2026-07-22,NPB出場選手登録の取得済み日を集計。未取得日は登録日数に含めない。
2026,2026-08-06,根尾 昂,中日,30,投,登録外,37,2026-05-03,2026-05-04,NPB出場選手登録の取得済み日を集計。未取得日は登録日数に含めない。
2026,2026-08-06,梅野 雄吾,中日,46,投,登録外,10,2026-04-04,2026-04-05,NPB出場選手登録の取得済み日を集計。未取得日は登録日数に含めない。
2026,2026-08-06,櫻井 頼之介,中日,16,投,登録外,48,2026-06-24,2026-06-25,NPB出場選手登録の取得済み日を集計。未取得日は登録日数に含めない。
2026,2026-08-06,涌井 秀章,中日,20,投,登録外,30,2026-07-25,2026-07-26,NPB出場選手登録の取得済み日を集計。未取得日は登録日数に含めない。
2026,2026-08-06,清水 達也,中日,50,投,登録外,16,2026-07-25,2026-07-26,NPB出場選手登録の取得済み日を集計。未取得日は登録日数に含めない。
2026,2026-08-06,牧野 憲伸,中日,68,投,登録外,83,2026-07-19,2026-07-20,NPB出場選手登録の取得済み日を集計。未取得日は登録日数に含めない。
2026,2026-08-06,田中 幹也,中日,2,内,登録外,118,2026-07-21,2026-07-22,NPB出場選手登録の取得済み日を集計。未取得日は登録日数に含めない。
2026,2026-08-06,知野 直人,中日,65,内,登録外,21,2026-05-01,2026-05-02,NPB出場選手登録の取得済み日を集計。未取得日は登録日数に含めない。
2026,2026-08-06,石橋 康太,中日,58,捕,登録外,25,2026-08-02,2026-08-03,NPB出場選手登録の取得済み日を集計。未取得日は登録日数に含めない。
2026,2026-08-06,福 敬登,中日,34,投,登録外,13,2026-05-16,2026-05-17,NPB出場選手登録の取得済み日を集計。未取得日は登録日数に含めない。
2026,2026-08-06,篠﨑 国忠,中日,52,投,登録外,26,2026-06-27,2026-06-28,NPB出場選手登録の取得済み日を集計。未取得日は登録日数に含めない。
2026,2026-08-06,花田 旭,中日,57,外,登録外,37,2026-06-16,2026-06-17,NPB出場選手登録の取得済み日を集計。未取得日は登録日数に含めない。
2026,2026-08-06,辻本 倫太郎,中日,0,内,登録外,53,2026-08-03,2026-08-04,NPB出場選手登録の取得済み日を集計。未取得日は登録日数に含めない。
2026,2026-08-06,近藤 廉,中日,70,投,登録外,20,2026-04-14,2026-04-15,NPB出場選手登録の取得済み日を集計。未取得日は登録日数に含めない。
2026,2026-08-06,鵜飼 航丞,中日,66,外,登録外,83,2026-07-05,2026-07-06,NPB出場選手登録の取得済み日を集計。未取得日は登録日数に含めない。
2026,2026-08-06,Ｃ．ロドリゲス,中日,95,内,登録外,8,2026-04-22,2026-04-23,NPB出場選手登録の取得済み日を集計。未取得日は登録日数に含めない。
2026,2026-08-06,Ｈ．メヒア,中日,91,投,登録外,69,2026-06-02,2026-06-03,NPB出場選手登録の取得済み日を集計。未取得日は登録日数に含めない。
2026,2026-08-06,Ｏ．カリステ,中日,4,内,登録外,41,2026-05-24,2026-05-25,NPB出場選手登録の取得済み日を集計。未取得日は登録日数に含めない。
2026,2026-08-06,中川 皓太,巨人,41,投,登録中,121,2026-08-04,2026-06-29,NPB出場選手登録の取得済み日を集計。未取得日は登録日数に含めない。
2026,2026-08-06,丸 佳浩,巨人,8,外,登録中,113,2026-08-04,2026-04-20,NPB出場選手登録の取得済み日を集計。未取得日は登録日数に含めない。
2026,2026-08-06,代木 大和,巨人,25,投,登録中,15,2026-08-04,,NPB出場選手登録の取得済み日を集計。未取得日は登録日数に含めない。
2026,2026-08-06,佐々木 俊輔,巨人,44,外,登録中,119,2026-08-04,2026-06-24,NPB出場選手登録の取得済み日を集計。未取得日は登録日数に含めない。
2026,2026-08-06,坂本 勇人,巨人,6,内,登録中,132,2026-08-04,,NPB出場選手登録の取得済み日を集計。未取得日は登録日数に含めない。
2026,2026-08-06,堀田 賢慎,巨人,91,投,登録中,94,2026-08-04,,NPB出場選手登録の取得済み日を集計。未取得日は登録日数に含めない。
2026,2026-08-06,増田 大輝,巨人,0,内,登録中,69,2026-08-04,,NPB出場選手登録の取得済み日を集計。未取得日は登録日数に含めない。
2026,2026-08-06,大城 卓三,巨人,24,捕,登録中,132,2026-08-04,,NPB出場選手登録の取得済み日を集計。未取得日は登録日数に含めない。
2026,2026-08-06,小林 誠司,巨人,22,捕,登録中,106,2026-08-04,,NPB出場選手登録の取得済み日を集計。未取得日は登録日数に含めない。
2026,2026-08-06,小濱 佑斗,巨人,33,内,登録中,52,2026-08-04,2026-07-06,NPB出場選手登録の取得済み日を集計。未取得日は登録日数に含めない。
2026,2026-08-06,小笠原 慎之介,巨人,98,投,登録中,17,2026-08-04,,NPB出場選手登録の取得済み日を集計。未取得日は登録日数に含めない。
2026,2026-08-06,山﨑 伊織,巨人,19,投,登録中,9,2026-08-04,2026-07-22,NPB出場選手登録の取得済み日を集計。未取得日は登録日数に含めない。
2026,2026-08-06,岸田 行倫,巨人,27,捕,登録中,118,2026-08-04,2026-07-21,NPB出場選手登録の取得済み日を集計。未取得日は登録日数に含めない。
2026,2026-08-06,平内 龍太,巨人,66,投,登録中,14,2026-08-04,,NPB出場選手登録の取得済み日を集計。未取得日は登録日数に含めない。
2026,2026-08-06,松本 剛,巨人,9,外,登録中,132,2026-08-04,,NPB出場選手登録の取得済み日を集計。未取得日は登録日数に含めない。
2026,2026-08-06,森田 駿哉,巨人,47,投,登録中,51,2026-08-04,2026-06-22,NPB出場選手登録の取得済み日を集計。未取得日は登録日数に含めない。
2026,2026-08-06,泉 圭輔,巨人,63,投,登録中,37,2026-08-04,2026-04-08,NPB出場選手登録の取得済み日を集計。未取得日は登録日数に含めない。
2026,2026-08-06,泉口 友汰,巨人,35,内,登録中,119,2026-08-04,2026-04-21,NPB出場選手登録の取得済み日を集計。未取得日は登録日数に含めない。
2026,2026-08-06,浦田 俊輔,巨人,32,内,登録中,132,2026-08-04,,NPB出場選手登録の取得済み日を集計。未取得日は登録日数に含めない。
2026,2026-08-06,田中 瑛斗,巨人,45,投,登録中,132,2026-08-04,,NPB出場選手登録の取得済み日を集計。未取得日は登録日数に含めない。
2026,2026-08-06,皆川 岳飛,巨人,39,外,登録中,16,2026-08-04,2026-05-01,NPB出場選手登録の取得済み日を集計。未取得日は登録日数に含めない。
2026,2026-08-06,知念 大成,巨人,94,外,登録中,29,2026-08-04,,NPB出場選手登録の取得済み日を集計。未取得日は登録日数に含めない。
2026,2026-08-06,石塚 裕惺,巨人,23,内,登録中,19,2026-08-04,2026-04-26,NPB出場選手登録の取得済み日を集計。未取得日は登録日数に含めない。
2026,2026-08-06,竹丸 和幸,巨人,21,投,登録中,111,2026-08-04,2026-06-01,NPB出場選手登録の取得済み日を集計。未取得日は登録日数に含めない。
2026,2026-08-06,笹原 操希,巨人,95,外,登録中,38,2026-08-04,,NPB出場選手登録の取得済み日を集計。未取得日は登録日数に含めない。
2026,2026-08-06,船迫 大雅,巨人,58,投,登録中,132,2026-08-04,,NPB出場選手登録の取得済み日を集計。未取得日は登録日数に含めない。
2026,2026-08-06,赤星 優志,巨人,31,投,登録中,132,2026-08-04,,NPB出場選手登録の取得済み日を集計。未取得日は登録日数に含めない。
2026,2026-08-06,Ｂ．ダルベック,巨人,29,内,登録中,132,2026-08-04,,NPB出場選手登録の取得済み日を集計。未取得日は登録日数に含めない。
2026,2026-08-06,Ｒ．マルティネス,巨人,92,投,登録中,124,2026-08-04,,NPB出場選手登録の取得済み日を集計。未取得日は登録日数に含めない。
2026,2026-08-06,Ｓ．ハワード,巨人,28,投,登録中,15,2026-08-04,2026-04-05,NPB出場選手登録の取得済み日を集計。未取得日は登録日数に含めない。
2026,2026-08-06,リチャード,巨人,52,内,登録外,16,2026-07-16,2026-07-17,NPB出場選手登録の取得済み日を集計。未取得日は登録日数に含めない。
2026,2026-08-06,中山 礼都,巨人,40,外,登録外,72,2026-07-05,2026-07-06,NPB出場選手登録の取得済み日を集計。未取得日は登録日数に含めない。
2026,2026-08-06,井上 温大,巨人,97,投,登録外,96,2026-07-20,2026-07-21,NPB出場選手登録の取得済み日を集計。未取得日は登録日数に含めない。
2026,2026-08-06,則本 昂大,巨人,43,投,登録外,44,2026-07-09,2026-07-10,NPB出場選手登録の取得済み日を集計。未取得日は登録日数に含めない。
2026,2026-08-06,北浦 竜次,巨人,56,投,登録外,36,2026-04-30,2026-05-01,NPB出場選手登録の取得済み日を集計。未取得日は登録日数に含めない。
2026,2026-08-06,又木 鉄平,巨人,46,投,登録外,30,2026-05-02,2026-05-03,NPB出場選手登録の取得済み日を集計。未取得日は登録日数に含めない。
2026,2026-08-06,吉川 尚輝,巨人,2,内,登録外,55,2026-07-21,2026-07-22,NPB出場選手登録の取得済み日を集計。未取得日は登録日数に含めない。
2026,2026-08-06,増田 陸,巨人,61,内,登録外,63,2026-05-27,2026-05-28,NPB出場選手登録の取得済み日を集計。未取得日は登録日数に含めない。
2026,2026-08-06,大勢,巨人,15,投,登録外,103,2026-07-11,2026-07-12,NPB出場選手登録の取得済み日を集計。未取得日は登録日数に含めない。
2026,2026-08-06,宇都宮 葵星,巨人,68,内,登録外,27,2026-04-21,2026-04-22,NPB出場選手登録の取得済み日を集計。未取得日は登録日数に含めない。
2026,2026-08-06,宮原 駿介,巨人,57,投,登録外,24,2026-05-28,2026-05-29,NPB出場選手登録の取得済み日を集計。未取得日は登録日数に含めない。
2026,2026-08-06,山城 京平,巨人,36,投,登録外,4,2026-03-29,2026-03-30,NPB出場選手登録の取得済み日を集計。未取得日は登録日数に含めない。
2026,2026-08-06,山瀬 慎之助,巨人,67,捕,登録外,38,2026-08-02,2026-08-03,NPB出場選手登録の取得済み日を集計。未取得日は登録日数に含めない。
2026,2026-08-06,山田 龍聖,巨人,64,投,登録外,13,2026-07-12,2026-07-13,NPB出場選手登録の取得済み日を集計。未取得日は登録日数に含めない。
2026,2026-08-06,平山 功太,巨人,69,内,登録外,45,2026-05-22,2026-05-23,NPB出場選手登録の取得済み日を集計。未取得日は登録日数に含めない。
2026,2026-08-06,戸郷 翔征,巨人,20,投,登録外,65,2026-07-07,2026-07-08,NPB出場選手登録の取得済み日を集計。未取得日は登録日数に含めない。
2026,2026-08-06,浅野 翔吾,巨人,51,外,登録外,21,2026-07-05,2026-07-06,NPB出場選手登録の取得済み日を集計。未取得日は登録日数に含めない。
2026,2026-08-06,田中 将大,巨人,11,投,登録外,61,2026-06-11,2026-06-12,NPB出場選手登録の取得済み日を集計。未取得日は登録日数に含めない。
2026,2026-08-06,田和 廉,巨人,30,投,登録外,101,2026-07-15,2026-07-16,NPB出場選手登録の取得済み日を集計。未取得日は登録日数に含めない。
2026,2026-08-06,甲斐 拓也,巨人,10,捕,登録外,15,2026-07-05,2026-07-06,NPB出場選手登録の取得済み日を集計。未取得日は登録日数に含めない。
2026,2026-08-06,石川 達也,巨人,65,投,登録外,14,2026-05-08,2026-05-09,NPB出場選手登録の取得済み日を集計。未取得日は登録日数に含めない。
2026,2026-08-06,萩尾 匡也,巨人,12,外,登録外,9,2026-04-30,2026-05-01,NPB出場選手登録の取得済み日を集計。未取得日は登録日数に含めない。
2026,2026-08-06,西舘 勇陽,巨人,17,投,登録外,33,2026-07-24,2026-07-25,NPB出場選手登録の取得済み日を集計。未取得日は登録日数に含めない。
2026,2026-08-06,門脇 誠,巨人,5,内,登録外,118,2026-07-21,2026-07-22,NPB出場選手登録の取得済み日を集計。未取得日は登録日数に含めない。
2026,2026-08-06,高梨 雄平,巨人,53,投,登録外,79,2026-07-18,2026-07-19,NPB出場選手登録の取得済み日を集計。未取得日は登録日数に含めない。
2026,2026-08-06,Ａ．バルドナード,巨人,49,投,登録外,4,2026-07-21,2026-07-22,NPB出場選手登録の取得済み日を集計。未取得日は登録日数に含めない。
2026,2026-08-06,Ｂ．マタ,巨人,42,投,登録外,16,2026-07-16,2026-07-17,NPB出場選手登録の取得済み日を集計。未取得日は登録日数に含めない。
2026,2026-08-06,Ｅ．ルシアーノ,巨人,48,投,登録外,28,2026-07-25,2026-07-26,NPB出場選手登録の取得済み日を集計。未取得日は登録日数に含めない。
2026,2026-08-06,Ｆ．ウィットリー,巨人,26,投,登録外,81,2026-07-24,2026-07-25,NPB出場選手登録の取得済み日を集計。未取得日は登録日数に含めない。
2026,2026-08-06,Ｊ．ティマ,巨人,50,外,登録外,19,2026-07-09,2026-07-10,NPB出場選手登録の取得済み日を集計。未取得日は登録日数に含めない。
2026,2026-08-06,Ｔ．キャベッジ,巨人,13,外,登録外,130,2026-08-02,2026-08-03,NPB出場選手登録の取得済み日を集計。未取得日は登録日数に含めない。
2026,2026-08-06,アドゥワ 誠,広島,48,投,登録中,19,2026-08-04,,NPB出場選手登録の取得済み日を集計。未取得日は登録日数に含めない。
2026,2026-08-06,久保 修,広島,56,外,登録中,17,2026-08-04,2026-07-15,NPB出場選手登録の取得済み日を集計。未取得日は登録日数に含めない。
2026,2026-08-06,二俣 翔一,広島,99,内,登録中,132,2026-08-04,,NPB出場選手登録の取得済み日を集計。未取得日は登録日数に含めない。
2026,2026-08-06,佐々木 泰,広島,10,内,登録中,118,2026-08-04,2026-05-05,NPB出場選手登録の取得済み日を集計。未取得日は登録日数に含めない。
2026,2026-08-06,佐藤 啓介,広島,94,内,登録中,89,2026-08-04,2026-05-29,NPB出場選手登録の取得済み日を集計。未取得日は登録日数に含めない。
2026,2026-08-06,勝田 成,広島,0,内,登録中,132,2026-08-04,,NPB出場選手登録の取得済み日を集計。未取得日は登録日数に含めない。
2026,2026-08-06,名原 典彦,広島,92,外,登録中,76,2026-08-04,,NPB出場選手登録の取得済み日を集計。未取得日は登録日数に含めない。
2026,2026-08-06,坂倉 将吾,広島,31,捕,登録中,132,2026-08-04,,NPB出場選手登録の取得済み日を集計。未取得日は登録日数に含めない。
2026,2026-08-06,大盛 穂,広島,59,外,登録中,132,2026-08-04,,NPB出場選手登録の取得済み日を集計。未取得日は登録日数に含めない。
2026,2026-08-06,小園 海斗,広島,5,内,登録中,132,2026-08-04,,NPB出場選手登録の取得済み日を集計。未取得日は登録日数に含めない。
2026,2026-08-06,床田 寛樹,広島,19,投,登録中,105,2026-08-04,2026-07-21,NPB出場選手登録の取得済み日を集計。未取得日は登録日数に含めない。
2026,2026-08-06,持丸 泰輝,広島,57,捕,登録中,116,2026-08-04,,NPB出場選手登録の取得済み日を集計。未取得日は登録日数に含めない。
2026,2026-08-06,斉藤 優汰,広島,47,投,登録中,22,2026-08-04,2026-06-17,NPB出場選手登録の取得済み日を集計。未取得日は登録日数に含めない。
2026,2026-08-06,栗林 良吏,広島,20,投,登録中,72,2026-08-04,2026-05-23,NPB出場選手登録の取得済み日を集計。未取得日は登録日数に含めない。
2026,2026-08-06,森 翔平,広島,16,投,登録中,56,2026-08-04,2026-06-11,NPB出場選手登録の取得済み日を集計。未取得日は登録日数に含めない。
2026,2026-08-06,森浦 大輔,広島,13,投,登録中,132,2026-08-04,,NPB出場選手登録の取得済み日を集計。未取得日は登録日数に含めない。
2026,2026-08-06,益田 武尚,広島,26,投,登録中,83,2026-08-04,2026-06-20,NPB出場選手登録の取得済み日を集計。未取得日は登録日数に含めない。
2026,2026-08-06,石原 貴規,広島,32,捕,登録中,117,2026-08-04,2026-04-10,NPB出場選手登録の取得済み日を集計。未取得日は登録日数に含めない。
2026,2026-08-06,秋山 翔吾,広島,9,外,登録中,75,2026-08-04,2026-05-11,NPB出場選手登録の取得済み日を集計。未取得日は登録日数に含めない。
2026,2026-08-06,菊地 ハルン,広島,67,投,登録中,32,2026-08-04,2026-05-28,NPB出場選手登録の取得済み日を集計。未取得日は登録日数に含めない。
2026,2026-08-06,菊池 涼介,広島,33,内,登録中,132,2026-08-04,,NPB出場選手登録の取得済み日を集計。未取得日は登録日数に含めない。
2026,2026-08-06,赤木 晴哉,広島,38,投,登録中,50,2026-08-04,2026-06-08,NPB出場選手登録の取得済み日を集計。未取得日は登録日数に含めない。
2026,2026-08-06,辰見 鴻之介,広島,69,内,登録中,122,2026-08-04,2026-06-23,NPB出場選手登録の取得済み日を集計。未取得日は登録日数に含めない。
2026,2026-08-06,辻 大雅,広島,98,投,登録中,94,2026-08-04,2026-05-18,NPB出場選手登録の取得済み日を集計。未取得日は登録日数に含めない。
2026,2026-08-06,遠藤 淳志,広島,66,投,登録中,109,2026-08-04,,NPB出場選手登録の取得済み日を集計。未取得日は登録日数に含めない。
2026,2026-08-06,鈴木 健矢,広島,41,投,登録中,121,2026-08-04,2026-05-29,NPB出場選手登録の取得済み日を集計。未取得日は登録日数に含めない。
2026,2026-08-06,髙 太一,広島,22,投,登録中,119,2026-08-04,,NPB出場選手登録の取得済み日を集計。未取得日は登録日数に含めない。
2026,2026-08-06,黒原 拓未,広島,24,投,登録中,31,2026-08-04,2026-06-29,NPB出場選手登録の取得済み日を集計。未取得日は登録日数に含めない。
2026,2026-08-06,Ｅ．モンテロ,広島,95,内,登録中,132,2026-08-04,,NPB出場選手登録の取得済み日を集計。未取得日は登録日数に含めない。
2026,2026-08-06,Ｓ．ファビアン,広島,61,外,登録中,97,2026-08-04,2026-04-24,NPB出場選手登録の取得済み日を集計。未取得日は登録日数に含めない。
2026,2026-08-06,中村 奨成,広島,96,外,登録外,58,2026-07-02,2026-07-03,NPB出場選手登録の取得済み日を集計。未取得日は登録日数に含めない。
2026,2026-08-06,中﨑 翔太,広島,21,投,登録外,103,2026-07-06,2026-07-07,NPB出場選手登録の取得済み日を集計。未取得日は登録日数に含めない。
2026,2026-08-06,前川 誠太,広島,93,内,登録外,78,2026-07-29,2026-07-30,NPB出場選手登録の取得済み日を集計。未取得日は登録日数に含めない。
2026,2026-08-06,塹江 敦哉,広島,36,投,登録外,66,2026-06-13,2026-06-14,NPB出場選手登録の取得済み日を集計。未取得日は登録日数に含めない。
2026,2026-08-06,大瀬良 大地,広島,14,投,登録外,2,2026-05-04,2026-05-05,NPB出場選手登録の取得済み日を集計。未取得日は登録日数に含めない。
2026,2026-08-06,岡本 駿,広島,53,投,登録外,111,2026-07-21,2026-07-22,NPB出場選手登録の取得済み日を集計。未取得日は登録日数に含めない。
2026,2026-08-06,島内 颯太郎,広島,43,投,登録外,41,2026-07-17,2026-07-18,NPB出場選手登録の取得済み日を集計。未取得日は登録日数に含めない。
2026,2026-08-06,工藤 泰己,広島,35,投,登録外,4,2026-05-08,2026-05-09,NPB出場選手登録の取得済み日を集計。未取得日は登録日数に含めない。
2026,2026-08-06,常廣 羽也斗,広島,17,投,登録外,33,2026-07-13,2026-07-14,NPB出場選手登録の取得済み日を集計。未取得日は登録日数に含めない。
2026,2026-08-06,平川 蓮,広島,51,外,登録外,45,2026-06-13,2026-06-14,NPB出場選手登録の取得済み日を集計。未取得日は登録日数に含めない。
2026,2026-08-06,林 晃汰,広島,44,内,登録外,23,2026-06-16,2026-06-17,NPB出場選手登録の取得済み日を集計。未取得日は登録日数に含めない。
2026,2026-08-06,森下 暢仁,広島,18,投,登録外,102,2026-07-10,2026-07-11,NPB出場選手登録の取得済み日を集計。未取得日は登録日数に含めない。
2026,2026-08-06,渡邉 悠斗,広島,49,内,登録外,24,2026-04-18,2026-04-19,NPB出場選手登録の取得済み日を集計。未取得日は登録日数に含めない。
2026,2026-08-06,玉村 昇悟,広島,65,投,登録外,58,2026-07-08,2026-07-09,NPB出場選手登録の取得済み日を集計。未取得日は登録日数に含めない。
2026,2026-08-06,田村 俊介,広島,60,外,登録外,9,2026-05-20,2026-05-21,NPB出場選手登録の取得済み日を集計。未取得日は登録日数に含めない。
2026,2026-08-06,矢野 雅哉,広島,4,内,登録外,103,2026-07-16,2026-07-17,NPB出場選手登録の取得済み日を集計。未取得日は登録日数に含めない。
2026,2026-08-06,野間 峻祥,広島,37,外,登録外,102,2026-07-05,2026-07-06,NPB出場選手登録の取得済み日を集計。未取得日は登録日数に含めない。
2026,2026-08-06,齊藤 汰直,広島,11,投,登録外,39,2026-05-03,2026-05-04,NPB出場選手登録の取得済み日を集計。未取得日は登録日数に含めない。
2026,2026-08-06,Ｆ．ターノック,広島,42,投,登録外,55,2026-06-27,2026-06-28,NPB出場選手登録の取得済み日を集計。未取得日は登録日数に含めない。
2026,2026-08-06,Ｔ．ハーン,広島,68,投,登録外,121,2026-07-24,2026-07-25,NPB出場選手登録の取得済み日を集計。未取得日は登録日数に含めない。
2026,2026-08-06,万波 中正,日本ハム,66,外,登録中,132,2026-08-04,,NPB出場選手登録の取得済み日を集計。未取得日は登録日数に含めない。
2026,2026-08-06,上原 健太,日本ハム,20,投,登録中,103,2026-08-04,2026-05-21,NPB出場選手登録の取得済み日を集計。未取得日は登録日数に含めない。
2026,2026-08-06,上川畑 大悟,日本ハム,4,内,登録中,31,2026-08-04,2026-05-28,NPB出場選手登録の取得済み日を集計。未取得日は登録日数に含めない。
2026,2026-08-06,五十幡 亮汰,日本ハム,50,外,登録中,132,2026-08-04,,NPB出場選手登録の取得済み日を集計。未取得日は登録日数に含めない。
2026,2026-08-06,伊藤 大海,日本ハム,17,投,登録中,120,2026-08-04,2026-07-23,NPB出場選手登録の取得済み日を集計。未取得日は登録日数に含めない。
2026,2026-08-06,加藤 貴之,日本ハム,14,投,登録中,102,2026-08-04,2026-06-11,NPB出場選手登録の取得済み日を集計。未取得日は登録日数に含めない。
2026,2026-08-06,堀 瑞輝,日本ハム,34,投,登録中,91,2026-08-04,,NPB出場選手登録の取得済み日を集計。未取得日は登録日数に含めない。
2026,2026-08-06,奈良間 大己,日本ハム,58,内,登録中,132,2026-08-04,,NPB出場選手登録の取得済み日を集計。未取得日は登録日数に含めない。
2026,2026-08-06,孫 易磊,日本ハム,96,投,登録中,28,2026-08-04,2026-06-21,NPB出場選手登録の取得済み日を集計。未取得日は登録日数に含めない。
2026,2026-08-06,山縣 秀,日本ハム,54,内,登録中,101,2026-08-04,2026-04-27,NPB出場選手登録の取得済み日を集計。未取得日は登録日数に含めない。
2026,2026-08-06,島本 浩也,日本ハム,40,投,登録中,132,2026-08-04,,NPB出場選手登録の取得済み日を集計。未取得日は登録日数に含めない。
2026,2026-08-06,常谷 拓輝,日本ハム,95,内,登録中,5,2026-08-04,,NPB出場選手登録の取得済み日を集計。未取得日は登録日数に含めない。
2026,2026-08-06,有原 航平,日本ハム,74,投,登録中,35,2026-08-04,2026-07-21,NPB出場選手登録の取得済み日を集計。未取得日は登録日数に含めない。
2026,2026-08-06,有薗 直輝,日本ハム,39,内,登録中,14,2026-08-04,,NPB出場選手登録の取得済み日を集計。未取得日は登録日数に含めない。
2026,2026-08-06,柳川 大晟,日本ハム,47,投,登録中,122,2026-08-04,2026-06-25,NPB出場選手登録の取得済み日を集計。未取得日は登録日数に含めない。
2026,2026-08-06,水野 達稀,日本ハム,43,内,登録中,132,2026-08-04,,NPB出場選手登録の取得済み日を集計。未取得日は登録日数に含めない。
2026,2026-08-06,清宮 幸太郎,日本ハム,21,内,登録中,132,2026-08-04,,NPB出場選手登録の取得済み日を集計。未取得日は登録日数に含めない。
2026,2026-08-06,清水 優心,日本ハム,10,捕,登録中,84,2026-08-04,2026-05-29,NPB出場選手登録の取得済み日を集計。未取得日は登録日数に含めない。
2026,2026-08-06,生田目 翼,日本ハム,13,投,登録中,55,2026-08-04,2026-05-24,NPB出場選手登録の取得済み日を集計。未取得日は登録日数に含めない。
2026,2026-08-06,田中 正義,日本ハム,26,投,登録中,132,2026-08-04,,NPB出場選手登録の取得済み日を集計。未取得日は登録日数に含めない。
2026,2026-08-06,田宮 裕涼,日本ハム,64,捕,登録中,132,2026-08-04,,NPB出場選手登録の取得済み日を集計。未取得日は登録日数に含めない。
2026,2026-08-06,矢澤 宏太,日本ハム,12,投,登録中,121,2026-08-04,2026-07-03,NPB出場選手登録の取得済み日を集計。未取得日は登録日数に含めない。
2026,2026-08-06,福島 蓮,日本ハム,45,投,登録中,62,2026-08-04,2026-07-13,NPB出場選手登録の取得済み日を集計。未取得日は登録日数に含めない。
2026,2026-08-06,細川 凌平,日本ハム,56,内,登録中,92,2026-08-04,,NPB出場選手登録の取得済み日を集計。未取得日は登録日数に含めない。
2026,2026-08-06,進藤 勇也,日本ハム,33,捕,登録中,98,2026-08-04,,NPB出場選手登録の取得済み日を集計。未取得日は登録日数に含めない。
2026,2026-08-06,達 孝太,日本ハム,16,投,登録中,99,2026-08-04,2026-07-17,NPB出場選手登録の取得済み日を集計。未取得日は登録日数に含めない。
2026,2026-08-06,郡司 裕也,日本ハム,3,捕,登録中,113,2026-08-04,2026-06-14,NPB出場選手登録の取得済み日を集計。未取得日は登録日数に含めない。
2026,2026-08-06,野村 佑希,日本ハム,5,内,登録中,132,2026-08-04,,NPB出場選手登録の取得済み日を集計。未取得日は登録日数に含めない。
2026,2026-08-06,金村 尚真,日本ハム,24,投,登録中,45,2026-08-04,,NPB出場選手登録の取得済み日を集計。未取得日は登録日数に含めない。
2026,2026-08-06,Ｆ．レイエス,日本ハム,99,外,登録中,132,2026-08-04,,NPB出場選手登録の取得済み日を集計。未取得日は登録日数に含めない。
2026,2026-08-06,エドポロ ケイン,日本ハム,42,外,登録外,6,2026-05-27,2026-05-28,NPB出場選手登録の取得済み日を集計。未取得日は登録日数に含めない。
2026,2026-08-06,北山 亘基,日本ハム,15,投,登録外,114,2026-07-23,2026-07-24,NPB出場選手登録の取得済み日を集計。未取得日は登録日数に含めない。
2026,2026-08-06,古林 睿煬,日本ハム,37,投,登録外,23,2026-06-14,2026-06-15,NPB出場選手登録の取得済み日を集計。未取得日は登録日数に含めない。
2026,2026-08-06,吉田 賢吾,日本ハム,60,捕,登録外,65,2026-07-25,2026-07-26,NPB出場選手登録の取得済み日を集計。未取得日は登録日数に含めない。
2026,2026-08-06,大塚 瑠晏,日本ハム,49,内,登録外,77,2026-07-15,2026-07-16,NPB出場選手登録の取得済み日を集計。未取得日は登録日数に含めない。
2026,2026-08-06,大川 慈英,日本ハム,27,投,登録外,5,2026-04-23,2026-04-24,NPB出場選手登録の取得済み日を集計。未取得日は登録日数に含めない。
2026,2026-08-06,宮崎 一樹,日本ハム,36,外,登録外,10,2026-07-16,2026-07-17,NPB出場選手登録の取得済み日を集計。未取得日は登録日数に含めない。
2026,2026-08-06,山本 拓実,日本ハム,67,投,登録外,69,2026-06-20,2026-06-21,NPB出場選手登録の取得済み日を集計。未取得日は登録日数に含めない。
2026,2026-08-06,山﨑 福也,日本ハム,18,投,登録外,47,2026-07-26,2026-07-27,NPB出場選手登録の取得済み日を集計。未取得日は登録日数に含めない。
2026,2026-08-06,柴田 獅子,日本ハム,31,投,登録外,15,2026-07-26,2026-07-27,NPB出場選手登録の取得済み日を集計。未取得日は登録日数に含めない。
2026,2026-08-06,梅林 優貴,日本ハム,98,捕,登録外,7,2026-06-04,2026-06-05,NPB出場選手登録の取得済み日を集計。未取得日は登録日数に含めない。
2026,2026-08-06,水谷 瞬,日本ハム,53,外,登録外,67,2026-07-20,2026-07-21,NPB出場選手登録の取得済み日を集計。未取得日は登録日数に含めない。
2026,2026-08-06,池田 隆英,日本ハム,52,投,登録外,25,2026-04-19,2026-04-20,NPB出場選手登録の取得済み日を集計。未取得日は登録日数に含めない。
2026,2026-08-06,河野 竜生,日本ハム,28,投,登録外,27,2026-06-18,2026-06-19,NPB出場選手登録の取得済み日を集計。未取得日は登録日数に含めない。
2026,2026-08-06,淺間 大基,日本ハム,8,外,登録外,48,2026-06-07,2026-06-08,NPB出場選手登録の取得済み日を集計。未取得日は登録日数に含めない。
2026,2026-08-06,清水 大暉,日本ハム,62,投,登録外,9,2026-05-31,2026-06-01,NPB出場選手登録の取得済み日を集計。未取得日は登録日数に含めない。
2026,2026-08-06,玉井 大翔,日本ハム,19,投,登録外,44,2026-05-20,2026-05-21,NPB出場選手登録の取得済み日を集計。未取得日は登録日数に含めない。
2026,2026-08-06,畔柳 亨丞,日本ハム,46,投,登録外,30,2026-07-03,2026-07-04,NPB出場選手登録の取得済み日を集計。未取得日は登録日数に含めない。
2026,2026-08-06,福谷 浩司,日本ハム,41,投,登録外,63,2026-06-14,2026-06-15,NPB出場選手登録の取得済み日を集計。未取得日は登録日数に含めない。
2026,2026-08-06,細野 晴希,日本ハム,29,投,登録外,48,2026-07-19,2026-07-20,NPB出場選手登録の取得済み日を集計。未取得日は登録日数に含めない。
2026,2026-08-06,菊地 大稀,日本ハム,55,投,登録外,30,2026-06-20,2026-06-21,NPB出場選手登録の取得済み日を集計。未取得日は登録日数に含めない。
2026,2026-08-06,西川 遥輝,日本ハム,7,外,登録外,35,2026-04-29,2026-04-30,NPB出場選手登録の取得済み日を集計。未取得日は登録日数に含めない。
2026,2026-08-06,齋藤 友貴哉,日本ハム,48,投,登録外,59,2026-07-12,2026-07-13,NPB出場選手登録の取得済み日を集計。未取得日は登録日数に含めない。
2026,2026-08-06,Ａ．マルティネス,日本ハム,2,捕,登録外,59,2026-07-12,2026-07-13,NPB出場選手登録の取得済み日を集計。未取得日は登録日数に含めない。
2026,2026-08-06,Ｒ．カストロ,日本ハム,6,内,登録外,91,2026-07-05,2026-07-06,NPB出場選手登録の取得済み日を集計。未取得日は登録日数に含めない。
2026,2026-08-06,YG安田,楽天,55,捕,登録中,85,2026-08-04,2026-05-21,NPB出場選手登録の取得済み日を集計。未取得日は登録日数に含めない。
2026,2026-08-06,中島 大輔,楽天,32,外,登録中,121,2026-08-04,2026-06-14,NPB出場選手登録の取得済み日を集計。未取得日は登録日数に含めない。
2026,2026-08-06,中込 陽翔,楽天,26,投,登録中,61,2026-08-04,2026-05-07,NPB出場選手登録の取得済み日を集計。未取得日は登録日数に含めない。
2026,2026-08-06,九谷 瑠,楽天,45,投,登録中,96,2026-08-04,2026-04-02,NPB出場選手登録の取得済み日を集計。未取得日は登録日数に含めない。
2026,2026-08-06,佐藤 直樹,楽天,38,外,登録中,76,2026-08-04,2026-07-02,NPB出場選手登録の取得済み日を集計。未取得日は登録日数に含めない。
2026,2026-08-06,入江 大樹,楽天,63,内,登録中,59,2026-08-04,2026-06-04,NPB出場選手登録の取得済み日を集計。未取得日は登録日数に含めない。
2026,2026-08-06,加治屋 蓮,楽天,41,投,登録中,132,2026-08-04,,NPB出場選手登録の取得済み日を集計。未取得日は登録日数に含めない。
2026,2026-08-06,古謝 樹,楽天,17,投,登録中,75,2026-08-04,2026-07-13,NPB出場選手登録の取得済み日を集計。未取得日は登録日数に含めない。
2026,2026-08-06,堀内 謙伍,楽天,65,捕,登録中,75,2026-08-04,,NPB出場選手登録の取得済み日を集計。未取得日は登録日数に含めない。
2026,2026-08-06,太田 光,楽天,2,捕,登録中,132,2026-08-04,,NPB出場選手登録の取得済み日を集計。未取得日は登録日数に含めない。
2026,2026-08-06,宗山 塁,楽天,1,内,登録中,33,2026-08-04,,NPB出場選手登録の取得済み日を集計。未取得日は登録日数に含めない。
2026,2026-08-06,小深田 大翔,楽天,0,内,登録中,132,2026-08-04,,NPB出場選手登録の取得済み日を集計。未取得日は登録日数に含めない。
2026,2026-08-06,平良 竜哉,楽天,48,内,登録中,132,2026-08-04,,NPB出場選手登録の取得済み日を集計。未取得日は登録日数に含めない。
2026,2026-08-06,早川 隆久,楽天,21,投,登録中,84,2026-08-04,2026-07-11,NPB出場選手登録の取得済み日を集計。未取得日は登録日数に含めない。
2026,2026-08-06,村林 一輝,楽天,6,内,登録中,132,2026-08-04,,NPB出場選手登録の取得済み日を集計。未取得日は登録日数に含めない。
2026,2026-08-06,柴田 大地,楽天,71,投,登録中,115,2026-08-04,2026-05-04,NPB出場選手登録の取得済み日を集計。未取得日は登録日数に含めない。
2026,2026-08-06,武藤 敦貴,楽天,50,外,登録中,67,2026-08-04,2026-05-04,NPB出場選手登録の取得済み日を集計。未取得日は登録日数に含めない。
2026,2026-08-06,泰 勝利,楽天,59,投,登録中,55,2026-08-04,,NPB出場選手登録の取得済み日を集計。未取得日は登録日数に含めない。
2026,2026-08-06,津留﨑 大成,楽天,52,投,登録中,95,2026-08-04,2026-06-11,NPB出場選手登録の取得済み日を集計。未取得日は登録日数に含めない。
2026,2026-08-06,浅村 栄斗,楽天,3,内,登録中,132,2026-08-04,,NPB出場選手登録の取得済み日を集計。未取得日は登録日数に含めない。
2026,2026-08-06,渡邊 佳明,楽天,35,内,登録中,122,2026-08-04,2026-04-02,NPB出場選手登録の取得済み日を集計。未取得日は登録日数に含めない。
2026,2026-08-06,瀧中 瞭太,楽天,57,投,登録中,59,2026-08-04,2026-07-15,NPB出場選手登録の取得済み日を集計。未取得日は登録日数に含めない。
2026,2026-08-06,繁永 晟,楽天,30,内,登録中,31,2026-08-04,2026-05-15,NPB出場選手登録の取得済み日を集計。未取得日は登録日数に含めない。
2026,2026-08-06,荘司 康誠,楽天,19,投,登録中,112,2026-08-04,2026-07-08,NPB出場選手登録の取得済み日を集計。未取得日は登録日数に含めない。
2026,2026-08-06,藤平 尚真,楽天,46,投,登録中,132,2026-08-04,,NPB出場選手登録の取得済み日を集計。未取得日は登録日数に含めない。
2026,2026-08-06,辰己 涼介,楽天,8,外,登録中,132,2026-08-04,,NPB出場選手登録の取得済み日を集計。未取得日は登録日数に含めない。
2026,2026-08-06,黒川 史陽,楽天,24,内,登録中,132,2026-08-04,,NPB出場選手登録の取得済み日を集計。未取得日は登録日数に含めない。
2026,2026-08-06,Ｃ．マッカスカー,楽天,34,外,登録中,86,2026-08-04,2026-05-02,NPB出場選手登録の取得済み日を集計。未取得日は登録日数に含めない。
2026,2026-08-06,Ｒ．コントレラス,楽天,15,投,登録中,21,2026-08-04,2026-07-06,NPB出場選手登録の取得済み日を集計。未取得日は登録日数に含めない。
2026,2026-08-06,Ｙ．マルテ,楽天,23,投,登録中,11,2026-08-04,,NPB出場選手登録の取得済み日を集計。未取得日は登録日数に含めない。
2026,2026-08-06,ワォーターズ,楽天,60,内,登録外,70,2026-07-16,2026-07-17,NPB出場選手登録の取得済み日を集計。未取得日は登録日数に含めない。
2026,2026-08-06,伊藤 光,楽天,27,捕,登録外,78,2026-06-11,2026-06-12,NPB出場選手登録の取得済み日を集計。未取得日は登録日数に含めない。
2026,2026-08-06,伊藤 樹,楽天,20,投,登録外,4,2026-06-05,2026-06-06,NPB出場選手登録の取得済み日を集計。未取得日は登録日数に含めない。
2026,2026-08-06,伊藤 裕季也,楽天,39,内,登録外,31,2026-05-05,2026-05-06,NPB出場選手登録の取得済み日を集計。未取得日は登録日数に含めない。
2026,2026-08-06,内 星龍,楽天,69,投,登録外,100,2026-07-16,2026-07-17,NPB出場選手登録の取得済み日を集計。未取得日は登録日数に含めない。
2026,2026-08-06,前田 健太,楽天,18,投,登録外,36,2026-07-15,2026-07-16,NPB出場選手登録の取得済み日を集計。未取得日は登録日数に含めない。
2026,2026-08-06,古賀 康誠,楽天,61,投,登録外,10,2026-05-31,2026-06-01,NPB出場選手登録の取得済み日を集計。未取得日は登録日数に含めない。
2026,2026-08-06,吉野 創士,楽天,78,外,登録外,19,2026-06-13,2026-06-14,NPB出場選手登録の取得済み日を集計。未取得日は登録日数に含めない。
2026,2026-08-06,宋 家豪,楽天,43,投,登録外,68,2026-06-21,2026-06-22,NPB出場選手登録の取得済み日を集計。未取得日は登録日数に含めない。
2026,2026-08-06,小森 航大郎,楽天,73,内,登録外,33,2026-07-16,2026-07-17,NPB出場選手登録の取得済み日を集計。未取得日は登録日数に含めない。
2026,2026-08-06,小郷 裕哉,楽天,51,外,登録外,63,2026-05-27,2026-05-28,NPB出場選手登録の取得済み日を集計。未取得日は登録日数に含めない。
2026,2026-08-06,岸 孝之,楽天,11,投,登録外,32,2026-07-20,2026-07-21,NPB出場選手登録の取得済み日を集計。未取得日は登録日数に含めない。
2026,2026-08-06,日當 直喜,楽天,54,投,登録外,37,2026-07-22,2026-07-23,NPB出場選手登録の取得済み日を集計。未取得日は登録日数に含めない。
2026,2026-08-06,江原 雅裕,楽天,40,投,登録外,10,2026-04-16,2026-04-17,NPB出場選手登録の取得済み日を集計。未取得日は登録日数に含めない。
2026,2026-08-06,渡辺 翔太,楽天,31,投,登録外,37,2026-06-08,2026-06-09,NPB出場選手登録の取得済み日を集計。未取得日は登録日数に含めない。
2026,2026-08-06,田中 千晴,楽天,29,投,登録外,53,2026-07-16,2026-07-17,NPB出場選手登録の取得済み日を集計。未取得日は登録日数に含めない。
2026,2026-08-06,石原 彪,楽天,70,捕,登録外,24,2026-06-28,2026-06-29,NPB出場選手登録の取得済み日を集計。未取得日は登録日数に含めない。
2026,2026-08-06,藤井 聖,楽天,47,投,登録外,55,2026-06-28,2026-06-29,NPB出場選手登録の取得済み日を集計。未取得日は登録日数に含めない。
2026,2026-08-06,藤原 聡大,楽天,13,投,登録外,54,2026-07-20,2026-07-21,NPB出場選手登録の取得済み日を集計。未取得日は登録日数に含めない。
2026,2026-08-06,西垣 雅矢,楽天,49,投,登録外,91,2026-07-05,2026-07-06,NPB出場選手登録の取得済み日を集計。未取得日は登録日数に含めない。
2026,2026-08-06,金子 京介,楽天,98,内,登録外,6,2026-05-24,2026-05-25,NPB出場選手登録の取得済み日を集計。未取得日は登録日数に含めない。
2026,2026-08-06,鈴木 大地,楽天,7,内,登録外,113,2026-07-30,2026-07-31,NPB出場選手登録の取得済み日を集計。未取得日は登録日数に含めない。
2026,2026-08-06,鈴木 翔天,楽天,56,投,登録外,88,2026-06-21,2026-06-22,NPB出場選手登録の取得済み日を集計。未取得日は登録日数に含めない。
2026,2026-08-06,阪上 翔也,楽天,42,外,登録外,3,2026-04-18,2026-04-19,NPB出場選手登録の取得済み日を集計。未取得日は登録日数に含めない。
2026,2026-08-06,陽 柏翔,楽天,75,内,登録外,2,2026-04-11,2026-04-12,NPB出場選手登録の取得済み日を集計。未取得日は登録日数に含めない。
2026,2026-08-06,Ｊ．ウレーニャ,楽天,22,投,登録外,61,2026-07-19,2026-07-20,NPB出場選手登録の取得済み日を集計。未取得日は登録日数に含めない。
2026,2026-08-06,Ｌ．ボイト,楽天,9,内,登録外,28,2026-05-17,2026-05-18,NPB出場選手登録の取得済み日を集計。未取得日は登録日数に含めない。
2026,2026-08-06,Ｏ．ゴンザレス,楽天,12,外,登録外,9,2026-05-05,2026-05-06,NPB出場選手登録の取得済み日を集計。未取得日は登録日数に含めない。
2026,2026-08-06,中村 祐太,西武,58,投,登録中,82,2026-08-04,2026-05-06,NPB出場選手登録の取得済み日を集計。未取得日は登録日数に含めない。
2026,2026-08-06,仲田 慶介,西武,00,内,登録中,98,2026-08-04,2026-04-30,NPB出場選手登録の取得済み日を集計。未取得日は登録日数に含めない。
2026,2026-08-06,佐藤 隼輔,西武,19,投,登録中,68,2026-08-04,2026-06-29,NPB出場選手登録の取得済み日を集計。未取得日は登録日数に含めない。
2026,2026-08-06,古賀 悠斗,西武,22,捕,登録中,132,2026-08-04,,NPB出場選手登録の取得済み日を集計。未取得日は登録日数に含めない。
2026,2026-08-06,外崎 修汰,西武,5,内,登録中,55,2026-08-04,2026-04-11,NPB出場選手登録の取得済み日を集計。未取得日は登録日数に含めない。
2026,2026-08-06,小島 大河,西武,10,捕,登録中,132,2026-08-04,,NPB出場選手登録の取得済み日を集計。未取得日は登録日数に含めない。
2026,2026-08-06,山田 陽翔,西武,36,投,登録中,14,2026-08-04,,NPB出場選手登録の取得済み日を集計。未取得日は登録日数に含めない。
2026,2026-08-06,岩城 颯空,西武,20,投,登録中,102,2026-08-04,2026-06-24,NPB出場選手登録の取得済み日を集計。未取得日は登録日数に含めない。
2026,2026-08-06,岸 潤一郎,西武,68,外,登録中,132,2026-08-04,,NPB出場選手登録の取得済み日を集計。未取得日は登録日数に含めない。
2026,2026-08-06,平沢 大河,西武,39,内,登録中,122,2026-08-04,,NPB出場選手登録の取得済み日を集計。未取得日は登録日数に含めない。
2026,2026-08-06,平良 海馬,西武,61,投,登録中,100,2026-08-04,2026-07-23,NPB出場選手登録の取得済み日を集計。未取得日は登録日数に含めない。
2026,2026-08-06,林 安可,西武,73,外,登録中,100,2026-08-04,2026-05-29,NPB出場選手登録の取得済み日を集計。未取得日は登録日数に含めない。
2026,2026-08-06,柘植 世那,西武,37,捕,登録中,132,2026-08-04,,NPB出場選手登録の取得済み日を集計。未取得日は登録日数に含めない。
2026,2026-08-06,森脇 亮介,西武,28,投,登録中,34,2026-08-04,,NPB出場選手登録の取得済み日を集計。未取得日は登録日数に含めない。
2026,2026-08-06,武内 夏暉,西武,21,投,登録中,116,2026-08-04,2026-05-03,NPB出場選手登録の取得済み日を集計。未取得日は登録日数に含めない。
2026,2026-08-06,渡部 聖弥,西武,8,外,登録中,132,2026-08-04,,NPB出場選手登録の取得済み日を集計。未取得日は登録日数に含めない。
2026,2026-08-06,源田 壮亮,西武,6,内,登録中,132,2026-08-04,,NPB出場選手登録の取得済み日を集計。未取得日は登録日数に含めない。
2026,2026-08-06,滝澤 夏央,西武,62,内,登録中,132,2026-08-04,,NPB出場選手登録の取得済み日を集計。未取得日は登録日数に含めない。
2026,2026-08-06,甲斐野 央,西武,34,投,登録中,132,2026-08-04,,NPB出場選手登録の取得済み日を集計。未取得日は登録日数に含めない。
2026,2026-08-06,石井 一成,西武,4,内,登録中,107,2026-08-04,2026-04-05,NPB出場選手登録の取得済み日を集計。未取得日は登録日数に含めない。
2026,2026-08-06,篠原 響,西武,52,投,登録中,121,2026-08-04,2026-07-24,NPB出場選手登録の取得済み日を集計。未取得日は登録日数に含めない。
2026,2026-08-06,若林 楽人,西武,49,外,登録中,46,2026-08-04,2026-05-27,NPB出場選手登録の取得済み日を集計。未取得日は登録日数に含めない。
2026,2026-08-06,蛭間 拓哉,西武,9,外,登録中,33,2026-08-04,,NPB出場選手登録の取得済み日を集計。未取得日は登録日数に含めない。
2026,2026-08-06,豆田 泰志,西武,70,投,登録中,104,2026-08-04,2026-05-01,NPB出場選手登録の取得済み日を集計。未取得日は登録日数に含めない。
2026,2026-08-06,隅田 知一郎,西武,16,投,登録中,117,2026-08-04,2026-07-13,NPB出場選手登録の取得済み日を集計。未取得日は登録日数に含めない。
2026,2026-08-06,髙松 渡,西武,50,内,登録中,13,2026-08-04,,NPB出場選手登録の取得済み日を集計。未取得日は登録日数に含めない。
2026,2026-08-06,髙橋 光成,西武,13,投,登録中,116,2026-08-04,2026-05-19,NPB出場選手登録の取得済み日を集計。未取得日は登録日数に含めない。
2026,2026-08-06,Ａ．カナリオ,西武,25,外,登録中,132,2026-08-04,,NPB出場選手登録の取得済み日を集計。未取得日は登録日数に含めない。
2026,2026-08-06,Ｔ．ウィンゲンター,西武,45,投,登録中,57,2026-08-04,,NPB出場選手登録の取得済み日を集計。未取得日は登録日数に含めない。
2026,2026-08-06,Ｔ．ネビン,西武,26,内,登録中,96,2026-08-04,,NPB出場選手登録の取得済み日を集計。未取得日は登録日数に含めない。
2026,2026-08-06,上田 大河,西武,11,投,登録外,81,2026-07-23,2026-07-24,NPB出場選手登録の取得済み日を集計。未取得日は登録日数に含めない。
2026,2026-08-06,仲三 優太,西武,55,外,登録外,16,2026-07-28,2026-07-29,NPB出場選手登録の取得済み日を集計。未取得日は登録日数に含めない。
2026,2026-08-06,佐藤 太陽,西武,38,内,登録外,24,2026-05-31,2026-06-01,NPB出場選手登録の取得済み日を集計。未取得日は登録日数に含めない。
2026,2026-08-06,佐藤 爽,西武,75,投,登録外,29,2026-07-20,2026-07-21,NPB出場選手登録の取得済み日を集計。未取得日は登録日数に含めない。
2026,2026-08-06,児玉 亮涼,西武,0,内,登録外,9,2026-04-30,2026-05-01,NPB出場選手登録の取得済み日を集計。未取得日は登録日数に含めない。
2026,2026-08-06,冨士 大和,西武,67,投,登録外,7,2026-04-01,2026-04-02,NPB出場選手登録の取得済み日を集計。未取得日は登録日数に含めない。
2026,2026-08-06,堀越 啓太,西武,40,投,登録外,5,2026-05-10,2026-05-11,NPB出場選手登録の取得済み日を集計。未取得日は登録日数に含めない。
2026,2026-08-06,山村 崇嘉,西武,32,内,登録外,48,2026-06-21,2026-06-22,NPB出場選手登録の取得済み日を集計。未取得日は登録日数に含めない。
2026,2026-08-06,成田 晴風,西武,41,投,登録外,14,2026-07-08,2026-07-09,NPB出場選手登録の取得済み日を集計。未取得日は登録日数に含めない。
2026,2026-08-06,村田 怜音,西武,99,内,登録外,11,2026-07-22,2026-07-23,NPB出場選手登録の取得済み日を集計。未取得日は登録日数に含めない。
2026,2026-08-06,栗山 巧,西武,1,外,登録外,37,2026-05-24,2026-05-25,NPB出場選手登録の取得済み日を集計。未取得日は登録日数に含めない。
2026,2026-08-06,桑原 将志,西武,7,外,登録外,74,2026-07-11,2026-07-12,NPB出場選手登録の取得済み日を集計。未取得日は登録日数に含めない。
2026,2026-08-06,浜屋 将太,西武,90,投,登録外,90,2026-06-23,2026-06-24,NPB出場選手登録の取得済み日を集計。未取得日は登録日数に含めない。
2026,2026-08-06,渡邉 勇太朗,西武,12,投,登録外,105,2026-08-01,2026-08-02,NPB出場選手登録の取得済み日を集計。未取得日は登録日数に含めない。
2026,2026-08-06,秋山 俊,西武,35,外,登録外,15,2026-04-19,2026-04-20,NPB出場選手登録の取得済み日を集計。未取得日は登録日数に含めない。
2026,2026-08-06,糸川 亮太,西武,23,投,登録外,39,2026-05-03,2026-05-04,NPB出場選手登録の取得済み日を集計。未取得日は登録日数に含めない。
2026,2026-08-06,羽田 慎之介,西武,43,投,登録外,32,2026-05-03,2026-05-04,NPB出場選手登録の取得済み日を集計。未取得日は登録日数に含めない。
2026,2026-08-06,茶野 篤政,西武,31,外,登録外,70,2026-06-26,2026-06-27,NPB出場選手登録の取得済み日を集計。未取得日は登録日数に含めない。
2026,2026-08-06,菅井 信也,西武,71,投,登録外,39,2026-05-20,2026-05-21,NPB出場選手登録の取得済み日を集計。未取得日は登録日数に含めない。
2026,2026-08-06,西川 愛也,西武,51,外,登録外,112,2026-07-31,2026-08-01,NPB出場選手登録の取得済み日を集計。未取得日は登録日数に含めない。
2026,2026-08-06,長谷川 信哉,西武,63,外,登録外,98,2026-07-01,2026-07-02,NPB出場選手登録の取得済み日を集計。未取得日は登録日数に含めない。
2026,2026-08-06,青山 美夏人,西武,29,投,登録外,13,2026-06-07,2026-06-08,NPB出場選手登録の取得済み日を集計。未取得日は登録日数に含めない。
2026,2026-08-06,黒田 将矢,西武,57,投,登録外,118,2026-07-21,2026-07-22,NPB出場選手登録の取得済み日を集計。未取得日は登録日数に含めない。
2026,2026-08-06,Ａ．ワイナンス,西武,30,投,登録外,46,2026-07-01,2026-07-02,NPB出場選手登録の取得済み日を集計。未取得日は登録日数に含めない。
2026,2026-08-06,Ｅ．ラミレス,西武,56,投,登録外,40,2026-08-02,2026-08-03,NPB出場選手登録の取得済み日を集計。未取得日は登録日数に含めない。
2026,2026-08-06,中野 拓夢,阪神,7,内,登録中,132,2026-08-04,,NPB出場選手登録の取得済み日を集計。未取得日は登録日数に含めない。
2026,2026-08-06,伊藤 将司,阪神,27,投,登録中,46,2026-08-04,2026-07-19,NPB出場選手登録の取得済み日を集計。未取得日は登録日数に含めない。
2026,2026-08-06,伏見 寅威,阪神,17,捕,登録中,110,2026-08-04,2026-06-22,NPB出場選手登録の取得済み日を集計。未取得日は登録日数に含めない。
2026,2026-08-06,佐藤 輝明,阪神,8,内,登録中,132,2026-08-04,,NPB出場選手登録の取得済み日を集計。未取得日は登録日数に含めない。
2026,2026-08-06,元山 飛優,阪神,00,内,登録中,46,2026-08-04,2026-06-08,NPB出場選手登録の取得済み日を集計。未取得日は登録日数に含めない。
2026,2026-08-06,前川 右京,阪神,58,外,登録中,86,2026-08-04,2026-07-18,NPB出場選手登録の取得済み日を集計。未取得日は登録日数に含めない。
2026,2026-08-06,及川 雅貴,阪神,37,投,登録中,93,2026-08-04,2026-07-13,NPB出場選手登録の取得済み日を集計。未取得日は登録日数に含めない。
2026,2026-08-06,坂本 誠志郎,阪神,12,捕,登録中,132,2026-08-04,,NPB出場選手登録の取得済み日を集計。未取得日は登録日数に含めない。
2026,2026-08-06,大山 悠輔,阪神,3,内,登録中,132,2026-08-04,,NPB出場選手登録の取得済み日を集計。未取得日は登録日数に含めない。
2026,2026-08-06,小幡 竜平,阪神,38,内,登録中,106,2026-08-04,2026-07-01,NPB出場選手登録の取得済み日を集計。未取得日は登録日数に含めない。
2026,2026-08-06,岩崎 優,阪神,13,投,登録中,132,2026-08-04,,NPB出場選手登録の取得済み日を集計。未取得日は登録日数に含めない。
2026,2026-08-06,工藤 泰成,阪神,49,投,登録中,122,2026-08-04,,NPB出場選手登録の取得済み日を集計。未取得日は登録日数に含めない。
2026,2026-08-06,才木 浩人,阪神,35,投,登録中,127,2026-08-04,,NPB出場選手登録の取得済み日を集計。未取得日は登録日数に含めない。
2026,2026-08-06,早川 太貴,阪神,51,投,登録中,40,2026-08-04,2026-05-06,NPB出場選手登録の取得済み日を集計。未取得日は登録日数に含めない。
2026,2026-08-06,木下 里都,阪神,54,投,登録中,88,2026-08-04,2026-04-27,NPB出場選手登録の取得済み日を集計。未取得日は登録日数に含めない。
2026,2026-08-06,村上 頌樹,阪神,41,投,登録中,132,2026-08-04,,NPB出場選手登録の取得済み日を集計。未取得日は登録日数に含めない。
2026,2026-08-06,梅野 隆太郎,阪神,2,捕,登録中,89,2026-08-04,2026-06-10,NPB出場選手登録の取得済み日を集計。未取得日は登録日数に含めない。
2026,2026-08-06,森下 翔太,阪神,1,外,登録中,132,2026-08-04,,NPB出場選手登録の取得済み日を集計。未取得日は登録日数に含めない。
2026,2026-08-06,植田 海,阪神,62,内,登録中,132,2026-08-04,,NPB出場選手登録の取得済み日を集計。未取得日は登録日数に含めない。
2026,2026-08-06,熊谷 敬宥,阪神,4,内,登録中,132,2026-08-04,,NPB出場選手登録の取得済み日を集計。未取得日は登録日数に含めない。
2026,2026-08-06,神宮 僚介,阪神,95,投,登録中,20,2026-08-04,,NPB出場選手登録の取得済み日を集計。未取得日は登録日数に含めない。
2026,2026-08-06,福島 圭音,阪神,92,外,登録中,114,2026-08-04,2026-05-30,NPB出場選手登録の取得済み日を集計。未取得日は登録日数に含めない。
2026,2026-08-06,立石 正広,阪神,9,内,登録中,47,2026-08-04,2026-06-17,NPB出場選手登録の取得済み日を集計。未取得日は登録日数に含めない。
2026,2026-08-06,糸原 健斗,阪神,33,内,登録中,50,2026-08-04,2026-07-01,NPB出場選手登録の取得済み日を集計。未取得日は登録日数に含めない。
2026,2026-08-06,近本 光司,阪神,5,外,登録中,57,2026-08-04,2026-04-27,NPB出場選手登録の取得済み日を集計。未取得日は登録日数に含めない。
2026,2026-08-06,門別 啓人,阪神,30,投,登録中,49,2026-08-04,2026-06-13,NPB出場選手登録の取得済み日を集計。未取得日は登録日数に含めない。
2026,2026-08-06,髙寺 望夢,阪神,67,内,登録中,132,2026-08-04,,NPB出場選手登録の取得済み日を集計。未取得日は登録日数に含めない。
2026,2026-08-06,Ａ．セベリーノ,阪神,97,投,登録中,22,2026-08-04,,NPB出場選手登録の取得済み日を集計。未取得日は登録日数に含めない。
2026,2026-08-06,Ｄ．ガルシア,阪神,94,外,登録中,12,2026-08-04,,NPB出場選手登録の取得済み日を集計。未取得日は登録日数に含めない。
2026,2026-08-06,Ｒ．ドリス,阪神,98,投,登録中,132,2026-08-04,,NPB出場選手登録の取得済み日を集計。未取得日は登録日数に含めない。
2026,2026-08-06,下村 海翔,阪神,19,投,登録外,11,2026-08-02,2026-08-03,NPB出場選手登録の取得済み日を集計。未取得日は登録日数に含めない。
2026,2026-08-06,中川 勇斗,阪神,68,捕,登録外,28,2026-04-22,2026-04-23,NPB出場選手登録の取得済み日を集計。未取得日は登録日数に含めない。
2026,2026-08-06,井坪 陽生,阪神,40,外,登録外,6,2026-05-08,2026-05-09,NPB出場選手登録の取得済み日を集計。未取得日は登録日数に含めない。
2026,2026-08-06,今朝丸 裕喜,阪神,28,投,登録外,27,2026-07-15,2026-07-16,NPB出場選手登録の取得済み日を集計。未取得日は登録日数に含めない。
2026,2026-08-06,伊原 陵人,阪神,18,投,登録外,35,2026-07-25,2026-07-26,NPB出場選手登録の取得済み日を集計。未取得日は登録日数に含めない。
2026,2026-08-06,大竹 耕太郎,阪神,21,投,登録外,79,2026-07-20,2026-07-21,NPB出場選手登録の取得済み日を集計。未取得日は登録日数に含めない。
2026,2026-08-06,富田 蓮,阪神,50,投,登録外,2,2026-04-28,2026-04-29,NPB出場選手登録の取得済み日を集計。未取得日は登録日数に含めない。
2026,2026-08-06,小野寺 暖,阪神,60,外,登録外,38,2026-07-05,2026-07-06,NPB出場選手登録の取得済み日を集計。未取得日は登録日数に含めない。
2026,2026-08-06,岡城 快生,阪神,34,外,登録外,56,2026-07-12,2026-07-13,NPB出場選手登録の取得済み日を集計。未取得日は登録日数に含めない。
2026,2026-08-06,岡留 英貴,阪神,64,投,登録外,1,2026-06-17,2026-06-18,NPB出場選手登録の取得済み日を集計。未取得日は登録日数に含めない。
2026,2026-08-06,岩貞 祐太,阪神,14,投,登録外,12,2026-04-25,2026-04-26,NPB出場選手登録の取得済み日を集計。未取得日は登録日数に含めない。
2026,2026-08-06,島田 海吏,阪神,53,外,登録外,13,2026-06-11,2026-06-12,NPB出場選手登録の取得済み日を集計。未取得日は登録日数に含めない。
2026,2026-08-06,嶋村 麟士朗,阪神,85,捕,登録外,94,2026-07-19,2026-07-20,NPB出場選手登録の取得済み日を集計。未取得日は登録日数に含めない。
2026,2026-08-06,木浪 聖也,阪神,0,内,登録外,109,2026-07-12,2026-07-13,NPB出場選手登録の取得済み日を集計。未取得日は登録日数に含めない。
2026,2026-08-06,桐敷 拓馬,阪神,47,投,登録外,76,2026-06-25,2026-06-26,NPB出場選手登録の取得済み日を集計。未取得日は登録日数に含めない。
2026,2026-08-06,椎葉 剛,阪神,26,投,登録外,36,2026-06-09,2026-06-10,NPB出場選手登録の取得済み日を集計。未取得日は登録日数に含めない。
2026,2026-08-06,榮枝 裕貴,阪神,39,捕,登録外,26,2026-07-08,2026-07-09,NPB出場選手登録の取得済み日を集計。未取得日は登録日数に含めない。
2026,2026-08-06,津田 淳哉,阪神,66,投,登録外,49,2026-07-23,2026-07-24,NPB出場選手登録の取得済み日を集計。未取得日は登録日数に含めない。
2026,2026-08-06,湯浅 京己,阪神,65,投,登録外,78,2026-06-11,2026-06-12,NPB出場選手登録の取得済み日を集計。未取得日は登録日数に含めない。
2026,2026-08-06,濱田 太貴,阪神,32,外,登録外,58,2026-08-01,2026-08-02,NPB出場選手登録の取得済み日を集計。未取得日は登録日数に含めない。
2026,2026-08-06,畠 世周,阪神,36,投,登録外,40,2026-06-13,2026-06-14,NPB出場選手登録の取得済み日を集計。未取得日は登録日数に含めない。
2026,2026-08-06,百﨑 蒼生,阪神,56,内,登録外,5,2026-07-03,2026-07-04,NPB出場選手登録の取得済み日を集計。未取得日は登録日数に含めない。
2026,2026-08-06,石黒 佑弥,阪神,63,投,登録外,80,2026-07-17,2026-07-18,NPB出場選手登録の取得済み日を集計。未取得日は登録日数に含めない。
2026,2026-08-06,茨木 秀俊,阪神,48,投,登録外,15,2026-05-20,2026-05-21,NPB出場選手登録の取得済み日を集計。未取得日は登録日数に含めない。
2026,2026-08-06,西 勇輝,阪神,16,投,登録外,35,2026-06-14,2026-06-15,NPB出場選手登録の取得済み日を集計。未取得日は登録日数に含めない。
2026,2026-08-06,髙橋 遥人,阪神,29,投,登録外,103,2026-07-22,2026-07-23,NPB出場選手登録の取得済み日を集計。未取得日は登録日数に含めない。
2026,2026-08-06,Ｃ．ディベイニー,阪神,24,内,登録外,18,2026-06-07,2026-06-08,NPB出場選手登録の取得済み日を集計。未取得日は登録日数に含めない。
2026,2026-08-06,Ｃ．ラグズデール,阪神,46,投,登録外,3,2026-05-23,2026-05-24,NPB出場選手登録の取得済み日を集計。未取得日は登録日数に含めない。
2026,2026-08-06,Ｄ．モレッタ,阪神,99,投,登録外,65,2026-07-28,2026-07-29,NPB出場選手登録の取得済み日を集計。未取得日は登録日数に含めない。
2026,2026-08-06,Ｅ．ルーカス,阪神,42,投,登録外,16,2026-04-16,2026-04-17,NPB出場選手登録の取得済み日を集計。未取得日は登録日数に含めない。
