シーズン,集計基準日,リーグ,順位,球団,試合数,勝,敗,引分,勝率,ゲーム差,得点,失点,得失点差,本塁打,盗塁,チーム打率,チーム防御率,残り試合,データの説明
2026,2026-10-01,セ,1,阪神,137,77,59,1,0.566,M3,507,423,84,122,67,0.248,2.81,6,NPB順位表の集計値。
2026,2026-10-01,セ,2,巨人,140,76,62,2,0.551,2,481,432,49,101,99,0.235,2.78,3,NPB順位表の集計値。
2026,2026-10-01,セ,3,DeNA,141,69,69,3,0.5,7,550,509,41,125,49,0.246,3.3,2,NPB順位表の集計値。
2026,2026-10-01,セ,4,広島,138,58,76,4,0.433,9,411,507,-96,88,72,0.223,3.42,5,NPB順位表の集計値。
2026,2026-10-01,セ,5,ヤクルト,139,59,78,2,0.431,0.5,435,557,-122,82,96,0.236,3.72,4,NPB順位表の集計値。
2026,2026-10-01,セ,6,中日,141,59,80,2,0.424,1,474,488,-14,120,51,0.229,3.28,2,NPB順位表の集計値。
2026,2026-10-01,パ,,ソフトバンク,139,89,47,3,0.654,-,693,442,251,156,73,0.263,2.89,4,NPB順位表の集計値。
2026,2026-10-01,パ,2,西武,141,77,60,4,0.562,12.5,493,463,30,108,54,0.245,2.9,2,NPB順位表の集計値。
2026,2026-10-01,パ,3,日本ハム,142,77,62,3,0.554,1,588,528,60,177,73,0.248,3.39,1,NPB順位表の集計値。
2026,2026-10-01,パ,4,オリックス,142,65,75,2,0.464,12.5,483,599,-116,96,42,0.242,3.94,1,NPB順位表の集計値。
2026,2026-10-01,パ,5,ロッテ,137,61,73,3,0.455,1,482,566,-84,123,45,0.236,3.87,6,NPB順位表の集計値。
2026,2026-10-01,パ,6,楽天,139,56,82,1,0.406,7,460,543,-83,100,68,0.239,3.65,4,NPB順位表の集計値。
